gname,alias,ra,dec,glong,glat,plx,e_plx,mux,e_mux,muy,e_muy,vlsr,e_vlsr,Upec,Vpec,Wpec,is_tooclose,is_outlier
G359.13+00.03,,265.85671208333326,-29.654875277777784,359.1373497015032,0.03164965568619413,0.165,0.031,-3.98,0.36,-6.5,0.79,-1.0,10.0,-1.7873170969208025,-146.87468209449597,7.431825514314856,1,0
G359.93-00.14,,266.5079929166666,-29.066298333333336,359.9358046522043,-0.14465979579567287,0.181,0.029,-1.33,0.44,-1.8,0.78,-10.0,10.0,-9.010694943342811,-9.78181629843283,13.155272127357987,1,0
G000.37+00.03,,266.58917166666663,-28.59439472222222,0.37587051594994725,0.03998288982206162,0.125,0.047,-0.77,0.28,-2.67,0.4,37.0,10.0,33.82006995377913,10.132521459569716,-14.385856375414633,1,0
G000.67-00.03,SgrB2,266.8333333333333,-28.37777777777778,0.6723936512495867,-0.031085589754245226,0.129,0.012,-0.78,0.4,-4.26,0.4,62.0,5.0,47.05104391461594,27.873232947675177,-47.568471355624084,1,0
G001.00-00.23,,267.23035208333334,-28.196733333333334,1.0080088997502155,-0.23691464594107528,0.09,0.057,-3.87,0.28,-6.23,0.56,2.0,5.0,7.535440552509656,-114.87108052686081,11.856781823290692,1,0
G001.14-00.12,,267.2022541666667,-28.019819444444447,1.1468590971627388,-0.12451539666452208,0.194,0.161,0.82,0.33,-3.59,0.69,-16.0,3.0,-17.36090791002289,-24.51024745015073,-26.940349422981214,0,1
G002.70+00.04,,267.9415691666667,-26.599186111111113,2.703329806207946,0.04008424737831133,0.101,0.105,-3.13,0.87,-9.36,1.24,93.0,5.0,100.84710503994064,-174.48649274891517,-39.55055258231862,1,0
G009.21-00.20,,271.72017541666673,-21.074410555555556,9.214501562373684,-0.20178401986576255,0.303,0.096,-0.41,0.45,-1.69,0.5,43.0,5.0,25.110961161127936,-2.2610327942030892,1.7707275662072837,0,0
G009.62+00.19,,271.5610833333334,-20.52547222222222,9.621176471063592,0.19579350539472196,0.194,0.023,-0.58,0.13,-2.49,0.29,2.0,3.0,-37.546712876976166,-27.2045762125461,-8.79264918492649,1,0
G010.32-00.15,,272.2560620833333,-20.085514999999997,10.322582065798148,-0.15976309095023986,0.343,0.035,-1.03,0.36,-2.42,0.5,10.0,5.0,-5.811330703132547,-22.79390558317607,4.445263657323925,0,0
G010.47+00.02,,272.1592875,-19.86396166666667,10.472275231547771,0.027186927300817815,0.117,0.008,-3.86,0.19,-6.4,0.14,69.0,5.0,24.95477281012087,-26.153792690732246,18.97212986554307,1,0
G010.62-00.33,,272.57493708333334,-19.90129055555556,10.628762401846714,-0.33293427419314275,0.362,0.076,-0.36,0.39,-1.86,0.38,-6.0,5.0,-22.144944905832897,-14.987922619668439,1.177800665791377,0,1
G010.62-00.38,,272.61901166666667,-19.930205,10.623443843526005,-0.3831828909830312,0.202,0.019,-0.37,0.5,-0.6,0.25,-3.0,5.0,-60.143304585175024,5.284345110630937,9.025759001202331,1,0
G012.02-00.03,,273.00766666666664,-18.532166666666665,12.0253782206583,-0.031360968405016364,0.106,0.008,-4.11,0.11,-7.76,0.28,108.0,5.0,20.11695479627188,37.315992318008654,2.3488877026425348,1,0
G015.66-00.49,,275.2489458333333,-15.552722222222222,15.665337907741977,-0.4989202772567488,0.22,0.029,-1.16,0.24,-5.3,0.3,-4.0,5.0,-18.085109990895138,-86.41884107602127,-22.432182747429163,0,1
G016.86-02.15,,277.35170208333335,-15.267816944444444,16.863852816256305,-2.158718684011113,0.426,0.092,0.32,0.49,-2.48,0.56,17.0,3.0,-4.077514713994817,-8.689765058903333,-6.658994819279595,0,0
G017.02-02.40,,277.65122124999994,-15.241217777777777,17.02111143842585,-2.4026814379453247,0.531,0.108,0.1,0.61,-2.81,0.76,22.0,3.0,5.870782425471648,-6.537552428567608,-3.707074527078275,0,0
G019.00-00.02,,276.4365741666667,-12.379412777777778,19.00861898230549,-0.02927879524970525,0.247,0.063,-1.77,0.29,-4.0,0.42,56.0,5.0,26.20930307718943,-30.12659960737517,2.8722751299703777,0,1
G019.36-00.03,,276.607415,-12.06479638888889,19.364794581204375,-0.030218659385238107,0.352,0.069,-1.12,0.38,-2.5,0.46,27.0,3.0,-0.1760301753267763,-14.920876519638512,5.901858189273274,0,0
G019.49+00.11,,276.53820458333337,-11.880931666666665,19.495878629696847,0.11540813737933626,0.326,0.1,-3.6,0.42,-8.2,1.03,121.0,5.0,119.31904602708491,-38.52750624064848,0.23564580275944813,0,1
G022.35+00.06,,277.93383291666663,-9.370093333333333,22.35649810059656,0.06636008021647362,0.231,0.108,-1.7,0.28,-3.9,0.31,80.0,5.0,43.55706364559968,-7.019863748896995,3.5716475720336245,0,1
G023.25-00.24,,278.63016541666667,-8.713140555555555,23.256667908477972,-0.2405330629180043,0.169,0.051,-1.72,0.23,-4.09,0.28,63.0,3.0,-0.5883035187557386,-29.931137002931422,-0.8025331358555441,1,0
G023.43-00.18,,278.66327916666665,-8.523723611111112,23.439874775875797,-0.18234046517464125,0.17,0.032,-1.93,0.15,-4.11,0.13,97.0,3.0,9.94415866218581,-4.213652206670275,3.0736566191075667,1,0
G023.70-00.19,,278.80150416666663,-8.29431388888889,23.706481409035387,-0.19808948789577602,0.161,0.024,-3.17,0.18,-6.38,0.21,73.0,5.0,51.079145638711424,-57.2789957625929,4.371387516633103,1,0
G024.78+00.08,,279.0523391666667,-7.2030111111111115,24.789784460044235,0.08328615497898524,0.15,0.016,-2.62,0.16,-5.08,0.2,111.0,3.0,10.906020976043468,-3.0105115716498005,7.870455791835408,1,0
G024.85+00.08,,279.07661125,-7.147453888888889,24.85019363114266,0.08744403115578879,0.176,0.016,-2.42,0.19,-5.23,0.26,111.0,5.0,38.53368653822756,-5.5475095868811195,1.3976638278150393,1,0
G025.70+00.04,,279.51310416666666,-6.404219444444445,25.70947641263878,0.04382484083429205,0.098,0.029,-2.89,0.11,-6.2,0.36,93.0,5.0,-12.217447266429167,-15.701381018130405,-3.6104767487316014,1,0
G027.36-00.16,,280.4627375,-5.028734166666666,27.3650187555239,-0.16583551744408356,0.125,0.042,-1.81,0.11,-4.11,0.27,92.0,3.0,-43.22341578750743,-12.9771296701104,-0.8196716586739043,1,0
G029.86-00.04,W43S,281.4982116666667,-2.7518280555555554,29.86235404758307,-0.04430388038070352,0.221,0.03,-2.33,0.26,-5.47,0.31,101.0,3.0,48.708571254733236,-4.03405482519878,-0.8118946826614923,0,1
G029.98+00.10,,281.41650916666663,-2.5757169444444443,29.98178690887367,0.10870528029669775,0.156,0.01,-0.94,0.32,-3.49,0.32,109.0,10.0,-61.72352586901271,14.590072091213557,-14.607933762677835,0,1
G030.19-00.16,,281.7627908333333,-2.5100744444444443,30.198084886374037,-0.16914209901434926,0.212,0.01,-2.08,0.22,-3.8,0.25,108.0,3.0,15.325041316554895,19.755808246601333,10.370013866438757,0,1
G030.22-00.18,,281.7845745833334,-2.4914805555555555,30.224560641098076,-0.18002336531163532,0.284,0.032,-0.87,0.31,-4.7,0.34,113.0,3.0,51.87854640865609,25.486008002376053,-14.581993655978813,0,1
G030.41-00.23,,281.91982874999997,-2.341918611111111,30.419304146675408,-0.23203670427991155,0.253,0.021,-1.98,0.28,-4.07,0.29,103.0,3.0,34.92312248593719,16.757601790072727,5.94150790351655,0,1
G030.78+00.20,,281.70035999999993,-1.8149849999999998,30.788120700992007,0.2035512648483566,0.14,0.032,-1.85,0.16,-3.91,0.19,82.0,5.0,-49.08401001629178,-17.536339308477523,4.001080924395741,0,1
G030.81-00.05,,281.9457295833334,-1.9073377777777778,30.817836048306496,-0.056811463681020746,0.321,0.037,-2.34,0.35,-5.66,0.35,105.0,5.0,68.34102023094243,7.937232295557436,0.7589847937737106,0,1
G032.74-00.07,,282.84109333333333,-0.2017277777777778,32.74399860101673,-0.07561954326359703,0.126,0.016,-3.15,0.27,-6.1,0.29,37.0,10.0,17.373946071193114,-60.24725205636085,8.792533678154927,0,1
G032.79+00.19,,282.62805416666663,-0.033133333333333334,32.79690274874211,0.19085880269231165,0.103,0.031,-2.94,0.24,-6.07,0.25,16.0,10.0,16.029807406659728,-75.1017649669023,1.998404468443809,0,1
G033.39+00.00,,283.06100499999997,0.41510388888888894,33.39324682286976,0.009930293754734967,0.113,0.029,-2.48,0.13,-5.36,0.13,102.0,5.0,-34.27979294335665,-1.9089752179918662,-0.8846455131982758,0,1
G036.11+00.55,,283.8199695833333,3.084831111111111,36.11515249562877,0.552417516017583,0.246,0.056,-1.41,0.26,-3.76,0.27,75.0,5.0,3.403986078165164,9.232028464051183,0.5137828856005333,0,0
G037.47-00.10,,285.0297625,3.9980486111111113,37.478995245362846,-0.10479699963239832,0.088,0.03,-2.63,0.07,-6.19,0.15,58.0,3.0,-7.775113772638347,-8.042919822074651,-14.24829518352609,0,1
G038.03-00.30,,285.4602816666666,4.4052500000000006,38.03751439318483,-0.30030798376774476,0.095,0.022,-3.01,0.06,-6.2,0.11,60.0,3.0,-2.2346194424596493,1.3026715741769976,0.38971681515223455,0,1
G040.62-00.13,,286.50678666666664,6.776705555555555,40.62252629485976,-0.1383352018401078,0.08,0.021,-2.69,0.09,-5.6,0.25,31.0,3.0,-16.533516324385438,-4.56353647664875,-1.7633921235325172,0,1
G049.41+00.32,,290.24670749999996,14.780448055555556,49.41561779563076,0.32574685738368936,0.132,0.031,-3.15,0.17,-4.49,0.66,-12.0,5.0,-16.345397592323952,-72.42139723607761,29.722005350878657,0,1
G049.48-00.36,W51IRS2,290.9159333333333,14.518041666666667,49.48941604341323,-0.368967603608512,0.195,0.071,-2.49,0.14,-5.51,0.16,56.0,3.0,8.836871804946847,-2.944879154971403,-0.39085602651461926,0,0
G073.65+00.19,,304.0913833333333,35.60169277777778,73.65270776749108,0.19422771072774792,0.075,0.02,-2.31,0.17,-4.2,0.23,-76.0,10.0,18.71164720050604,24.45097655636465,-16.415920998028014,0,1
G074.56+00.84,IRAS20143+3634,304.05567375,36.72608888888889,74.5695888585289,0.8457682350457756,0.367,0.083,-3.0,0.81,-4.37,0.98,-1.0,5.0,-1.7948089282564905,-14.418672385180656,8.413168758074251,0,0
G078.12+03.63,IRAS20126+4104,303.60862499999996,41.225747222222225,78.12233662267857,3.6327523931431576,0.645,0.03,-2.06,0.84,0.98,0.84,-6.0,5.0,-34.09817101396986,-16.696624763744637,23.121359111017526,0,1
G098.03+01.44,,325.756,54.93827777777777,98.03586484832445,1.4459922020451168,0.366,0.161,-3.28,1.0,-0.63,1.0,-61.0,5.0,6.240878632134988,-52.28908773569674,22.773942577681275,0,1
G108.59+00.49,,343.1596458333333,60.01441333333333,108.5946502956341,0.49176673738739946,0.405,0.033,-5.56,0.4,-3.4,0.4,-52.0,5.0,45.9559006722652,-4.881301275632836,0.586489379428504,0,1
G110.19+02.47,IRAS22555+6213,344.3741916666666,62.496343611111115,110.19609843675002,2.4761750374699742,0.314,0.07,-2.14,0.68,-0.32,0.77,-63.0,5.0,7.202481442287799,-36.67390645228514,13.44293839659188,0,1
G111.23-01.23,,349.33662000000004,59.47971388888889,111.23496496800085,-1.2381963239292646,0.3,0.081,-4.37,0.6,-2.38,0.6,-53.0,10.0,33.22349739719949,-2.0233933469675947,0.02820999129733437,0,0
G111.54+00.77,NGC7538,348.4389999999999,61.46959722222223,111.5421294899417,0.7769384028762917,0.378,0.017,-2.45,0.4,-2.44,0.4,-57.0,5.0,18.30516975613748,-23.342874283355115,-9.91496267046773,0,1
G136.84+01.16,,42.39002916666666,60.80768888888888,136.84514450512646,1.1674146306121307,0.47,0.115,0.42,0.5,-0.43,0.5,-42.0,5.0,10.910624748004452,-17.965047354806302,5.338617885254729,0,0
G182.67-03.26,,84.86843666666667,24.942207222222226,182.67801276550367,-3.265397302996912,0.157,0.042,0.44,0.35,-0.45,0.36,-7.0,10.0,11.471006708158397,2.613060188702349,11.46449441632426,0,0
G188.79+01.03,IRAS06061-2151,92.27906250000001,21.844833333333334,188.79369548865986,1.0306622558850218,0.496,0.103,-0.1,0.5,-3.91,0.5,-5.0,5.0,14.03747851867693,-17.17160555154703,-9.274867616370468,0,0
G000.31-00.20,G000.31-0.20,266.78795499999995,-28.77118833333334,0.3152592880390072,-0.20083724333908243,0.342,0.042,0.21,0.39,-1.76,0.64,18.0,3.0,17.924062878784397,-6.294641297870186,-6.617400419382797,0,0
G005.88-00.39,G005.88-0.39,270.1261670833333,-24.067937777777775,5.884193454612775,-0.3923617226509042,0.334,0.02,0.18,0.34,-2.26,0.34,9.0,5.0,-2.184514647042701,-13.34232961375983,-9.875296662756451,0,0
G006.79-00.25,G006.79-0.25,270.49063541666663,-23.2095125,6.795315908924413,-0.2572553029452956,0.288,0.021,-0.3,0.3,-1.3,0.31,22.0,5.0,3.7697014700298035,-2.4895914316808216,1.8467668392406864,0,0
G007.47+00.05,G007.47+0.05,270.55492625,-22.46638361111111,7.4706955199311,0.05836478557150925,0.049,0.007,-2.43,0.1,-4.43,0.16,-14.0,10.0,3.9816535125564423,-4.918076581194072,1.0949046105976468,0,1
G008.34-01.00,VXSgr,272.0168791666666,-22.22404611111111,8.344133233567698,-1.001949271180782,0.64,0.04,0.36,0.76,-2.92,0.78,5.0,5.0,-1.7519050259433395,-8.893861911746143,-4.485062210070694,0,0
G011.10-00.11,G011.10-0.10,272.6176958333333,-19.37506,11.109056798808037,-0.1141616285891001,0.364,0.027,-0.2,0.38,-2.0,0.41,29.0,5.0,9.460243291237328,-6.803727866412402,-2.107590029002168,0,0
G011.49-01.48,G011.50-1.49,274.0922195833333,-19.690894166666666,11.497391078678321,-1.4853403015859088,0.8,0.033,1.42,0.52,-0.6,0.65,11.0,3.0,-0.261538128191924,9.95029459555829,-0.8914465327408525,0,0
G011.91-00.61,G011.91-0.61,273.49216874999996,-18.905632777777775,11.917706166890026,-0.6131241747829906,0.297,0.05,0.66,0.69,-1.36,0.75,37.0,5.0,5.4187947975973065,8.322374301930608,-10.786080755397421,0,0
G012.68-00.18,W33B,273.47810708333327,-18.029607777777777,12.68060538759639,-0.1822956124191795,0.416,0.028,-1.0,0.95,-2.85,0.95,58.0,10.0,41.549633028988204,-7.9651959521594335,2.4580965647743858,0,1
G012.81-00.19,W33M,273.55858333333333,-17.919805555555556,12.813647319205213,-0.197000256792044,0.343,0.037,-0.4,0.7,-0.25,0.7,34.0,5.0,3.2708508674724555,13.202220257858414,11.164897827715958,0,0
G012.88+00.48,W33A,272.9643541666666,-17.524836666666666,12.888828423096749,0.4891010634666449,0.404,0.044,0.15,0.43,-2.3,0.52,35.0,7.0,15.444823975742453,-3.928882029968719,-5.90792462100149,0,0
G012.90-00.24,W33A,273.64348583333333,-17.864414166666673,12.900918412281614,-0.2414988120833986,0.408,0.025,0.19,0.4,-2.52,0.4,36.0,5.0,16.802579470378703,-5.667858856514329,-7.804834256598692,0,0
G012.90-00.26,W33A,273.6648808333333,-17.866772777777783,12.908573475865381,-0.260515343411919,0.396,0.032,-0.36,0.4,-2.22,0.4,37.0,5.0,17.20356395722206,-5.691651880168507,-0.8021117570818763,0,0
G013.71-00.08,G013.71-0.08,273.90408916666667,-17.075585555555556,13.712772905190688,-0.08357249590896319,0.264,0.014,-0.29,0.28,-2.16,0.29,44.0,5.0,5.478904738644242,-5.458682046784787,-5.780305162780323,0,0
G013.87+00.28,G013.87+0.28,273.649315,-16.759963611111115,13.873851346076345,0.28123456627745236,0.254,0.024,-0.25,2.0,-2.49,2.0,48.0,10.0,9.096931847906452,-8.072082754174033,-9.530372767695539,0,0
G014.33-00.64,G014.33-0.64,274.72781,-16.797295555555557,14.331809220605823,-0.6449915014717299,0.893,0.101,0.95,1.5,-2.4,1.3,22.0,5.0,11.7974523404754,3.7347618800574764,-2.196696312060485,0,0
G014.63-00.57,G014.63-0.57,274.81475291666663,-16.49605138888889,14.636659788569817,-0.5759736776586776,0.546,0.022,0.22,1.2,-2.07,1.2,19.0,5.0,2.736961356384357,-2.7403455140407402,-2.0855315487897776,0,0
G015.03-00.67,G015.03-0.68,275.10337958333326,-16.193143333333335,15.034454144972516,-0.6771653895354851,0.499,0.026,0.68,0.53,-1.42,0.54,22.0,3.0,0.9689884074953822,4.216077338555635,-3.977361353800678,0,0
G016.58-00.05,G016.58-0.05,275.28785,-14.530154444444447,16.585151904401133,-0.05056506486036847,0.279,0.023,-1.13,0.34,-2.59,0.35,60.0,5.0,22.277305388605605,-7.728109318525327,4.30952096679602,0,0
G017.55-00.12,IRC-10414,275.8246183333333,-13.71309611111111,17.55098166476619,-0.12621787857867428,0.497,0.038,-0.04,1.04,-2.01,1.04,44.0,10.0,21.106594992477046,5.581442051813639,-0.5214927281025439,0,0
G017.63+00.15,G017.63+0.15,275.60992541666667,-13.503319722222223,17.638322059105924,0.15648197284194454,0.669,0.019,-0.26,1.41,-1.53,1.41,25.0,10.0,7.937772285941875,3.7162330101134557,4.678283117479513,0,0
G018.34+01.76,G018.34+1.76,274.4921891666667,-12.123581388888887,18.34134321996305,1.7681359375571692,0.5,0.019,-0.32,0.53,-1.99,0.76,28.0,3.0,5.7672477165121645,-1.464415427490934,2.277396180409472,0,0
G018.87+00.05,G018.87+0.05,276.29730416666666,-12.460151666666668,18.873712001325543,0.05329127411267487,0.297,0.049,-0.17,0.32,-1.9,0.37,39.0,3.0,-3.7523973548618805,-0.6959246360106306,-3.070362504010566,0,0
G023.00-00.41,G023.00-0.41,278.6678333333333,-9.010655555555555,23.009732531257157,-0.4106074690445545,0.205,0.015,-1.72,0.22,-4.12,0.37,79.0,5.0,16.72700292601124,-17.069792101251977,-0.8852809420594667,0,0
G023.20-00.37,G023.20-0.37,278.7299141666666,-8.820890555555556,23.206426993566257,-0.37766312675142266,0.239,0.034,-1.45,0.5,-3.4,0.51,82.0,10.0,24.05466710797817,-1.0375743545008902,2.3092167318769556,0,0
G023.38+00.18,G023.38+0.18,278.3096833333333,-8.399305555555557,23.38904771260075,0.18538132690356354,0.208,0.025,-1.57,0.23,-3.92,0.26,75.0,3.0,12.278072015658898,-15.511033172548025,-0.9670406860282359,0,0
G023.65-00.12,G023.65-0.12,278.7148541666666,-8.305917777777779,23.656704649214,-0.1273173102429206,0.313,0.039,-1.32,0.2,-2.96,0.2,81.0,3.0,35.212106421471034,8.870835179038664,5.108813971484241,0,1
G024.63-00.32,G024.63-0.32,279.34462125,-7.528359166666667,24.634014733998125,-0.3236682101479086,0.242,0.045,-0.31,0.27,-2.73,0.3,43.0,5.0,-18.815814026421073,-10.60607796872904,-10.05982986850728,0,1
G028.14-00.00,G028.14-0.00,280.67745666666667,-4.259757777777779,28.146736114864105,-0.004448489059502129,0.158,0.023,-2.11,0.17,-4.85,0.17,100.0,5.0,0.26341901237243354,-4.9497296921656755,-1.8159357747493345,0,0
G028.30-00.38,G028.30-0.38,281.0915275,-4.294417777777778,28.30461376453355,-0.3875637898243574,0.221,0.022,-1.62,0.23,-3.97,0.23,87.0,5.0,14.390747649550958,0.7410539817901451,-0.2601015041529564,0,0
G028.39+00.08,G028.39-0.08,280.7165925,-3.998470555555556,28.39696032379618,0.0803015348553419,0.231,0.015,-1.4,0.24,-3.26,0.24,75.0,5.0,-1.6218616820238243,0.8604880142749494,3.151999688471107,0,0
G028.83-00.25,G028.83-0.25,281.2128604166667,-3.763438333333333,28.832263978205695,-0.2527226235153818,0.2,0.04,-1.89,0.22,-4.53,0.22,87.0,5.0,19.530525554781537,-6.872705026903617,-0.8122239035621757,0,0
G028.86+00.06,G028.86+0.07,280.9425970833333,-3.5916238888888894,28.86189583762602,0.06568572107888841,0.201,0.019,-3.19,0.42,-5.72,0.48,100.0,10.0,54.06338969754903,-15.673481720295143,13.304496525396452,0,1
G029.95-00.01,W43S,281.51558416666666,-2.6562022222222224,29.95535735860859,-0.01609362155956864,0.207,0.019,-2.36,0.2,-5.38,0.2,99.0,5.0,39.929344556135725,-5.828814352156911,-0.012254788544554529,0,1
G030.70-00.06,G030.70-0.06,281.90332624999996,-2.0150947222222224,30.702612637379612,-0.06826033982916073,0.153,0.02,-2.33,0.18,-4.95,0.18,89.0,3.0,-8.31289356238148,-14.066147286474887,2.3914958312478385,0,0
G030.74-00.04,G030.74-0.04,281.90718666666663,-1.9652705555555556,30.74870960107436,-0.048962552178467726,0.326,0.055,-2.38,0.38,-4.46,0.38,88.0,3.0,47.42330916868749,7.057332250534387,9.142069010874309,0,1
G030.97-00.14,G030.97-0.14,282.09184708333333,-1.8085416666666665,30.972373449134494,-0.14170442807291,0.294,0.022,-2.14,0.31,-3.82,0.34,77.0,3.0,25.535288989165256,2.4234445758097536,10.49575603040526,0,1
G031.24-00.11,G031.24-0.11,282.18783666666667,-1.5536666666666668,31.242956031992385,-0.11083787919714606,0.076,0.014,-2.8,0.19,-5.54,0.19,24.0,10.0,-16.316574874407205,-24.85494951689907,5.922433129974908,0,1
G031.28+00.06,W43M,282.05156666666664,-1.4413272222222222,31.280793161088436,0.06163046197692942,0.184,0.017,-1.99,0.19,-4.58,0.22,110.0,5.0,8.969266184241748,14.471641111187921,0.06087636626711124,0,0
G031.41+00.30,G031.41+0.30,281.89296041666665,-1.2129608333333335,31.411680178447348,0.3069107392290935,0.267,0.029,-1.58,0.7,-5.82,0.7,97.0,15.0,52.74605773862111,0.451095576485244,-13.207424667658785,0,0
G031.58+00.07,W43M,282.1736416666667,-1.1666038888888888,31.580940884016176,0.07833223058323738,0.183,0.032,-1.97,0.4,-4.43,0.4,96.0,5.0,4.492060525432935,4.039526338199835,1.5952218108131726,0,0
G032.04+00.05,G032.04+0.05,282.40239749999995,-0.7626497222222223,32.044751441002475,0.05901306308858758,0.198,0.015,-2.05,0.21,-4.77,0.21,98.0,5.0,15.887290295957571,4.154262518446444,-0.19046587131402504,0,0
G033.09-00.07,G033.09-0.07,282.99753541666666,0.10951722222222224,33.09233817699092,-0.07292822935478745,0.134,0.016,-2.46,0.15,-5.32,0.15,100.0,5.0,-20.93548613230701,-2.8735538730241785,-0.24345896074867746,0,1
G033.64-00.22,G033.64-0.22,283.38567916666665,0.5275277777777778,33.641353299674236,-0.22774335942656015,0.131,0.02,-3.1,0.15,-6.27,0.14,60.0,3.0,20.94075075314862,-37.29500489857696,4.354008556927383,0,1
G034.41+00.23,G034.41+0.23,283.32513291666663,1.4237500000000003,34.411347255476784,0.23484880798495683,0.34,0.011,0.12,0.72,-4.18,0.72,60.0,10.0,8.477263325241402,4.215169635117633,-19.755221573556273,0,0
G034.79-01.38,G034.79-1.38,284.94159916666666,1.0219297222222221,34.79129841043613,-1.386534296931711,0.381,0.02,-0.31,0.62,-2.8,0.72,45.0,5.0,-6.06541086174418,4.471392422102667,-4.991627684614448,0,0
G035.02+00.34,G035.02+0.34,283.50273999999996,2.0220047222222224,35.02473625223476,0.3496880117017388,0.43,0.04,-0.92,0.9,-3.61,0.9,52.0,5.0,12.661975471799579,4.959471554924534,-0.674207642961397,0,0
G035.19-00.74,G035.20-0.74,284.5543820833333,1.676576111111111,35.19702269335042,-0.7432143222481172,0.456,0.045,-0.18,0.5,-3.63,0.5,30.0,7.0,-3.2052304977620802,-7.239820910836357,-7.341623481418704,0,0
G035.20-01.73,G035.20-1.73,285.4397583333333,1.2257472222222223,35.20026749469471,-1.7365020254432326,0.412,0.014,-0.68,0.44,-3.6,0.44,43.0,5.0,3.295784299162884,-2.0558162125475974,-4.634398628679012,0,0
G035.79-00.17,G035.79-0.17,284.3203770833333,2.4661130555555557,35.79270976116863,-0.17467486124400444,0.113,0.013,-2.96,0.12,-6.23,0.14,61.0,5.0,4.540515149698824,-18.823963241883177,-0.7633147217929146,0,0
G037.42+01.51,G037.43+1.52,283.55978374999995,4.6943463888888886,37.42959860980132,1.5171744279328931,0.532,0.021,-0.45,0.35,-3.69,0.39,41.0,3.0,7.925729937892453,3.8807504857807373,-2.6570033210073465,0,0
G038.11-00.22,G038.11-0.22,285.43396375,4.510388888888889,38.11898310051321,-0.2288543184845349,0.242,0.035,-2.79,0.27,-5.25,0.31,76.0,5.0,27.8213230098802,-5.344495688897723,9.271080704021058,0,0
G040.28-00.21,G040.28-0.21,286.4217275,6.4368605555555565,40.2818472660697,-0.2194082499129248,0.297,0.019,-1.8,0.31,-3.82,0.33,74.0,5.0,7.0294158604583785,14.81347768897291,5.382859298907746,0,0
G040.42+00.70,G040.42+0.70,285.66508000000005,6.985847777777779,40.42504894497153,0.7001418836757184,0.078,0.013,-2.95,0.09,-5.48,0.1,10.0,5.0,-2.15412393009864,2.090047451962363,14.399244140230167,0,1
G041.15-00.20,G041.15-0.20,286.80986499999995,7.221673611111111,41.15598508592042,-0.20088804170370891,0.125,0.018,-2.79,0.14,-5.85,0.16,60.0,3.0,-4.009266167020315,-15.67479222933477,0.03494760488272419,0,0
G041.22-00.19,G041.22-0.19,286.83907166666665,7.2855875,41.226062958855465,-0.1972047771246814,0.113,0.022,-2.82,0.13,-5.89,0.16,59.0,5.0,-6.502114694814488,-11.23757640964942,-0.24210189684791317,0,0
G042.03+00.19,G042.03+0.19,286.8674308333333,8.181509166666668,42.034420659047015,0.19012662417462636,0.071,0.012,-2.4,0.09,-5.64,0.11,12.0,5.0,-8.18324213167663,33.3601822774921,-21.503066120363894,0,1
G043.03-00.45,G043.03-0.45,287.91242458333335,8.775184722222223,43.03800702376548,-0.45294778054078455,0.13,0.019,-3.03,0.15,-6.56,0.2,56.0,5.0,23.895546033254174,-9.146243736084216,-4.519676013883323,0,0
G043.16+00.01,W49N,287.55587499999996,9.103555555555557,43.16640518860843,0.011163502230476451,0.09,0.007,-2.88,0.2,-5.41,0.2,10.0,5.0,-4.731435348723644,-14.739972155368207,10.912681104593709,0,0
G043.79-00.12,OH43.8-0.1,287.974945,9.597312500000003,43.79539199884004,-0.1272371060397677,0.166,0.01,-3.02,0.36,-6.2,0.36,44.0,10.0,21.22149291924965,-31.07004183230626,2.502749965509599,0,0
G043.89-00.78,G043.89-0.78,288.60996083333333,9.376824444444445,43.890437146644295,-0.7844063956407018,0.134,0.013,-3.11,0.15,-5.35,0.21,52.0,3.0,-10.099296307863812,-19.25789421380361,16.893097376762853,0,0
G045.07+00.13,G045.07+0.13,288.34184458333334,10.848148888888892,45.07115896295704,0.13234463759873824,0.129,0.007,-3.21,0.26,-6.11,0.26,59.0,5.0,9.535354322304217,1.4746185349291636,8.435026604617903,0,0
G045.45+00.06,G045.45+0.05,288.5886075,11.154408888888891,45.45486514647116,0.05996026424078869,0.119,0.017,-2.34,0.38,-6.0,0.54,55.0,7.0,-9.245105841527852,-3.433872288578982,-19.38548067226145,0,0
G045.49+00.12,G045.49+0.12,288.54731375000006,11.218436111111114,45.49274981854154,0.12557457025306218,0.144,0.024,-2.62,0.17,-5.61,0.16,58.0,3.0,-5.754818379613717,-11.58510647037977,-0.8184824289295332,0,0
G045.80-00.35,G045.80-0.35,289.12949791666665,11.269995833333335,45.804085794663436,-0.3558613706076123,0.137,0.023,-2.52,0.17,-6.08,0.27,64.0,5.0,1.8248987835611323,-1.2094030474164867,-12.159575876609313,0,0
G046.25-01.47,G046.26-1.48,290.35473333333334,11.144775,46.256067740991504,-1.4765490403291515,0.121,0.015,-3.04,0.22,-5.84,0.28,28.0,10.0,7.550621196867196,-23.479806493810514,5.40467807640343,0,0
G048.60+00.02,G048.61+0.01,290.1298999999999,13.923669444444442,48.60614182320978,0.023040405947408762,0.093,0.005,-2.89,0.13,-5.5,0.13,18.0,5.0,-5.286632241465555,12.504438502113487,6.348720435229996,0,1
G048.99-00.29,G048.99-0.30,290.60889499999996,14.110870277777778,48.990016161571475,-0.29892431112746737,0.178,0.017,-2.2,0.48,-5.84,0.63,67.0,10.0,1.4119751054114467,4.903358873345013,-13.514629802614039,0,0
G049.04-01.07,G049.04-1.07,291.34270999999995,13.788756944444444,49.042950897434245,-1.0787598378571701,0.164,0.022,-3.23,0.23,-6.42,0.43,38.0,5.0,27.89325078379511,-20.80348120882948,2.0310485209246103,0,0
G049.19-00.33,G049.19-0.34,290.7407104166667,14.269439722222224,49.190121363031665,-0.3367997694748615,0.197,0.008,-3.08,0.4,-5.5,0.4,67.0,5.0,8.606878164495077,5.292459654568887,10.599547741282384,0,0
G049.26+00.31,G049.26+0.31,290.18690458333333,14.640795555555556,49.26516263412598,0.31116841234938347,0.113,0.016,-2.73,0.15,-5.85,0.19,0.0,5.0,14.324142946244242,-32.55413141288366,-5.791075663984932,0,1
G049.34+00.41,G049.34+0.41,290.1351966666667,14.762608333333334,49.349203730217596,0.41254508958508773,0.241,0.031,-2.36,0.26,-5.59,0.33,68.0,5.0,13.241795133500794,9.197150714591515,-1.9288377592941348,0,0
G049.48-00.38,W51M,290.9327916666666,14.508194444444445,49.48845380190986,-0.3880043314490998,0.185,0.01,-2.64,0.2,-5.11,0.2,58.0,4.0,-8.57598131308193,-2.915308651351438,5.481111808534267,0,0
G049.59-00.24,G049.59-0.24,290.86086166666666,14.671376388888888,49.599361013324554,-0.24953430172254354,0.218,0.009,-2.25,0.24,-6.12,0.25,63.0,5.0,15.575283072464256,2.0992954840612015,-11.855721751579946,0,0
G052.10+01.04,G052.10+1.04,290.90550499999995,17.4862325,52.10051753542083,1.0427643128815773,0.165,0.013,-2.77,1.4,-5.85,1.4,42.0,40.0,6.01942901881102,-9.104878575426397,-0.7020195531119011,0,0
G054.10-00.08,G054.10-0.08,292.9533241666666,18.71586,54.10986843471903,-0.08126041992041073,0.231,0.031,-3.13,0.58,-5.57,0.61,40.0,5.0,11.239190070957413,-9.764769622178648,9.16839332590884,0,0
G055.37+00.18,IRAS19312,293.35101249999997,19.948791666666665,55.370723747861334,0.18554369847933413,0.263,0.05,-2.61,1.0,-6.73,1.0,36.0,7.0,25.253563888620366,-11.911749079146801,-8.316430402986768,0,0
G056.09+02.09,K3-35,291.93342916666666,21.500955555555556,56.09606157555446,2.093703472898855,0.26,0.04,-3.34,0.1,-5.93,0.07,26.0,5.0,17.847010391378042,-19.976972865507662,10.314860732887087,0,1
G058.77+00.64,G058.77+0.64,294.7046954166666,23.144501388888887,58.77478284080131,0.6441243423890506,0.299,0.04,-2.7,0.34,-6.1,0.38,33.0,3.0,15.815921254514638,-6.149687196060029,-1.6463308411465931,0,0
G059.47-00.18,G059.47-0.18,295.8681266666666,23.345145000000002,59.47786832029194,-0.18574369789614978,0.535,0.024,-1.83,1.22,-6.6,1.21,26.0,3.0,14.969387232538008,-4.831000865414268,-6.9467071217691565,0,0
G059.78+00.06,G059.78+0.06,295.79686,23.734241666666673,59.78279539322432,0.06462548893528905,0.463,0.02,-1.5,0.53,-5.12,0.51,23.0,5.0,-0.11273952522552953,-5.523897436221262,-4.625509736004821,0,0
G059.83+00.67,G059.83+0.67,295.2470575,24.078938055555557,59.83284558256524,0.6720377042899001,0.242,0.014,-2.91,0.26,-6.12,0.26,34.0,3.0,16.51186418780088,-3.0971278722502404,-1.4091702389318552,0,0
G060.57-00.18,G060.57-0.18,296.46872874999997,24.29534361111111,60.575485462035,-0.1866045916230899,0.121,0.015,-3.26,0.15,-5.66,0.15,4.0,5.0,17.238369805595553,9.716763241292654,7.267080391969264,0,0
G069.54-00.97,ON1,302.53779166666664,31.526652777777777,69.54015475880628,-0.9755753368750333,0.406,0.013,-3.19,0.4,-5.22,0.4,12.0,5.0,6.8335118877116265,-7.848337420384979,6.151327862045439,0,0
G070.18+01.74,G070.18+1.74,300.22703083333334,33.52450666666666,70.18112987671326,1.7402339351279177,0.156,0.016,-2.82,0.16,-5.17,0.19,-23.0,5.0,10.836616641709988,-16.50040893070721,-3.008234812157335,0,0
G071.31+00.82,IRAS20056+3350,301.8802470833333,33.994858611111106,71.31267658176284,0.8288975030782504,0.213,0.028,-2.62,0.7,-5.65,0.6,9.0,5.0,6.559368627861973,0.6138568933836268,-10.347941980047857,0,0
G071.52-00.38,G071.52-0.38,303.24122624999995,33.50752305555555,71.52200000846027,-0.3852512949367999,0.277,0.026,-2.48,0.29,-4.97,0.3,11.0,3.0,-4.053704533499331,-4.846732878402207,-3.1806468858399715,0,0
G074.03-01.71,G074.04-1.71,306.2796054166667,34.83266472222223,74.03418534001557,-1.7140695758068842,0.629,0.017,-3.79,1.3,-4.88,1.5,5.0,5.0,8.004762625032816,-8.540986583885086,10.586165041020415,0,0
G075.29+01.32,G075.30+1.32,304.0667166666666,37.59605833333334,75.29661759400169,1.3238331091670008,0.108,0.01,-2.37,0.11,-4.48,0.17,-58.0,5.0,12.223363513366307,1.8130706291812544,-16.719705441042237,0,0
G075.76+00.33,G075.76+0.34,305.4211916666667,37.4248,75.76094109745675,0.3398843021248017,0.285,0.022,-3.08,0.6,-4.56,0.6,-9.0,9.0,0.23932257376844612,-17.319858983266386,6.820772494739028,0,0
G075.78+00.34,ON2N,305.4333833333333,37.44374444444444,75.78202617063077,0.34272075498874843,0.261,0.03,-2.79,0.55,-4.66,0.55,1.0,5.0,-3.6493269701672206,-6.342203450554365,1.549733887649598,0,0
G076.38-00.61,G076.38-0.62,306.85614666666663,37.38012777777778,76.38087891296179,-0.6177468789150884,0.77,0.053,-3.73,3.0,-3.84,3.0,-2.0,5.0,2.5219656346018775,-12.808590798051142,13.17141309246615,0,0
G078.88+00.70,AFGL2591,307.3534291666667,40.18877500000001,78.88664662758207,0.7089349067223036,0.3,0.024,-1.2,0.72,-4.8,0.66,-6.0,7.0,-12.76275318569042,-12.421899292854704,-20.970610984788728,0,0
G079.73+00.99,IRAS20290+4052,307.71113749999995,41.04098333333333,79.73570334687959,0.9904481658389029,0.737,0.062,-2.84,0.79,-4.14,1.06,-3.0,5.0,1.7137134044328401,-11.69555097805673,6.819751361775488,0,0
G079.87+01.17,G079.88+1.18,307.6214333333333,41.26489999999999,79.8768617101513,1.1769480518565139,0.62,0.027,-3.23,1.3,-5.19,1.3,-5.0,10.0,8.871136011350226,-13.322422231033556,4.251534403961104,0,0
G080.79-01.92,NMLCyg,311.60641666666663,40.1165,80.798358751203,-1.920998401854138,0.62,0.047,-1.55,0.57,-4.59,0.57,-3.0,3.0,-2.5221060754196083,-10.910386194094372,-3.7764004847808614,0,0
G080.86+00.38,DR20,309.25399999999996,41.58213888888889,80.86148060638196,0.38329864890127646,0.687,0.038,-3.29,0.73,-4.83,0.77,-3.0,5.0,7.246403371428369,-10.652130863951129,5.952487958356176,0,0
G081.75+00.59,DR21A,309.7583041666666,42.416469444444445,81.75231069833808,0.5907472014271133,0.666,0.035,-2.84,0.45,-3.8,0.47,-3.0,3.0,-0.19816059860266028,-10.117138110767428,7.489576629155767,0,0
G081.87+00.78,W75N,309.651775,42.62633333333334,81.87126092276698,0.7806425959270948,0.772,0.042,-1.97,0.5,-4.16,0.51,7.0,3.0,-0.6535148810461134,-0.15254747225864662,2.102626796159152,0,0
G090.21+02.32,G090.21+2.32,315.5945875,50.05230805555555,90.21041884652509,2.3243263294043786,1.483,0.038,-0.67,1.56,-0.9,1.67,-3.0,5.0,-4.333878626991973,-7.538872326563165,7.060487207705349,0,0
G090.92+01.48,G090.92+1.48,317.30403541666664,50.01768444444445,90.92149156847277,1.4866391508876282,0.171,0.031,-2.96,0.2,-2.61,0.28,-70.0,5.0,4.625549390261477,-34.19298891720706,16.306399105534908,0,1
G092.67+03.07,G092.69+3.08,317.34054999999995,52.376966666666675,92.67110261250686,3.0711369069780137,0.613,0.02,-0.69,1.42,-2.25,1.42,-5.0,10.0,-16.570077778504434,-6.949471855657293,-0.8334298726097131,0,0
G094.60-01.79,AFGL2789,324.99279208333326,50.23916499999999,94.60251907932413,-1.7961221860465217,0.221,0.013,-3.49,0.23,-2.65,0.23,-43.0,3.0,3.6615370311660387,-8.640182709833994,16.54367830351925,0,0
G095.29-00.93,G095.29-0.93,324.9187870833333,51.34244666666667,95.29640928036791,-0.9369260916592836,0.206,0.015,-2.74,0.3,-2.85,0.37,-38.0,5.0,-7.16017847280217,-4.954662911026844,1.4378633426290346,0,0
G097.53+03.18,G097.53+3.18,323.05180958333335,55.89713583333333,97.53059757689884,3.1837137655061762,0.133,0.017,-2.94,0.29,-2.48,0.29,-73.0,5.0,10.084968524451538,4.225845246130518,9.580980675038754,0,0
G100.37-03.57,G100.37-3.57,334.04318791666657,52.359475833333335,100.37795140467924,-3.5784380506319797,0.289,0.016,-3.66,0.6,-3.02,0.6,-37.0,10.0,13.138107328357211,-2.5388087703076962,3.7072692126092024,0,0
G105.41+09.87,G105.42+9.88,325.7770041666666,66.11537222222222,105.4153407995665,9.87819014043937,1.129,0.063,-0.21,1.2,-5.49,1.2,-10.0,5.0,8.237617033941634,-2.138721016091722,-12.227910953348736,0,0
G107.29+05.63,IRAS22198+6336,335.36136666666664,63.86053333333333,107.29814849705511,5.639738909923124,1.288,0.107,-2.47,1.4,0.26,1.4,-11.0,5.0,4.924214749427271,-8.34379469724243,11.467257041062307,0,0
G108.18+05.51,G108.18+5.51,337.2142154166666,64.22811138888889,108.18440412713686,5.5187141741030175,1.092,0.018,0.26,1.15,-2.26,1.2,-11.0,3.0,-1.6326098985800748,-7.5923208129378565,-3.0217090397998145,0,0
G108.20+00.58,G108.20+0.58,342.38115624999995,59.928335,108.20757925425059,0.5885686601049679,0.227,0.037,-2.25,0.5,-1.0,0.5,-49.0,10.0,-9.378203706100795,-14.395717903244986,9.908052304327441,0,0
G108.42+00.89,IRAS22480+6002,342.49531666666667,60.299069444444434,108.4254619510017,0.8938797786704659,0.4,0.05,-2.58,0.6,-1.91,0.5,-51.0,5.0,13.122139149376151,-25.35688902806345,0.8416313446417023,0,1
G108.47-02.81,G108.48-2.80,345.63366666666667,56.964277777777774,108.47140082934065,-2.81828263849846,0.309,0.01,-3.13,0.49,-2.79,0.46,-54.0,5.0,20.480287805824247,-11.951768061230723,-8.187594041968026,0,0
G109.87+02.11,G109.87+2.11,344.07523291666666,62.03043388888888,109.87114054361915,2.1142331144652298,1.228,0.024,-1.03,1.3,-2.62,1.33,-7.0,5.0,3.256590007440542,-1.8685026013860693,0.015844313035911384,0,0
G111.25-00.76,G111.25-0.77,349.04309166666667,59.924609999999994,111.2556473204034,-0.7697600325004578,0.28,0.015,-2.69,0.28,-1.75,0.33,-40.0,3.0,1.4961968917504154,-0.6080980946402974,-2.462380172127375,0,0
G115.05-00.04,PZCas,356.0136733333333,61.78949638888889,115.05817049311926,-0.04780508349368345,0.356,0.04,-3.7,0.78,-2.0,0.81,-36.0,5.0,16.79225739175246,6.837790299722997,-4.59774628167991,0,0
G121.29+00.65,L1287,9.197304166666665,63.48393333333334,121.29772769898064,0.6586746380665055,1.077,0.039,-0.86,1.19,-2.29,1.23,-23.0,5.0,10.044527354176491,-10.770757424420168,-2.0721977830640306,0,0
G122.01-07.08,IRAS00420+5530,11.243320833333334,55.77988888888889,122.01613080261146,-7.080364464508809,0.46,0.02,-3.7,0.5,-1.25,0.5,-50.0,5.0,30.385028991324468,-5.580119575021143,3.2676078850773935,0,0
G123.06-06.30,NGC281,13.10292,56.564035277777776,123.06687111330832,-6.307458387127732,0.355,0.03,-2.79,0.62,-2.14,0.7,-30.0,5.0,6.636228594119864,8.99172800970328,-16.07075292448475,0,0
G123.06-06.30,NGC281W,13.100816666666665,56.56199444444445,123.06571286094899,-6.309503596002619,0.421,0.022,-2.69,0.31,-1.77,0.29,-29.0,3.0,7.772479458112358,4.86437649553838,-7.8430352430244685,0,0
G133.94+01.06,W3OH,36.7659125,61.873675,133.94727176505737,1.0643603638741193,0.512,0.01,-1.2,0.32,-0.15,0.32,-47.0,3.0,20.956569862484802,-11.304565624375982,1.8434587181606945,0,1
G134.62-02.19,SPer,35.71546083333333,58.58651222222223,134.62067979354035,-2.1949947866937314,0.413,0.017,-0.49,0.5,-1.19,0.48,-39.0,5.0,3.504917786582837,-12.490719284381044,-4.98000132522913,0,0
G135.27+02.79,G135.27+2.79,40.869033333333334,62.95233,135.27736804841592,2.7977111744013468,0.167,0.011,-1.22,0.3,0.46,0.36,-72.0,3.0,15.221815798245505,8.680689438150779,1.757878627083179,0,0
G160.14+03.15,G160.14+3.16,75.41768208333333,47.12195166666667,160.14595613846592,3.156587279744636,0.244,0.006,0.87,0.35,-1.32,0.29,-18.0,5.0,-11.189980139365392,-16.051025167055144,5.033170333522385,0,0
G168.06+00.82,G168.06+0.82,79.30726499999999,39.37219861111111,168.06255332305665,0.821792774472923,0.187,0.022,0.44,0.29,-0.78,0.35,-25.0,5.0,6.049688115781788,-5.165562071480025,5.577142452786855,0,0
G170.65-00.24,IRAS05168+3634,80.09195833333332,36.63239722222223,170.65992509395934,-0.24715863540958827,0.532,0.075,0.23,1.2,-3.14,0.6,-19.0,5.0,11.742542832966755,-10.632868618550503,-5.618349473665116,0,0
G173.48+02.44,G173.48+2.44,84.80444083333333,35.76424472222222,173.48170012167827,2.4461502394068226,0.594,0.014,0.62,0.63,-2.34,0.63,-13.0,5.0,8.940332772828311,-5.132320761963314,2.179866699874734,0,0
G174.20-00.07,AFGL5142,82.70007208333334,33.79849111111111,174.20078576569145,-0.0705774365495289,0.467,0.02,0.32,0.56,-0.22,0.68,-2.0,10.0,-1.2599985112891217,11.398873617077953,9.594101663406338,0,0
G176.51+00.20,G176.52+0.20,84.46723041666665,32.00109111111111,176.51553308044686,0.20080473039159558,1.038,0.021,1.84,1.0,-5.86,1.0,-17.0,5.0,15.485576657160742,-15.220663467912146,0.8568088416639696,0,0
G183.72-03.66,G183.72-3.66,85.10094833333333,23.848535555555554,183.72001748339744,-3.664334779789013,0.629,0.012,0.38,1.3,-1.32,1.3,3.0,5.0,-0.4524512963607405,2.464430595009617,4.3734321641663865,0,0
G188.94+00.88,S252,92.22226708333332,21.64141638888889,188.94613651904677,0.8859910867416382,0.476,0.006,-0.32,0.49,-1.94,0.49,8.0,5.0,0.2290834385552206,-4.025155353634858,-3.6999614358992954,0,0
G192.16-03.81,G192.16-3.84,89.556375,16.533027777777775,192.16092268505201,-3.8166167234548865,0.66,0.04,0.7,0.78,-1.8,0.86,5.0,5.0,3.1474655805515925,-4.090335498932063,4.842199945139406,0,0
G192.60-00.04,S255,93.22504166666667,17.98977777777778,192.60026439965375,-0.0480346259467824,0.601,0.039,-0.18,0.6,-0.43,0.6,7.0,5.0,0.36693851652960324,6.868875912756124,5.262697613647874,0,0
G196.45-01.67,S269,93.65441666666668,13.826805555555556,196.45392144831814,-1.6772835839025606,0.242,0.011,0.2,0.27,-0.73,0.27,19.0,5.0,4.58838431715197,-5.229660679741386,3.793279860891568,0,0
G209.00-19.38,Orion,83.81583333333333,-5.387250000000001,209.00710381792572,-19.385407367876443,2.421,0.019,3.13,3.06,-1.1,3.71,3.0,5.0,-0.3388106416087174,-3.3055139865724925,5.37632799129096,0,0
G211.59+01.05,G211.60+1.06,103.18883749999999,1.6730755555555554,211.59287992686757,1.0558432850287698,0.239,0.01,-0.79,0.62,0.05,0.66,45.0,5.0,-4.542880775329565,-3.902211581586158,-4.1594251632348715,0,0
G213.70-12.59,G213.70-12.6,91.94940999999999,-6.382384999999999,213.7048951069795,-12.596933374924088,1.148,0.03,-1.3,1.2,2.2,1.2,11.0,3.0,-5.846315152565044,5.338897836776539,0.9963612726293043,0,0
G217.79+01.05,V838Mon,106.02009041666666,-3.8473988888888893,217.79735918637314,1.0521676307724253,0.163,0.016,-0.54,0.23,0.08,0.17,49.0,5.0,13.279185380563858,-9.812090975706894,-3.2796494802742053,0,0
G229.57+00.15,G229.57+0.15,110.7573825,-14.692871944444445,229.5710310736511,0.1511496337363216,0.218,0.012,-1.33,0.7,0.77,0.7,47.0,10.0,13.811423509260912,-8.837226015324632,-9.157524950646664,0,0
G232.62+00.99,G232.62+1.00,113.04074999999997,-16.97022222222222,232.62047648552957,0.9956623329523018,0.596,0.035,-2.17,0.38,2.09,0.6,21.0,3.0,2.074977454865132,-2.9818370960566654,1.7673440070836905,0,0
G236.81+01.98,G236.81+1.98,116.11765291666666,-20.141835000000004,236.8158559066961,1.9834377864193748,0.326,0.026,-2.49,0.43,2.67,0.41,43.0,5.0,-7.503804395617555,-0.24332059651410987,-1.5862624633220914,0,0
G239.35-05.06,VYCMa,110.74302499999999,-25.767516666666662,239.3525543239775,-5.065400957531599,0.855,0.057,-2.8,0.58,2.6,0.58,20.0,3.0,-0.1641981701435647,-9.753354789703508,-2.2470032729921154,0,0
G240.31+00.07,G240.31+0.07,116.21653166666667,-24.128158888888887,240.31556192003987,0.07129338852107177,0.187,0.014,-1.55,0.5,2.57,0.3,68.0,5.0,-7.224568440033834,0.24622310431530536,6.8695273156144,0,0
G305.20+00.01,G305.20+0.20,197.80416666666662,-62.66666666666667,305.20013220042534,0.11794341636129109,0.25,0.05,-6.9,0.33,-0.52,0.33,-43.0,5.0,-4.799981980132805,-3.9707975795001005,8.307043822058095,0,0
G339.88-01.25,G339.88-1.25,253.01948999999996,-46.14289,339.8839744426684,-1.2588444151556561,0.48,0.08,-1.6,0.52,-1.9,0.52,-34.0,3.0,-7.205197341464225,3.037856166223463,9.247741079891247,0,0
G348.70-01.04,G348.70-1.04,260.0168166666666,-38.975255555555556,348.7036894831859,-1.043576662219392,0.296,0.026,-0.73,0.31,-2.83,0.59,-9.0,5.0,14.050683251222122,-24.650320867159763,-7.661202357119505,0,0
G351.44+00.65,G351.45+0.66,260.2275041666667,-35.75239444444444,351.4449426111547,0.6596624023223397,0.752,0.069,0.31,0.58,-2.17,0.9,-8.0,3.0,0.5053486455869602,1.9636189952987309,-1.3078654663515685,0,0
G359.61-00.24,G359.61-0.24,266.41279041666667,-29.391740277777778,359.6146910246702,-0.24315899246129866,0.375,0.021,1.0,0.4,-1.5,0.5,21.0,5.0,22.349267935425782,1.908150204653566,-12.476620081718742,0,0
