gname,alias,ra,dec,glong,glat,plx,e_plx,mux,e_mux,muy,e_muy,vlsr,e_vlsr,x,x_std,y,y_std,z,z_std,R,R_std,Upec,Upec_std,Vpec,Vpec_std,Wpec,Wpec_std,is_tooclose,is_outlier
G359.13+00.03,,265.85671208333326,-29.654875277777787,359.13734970150324,0.03164965568619413,0.165,0.031,-3.98,0.36,-6.5,0.79,-1.0,10.0,-0.09107138835651866,0.02065327684735344,2.1330477545124924,1.3716438585707489,0.004781615232803772,0.00018181255035166078,2.170932064573873,1.0371379570778234,-2.634630957997745,6.904862684998321,-137.43112058054086,36.59748733333608,7.317913749976767,0.1726273692753926,1,0
G359.93-00.14,,266.5079929166666,-29.066298333333336,359.9358046522043,-0.14465979579567287,0.18100000000000002,0.028999999999999998,-1.33,0.44,-1.8,0.78,-10.0,10.0,-0.006175608977230783,0.0010833082460363886,2.6673939159689226,0.9672450471822918,-0.012102381229584772,0.003102377565701377,2.669401042832791,0.8844178174924789,-9.436642301700525,5.412609736650137,-1.3337442555452697,41.805186073362016,13.34214126166241,0.9120973014859215,1,0
G000.37+00.03,,266.58917166666663,-28.59439472222222,0.3758705159499473,0.03998288982206162,0.125,0.047,-0.77,0.28,-2.67,0.4,37.0,10.0,0.05236528524607603,0.033992235116448714,0.19903385619832897,5.181623225954221,0.005715185644402056,8.559598981269936e-05,1.9987207030514236,4.307586944199027,-0.7670648084388184,41.09456040837765,-21.20759775236337,146.95809252807615,-19.5547345542551,17.93748847097328,1,0
G000.67-00.03,SgrB2,266.8333333333333,-28.37777777777778,0.6723936512495867,-0.031085589754245226,0.129,0.012,-0.78,0.4,-4.26,0.4,62.0,5.0,0.09088406226402365,0.00887745492460888,0.4374011810024127,0.7564215577299717,-0.003887794200686037,0.0009251284149134906,0.6249190059481992,0.46656065304999517,42.043101096813125,61.302138751759635,7.15243998004587,78.32670663284534,-48.52476348007226,5.522703401525078,1,0
G001.00-00.23,,267.23035208333334,-28.19673333333333,1.0080088997502157,-0.2369146459410753,0.09,0.057,-3.87,0.28,-6.23,0.56,2.0,5.0,0.18020222055691695,0.1443463419964922,-2.059933937915489,8.203526100087142,-0.04372924040848659,0.039500558442462474,2.8073504020426734,7.481006885288233,1.3040944335871492,6.705038124375719,-44.245583589652796,246.3227753273104,13.270269373269292,4.126606820458774,1,0
G001.14-00.12,,267.2022541666667,-28.01981944444445,1.1468590971627388,-0.12451539666452208,0.19399999999999998,0.161,0.82,0.33,-3.59,0.69,-16.0,3.0,0.09077007760862019,0.13616965663950228,3.6472890366506308,6.801835888859749,-0.007350969429245345,0.019403512655314894,4.33483289417626,4.8435811724098885,-18.354011778694787,19.55523148385984,-21.502746396116066,101.19423214704908,-46.7392296635555,82.34774123228298,1,0
G002.70+00.04,,267.9415691666667,-26.599186111111113,2.703329806207946,0.04008424737831133,0.10099999999999999,0.105,-3.13,0.87,-9.36,1.24,93.0,5.0,0.3576945899044879,0.4094955022223831,0.6058020137918108,8.67264383516539,0.005780021458334679,0.00022518249635794643,3.352282017121334,7.108230223466051,96.62055592520815,89.82516997493381,-101.69886271441878,371.00503318529024,-66.93908921928414,85.88301882821939,1,0
G009.21-00.20,,271.72017541666673,-21.07441055555556,9.214501562373684,-0.20178401986576253,0.303,0.096,-0.41,0.45,-1.69,0.5,43.0,5.0,0.5300323857677701,0.36922065567828083,4.914104021137378,2.275972564388626,-0.008213407910903511,0.009610806220209784,4.969127335952141,1.571136910796966,20.08412351889098,38.404433752825945,2.81404145898847,45.06692933070051,0.6388177911315873,5.093521872264304,0,0
G009.62+00.19,,271.5610833333334,-20.52547222222222,9.621176471063592,0.195793505394722,0.19399999999999998,0.023,-0.58,0.13,-2.49,0.29,2.0,3.0,0.8588892891817547,0.10803031461988696,3.114664241020078,0.6372846537115243,0.019832779252394704,0.0017922834878201857,3.2309169202194474,0.5561307426139993,-40.12129387630081,16.102333156686715,-22.033753358467806,5.441871706967984,-9.249882113332474,2.175706061048257,1,0
G010.32-00.15,,272.25606208333335,-20.085515,10.322582065798148,-0.15976309095023986,0.34299999999999997,0.035,-1.03,0.36,-2.42,0.5,10.0,5.0,0.5227861133105296,0.05657864902981308,5.3111006383024195,0.310634715496209,-0.004421714799767335,0.0010827977006285115,5.336768247667485,0.3027199779359274,-6.68781000915185,2.546992794842685,-18.645308455629404,2.20251333013649,4.322821188635565,0.40741731464690967,0,0
G010.47+00.02,,272.1592875,-19.863961666666672,10.472275231547773,0.02718692730081781,0.11699999999999999,0.008,-3.86,0.19,-6.4,0.14,69.0,5.0,1.5524088689842908,0.10863411250426715,-0.2173702917232069,0.5877245725687976,0.004168301195801014,9.902016990000636e-05,1.5786390802797439,0.2421549684864529,22.500924710409567,21.25063211156621,-22.308172909081236,7.907491897512296,18.97734378542441,0.7633863318007075,1,0
G010.62-00.33,,272.57493708333334,-19.90129055555556,10.628762401846712,-0.33293427419314275,0.36200000000000004,0.076,-0.36,0.39,-1.86,0.38,-6.0,5.0,0.5086927760508261,0.13554747482706386,5.470738698917859,0.7222790922600478,-0.012206139901072577,0.0047402225430770795,5.494338017654516,0.6773280240676497,-24.282571882947792,10.589342079104346,-11.523124613338851,5.528598198359877,0.5723999282039669,2.0323080523067407,0,1
G010.62-00.38,,272.61901166666667,-19.930204999999997,10.623443843526003,-0.3831828909830312,0.20199999999999999,0.019,-0.37,0.5,-0.6,0.25,-3.0,5.0,0.9119821048623777,0.08879459494783726,3.319286018888911,0.4733931438658422,-0.030664048132071936,0.0035292038569050515,3.4422915383187123,0.4245697137253921,-62.57765565046177,14.66657025804922,10.53446821253516,2.8028449349481828,8.997784393266478,0.07826865246380786,1,0
G012.02-00.03,,273.00766666666664,-18.532166666666665,12.0253782206583,-0.031360968405016364,0.106,0.008,-4.11,0.11,-7.76,0.28,108.0,5.0,1.9651098852487028,0.15137208308931713,-1.0436497421899,0.7106011062170298,-0.005540768525575697,0.0008568870022301168,2.225053178122989,0.4790325995187712,16.307047421400004,28.9346580426538,43.212955406965705,10.306274276064611,2.1834010200423686,0.4454239952016866,1,0
G015.66-00.49,,275.2489458333333,-15.552722222222224,15.665337907741975,-0.4989202772567488,0.22,0.028999999999999998,-1.16,0.24,-5.3,0.3,-4.0,5.0,1.2258419429970444,0.17426708772679944,3.8101927321243014,0.621410418491428,-0.03672427765303851,0.006014496926464816,4.0025313396828786,0.5051775101356532,-19.115236069298547,3.6781167547190003,-83.47709744274852,6.810724726105905,-23.48319970662677,4.510516775244096,1,0
G016.86-02.15,,277.3517020833333,-15.267816944444444,16.863852816256305,-2.158718684011113,0.426,0.092,0.32,0.49,-2.48,0.56,17.0,3.0,0.6821323834054929,0.19083643450940263,5.931207647799674,0.629513364584766,-0.08446874912809192,0.025193374556539555,5.970303907658956,0.5617428251479135,-6.640928619312695,10.592960296834345,-5.577634319144721,6.589144918231363,-7.999005271395559,4.465248221930501,0,0
G017.02-02.40,,277.65122124999994,-15.241217777777774,17.021111438425848,-2.4026814379453247,0.531,0.10800000000000001,0.1,0.61,-2.81,0.76,22.0,3.0,0.5502895096122085,0.1432746570053016,6.38391332428864,0.4679879437783639,-0.07442681765845535,0.020831626734896275,6.408050086329894,0.43113283385635404,4.216723703790711,5.712989796351425,-3.2959012128564638,4.868308981162627,-4.62065569589827,3.217229183355578,0,0
G019.00-00.02,,276.4365741666667,-12.379412777777777,19.00861898230549,-0.02927879524970525,0.247,0.063,-1.77,0.29,-4.0,0.42,56.0,5.0,1.3155444042169429,0.4985155275912476,4.362613065380359,1.4470858460272438,0.0011369227180758007,0.0016849300359925515,4.567200540942162,0.8442244931479983,20.846364125060894,27.287483786767112,-28.59569152980167,15.54626016097162,2.2272036619343965,2.19975408068752,0,1
G019.36-00.03,,276.607415,-12.06479638888889,19.36479458120437,-0.030218659385238107,0.35200000000000004,0.069,-1.12,0.38,-2.5,0.46,27.0,3.0,0.9423547490874284,0.22211551289119705,5.5001456754608595,0.6319698189463899,0.0024148403248075954,0.0007468200973470747,5.580289860250848,0.5484143844575188,-2.95632347996793,11.389801759761106,-11.989193926191916,5.9077703848771925,5.6979249271843955,0.5576939791238327,0,0
G019.49+00.11,,276.53820458333337,-11.880931666666665,19.495878629696847,0.11540813737933625,0.326,0.1,-3.6,0.42,-8.2,1.03,121.0,5.0,1.0249094854564753,0.6227570481690775,5.286438551163004,1.759017812130313,0.009967711543071862,0.0026640479320315935,5.395220748439477,1.1688890787695205,120.23621493834544,16.50036300615153,-41.702528481523046,44.93042828517274,-1.137121524010741,5.691216248043992,0,1
G022.35+00.06,,277.93383291666663,-9.370093333333333,22.356498100596557,0.06636008021647362,0.231,0.10800000000000001,-1.7,0.28,-3.9,0.31,80.0,5.0,1.620367024855565,1.726951303511518,4.2415645936172055,4.1989489578295665,0.008104052716180768,0.0026865364356663582,4.769115155833421,2.8779587833007736,27.202073905395324,56.93354988259051,-7.605938403195864,43.74292646097487,2.1079288469855806,6.403185067029591,0,1
G023.25-00.24,,278.63016541666667,-8.713140555555555,23.25666790847797,-0.2405330629180043,0.16899999999999998,0.051,-1.72,0.23,-4.09,0.28,63.0,3.0,2.3232856816173677,1.2374828138675291,2.775530439895247,2.87938062055534,-0.022412388182374298,0.01491173188763656,3.8172492804583475,1.9127011040832471,-19.412964710991044,41.45882929339523,-28.893596840276132,35.21195467664253,-2.1729433556373348,5.3394145752771305,1,0
G023.43-00.18,,278.66327916666665,-8.523723611111112,23.4398747758758,-0.18234046517464125,0.17,0.032,-1.93,0.15,-4.11,0.13,97.0,3.0,2.3328102680212908,0.5248354205900396,2.8008532715953063,1.2105063364773736,-0.016355370518819197,0.004935765386818828,3.6790266559576326,0.44748721651463697,-1.1325569112614078,39.66933537444048,-0.09186698201341414,15.196544321317104,2.7149717726117086,1.1378963398678106,1,0
G023.70-00.19,,278.80150416666663,-8.29431388888889,23.70648140903539,-0.198089487895776,0.161,0.024,-3.17,0.18,-6.38,0.21,73.0,5.0,2.488887644629967,0.4152058558049818,2.513283836254865,0.945570720802015,-0.01926414817973601,0.004145151405014087,3.556160311387326,0.3130552106348059,48.7015519703587,13.047150748189303,-51.14864586541026,8.539829920495377,4.161572534125009,0.6148184940882725,1,0
G024.78+00.08,,279.0523391666667,-7.203011111111112,24.789784460044235,0.08328615497898524,0.15,0.016,-2.62,0.16,-5.08,0.2,111.0,3.0,2.800434754826203,0.31902732541317147,2.117817783112926,0.690762861360267,0.011630109473805678,0.0006888536382145537,3.5273492801907502,0.14705837820725903,5.927643608429777,23.80194486407806,0.9524721300753072,3.1785581306624904,7.794967409189986,0.042027135300612375,1,0
G024.85+00.08,,279.07661125,-7.147453888888888,24.85019363114266,0.08744403115578879,0.17600000000000002,0.016,-2.42,0.19,-5.23,0.26,111.0,5.0,2.3886806487048724,0.22442595330295143,3.0236465314616994,0.48458768768676447,0.011144414684823226,0.0005224863312104618,3.8533405752304706,0.2178115625163556,36.10543847889744,14.382569182915356,-0.7209161533407098,1.1890007059247483,1.2208450575478507,0.6529783283307439,1,0
G025.70+00.04,,279.51310416666666,-6.404219444444445,25.709476412638782,0.04382484083429205,0.098,0.028999999999999998,-2.89,0.11,-6.2,0.36,93.0,5.0,4.428093615822254,1.916158619842594,-1.0156503528456042,3.9798017402962462,0.00786729417900514,0.0009883369140758378,4.543078126369499,3.636080666085563,-33.397688883978724,31.83806689363068,-3.4031680301802822,104.79407617336048,-5.491336417982924,5.879143539604811,0,1
G027.36-00.16,,280.4627375,-5.028734166666666,27.365018755523895,-0.16583551744408356,0.125,0.042,-1.81,0.11,-4.11,0.27,92.0,3.0,3.6666776204797022,2.101026161429137,1.0970654497692962,4.059340396738715,-0.021716346418214783,0.015642859428685995,4.070591889600914,3.4192232144125962,-81.7331120450095,46.826745226482366,-22.48849999777127,52.46509896505527,-2.50165302489539,5.913241371489024,1,0
G029.86-00.04,W43S,281.4982116666667,-2.7518280555555554,29.86235404758307,-0.04430388038070352,0.221,0.03,-2.33,0.26,-5.47,0.31,101.0,3.0,2.2595519598666995,0.3343751974646128,4.245903395054315,0.5823808450655589,-0.00022726039526404628,0.0008598675634863087,4.809705884923859,0.3111307698715642,45.831869818820294,12.239497599992186,-0.03791142600223907,1.6898543506789538,-1.2099943500778032,1.358408385014931,0,1
G029.98+00.10,,281.41650916666663,-2.5757169444444443,29.981786908873673,0.10870528029669776,0.156,0.01,-0.94,0.32,-3.49,0.32,109.0,10.0,3.208224579693982,0.21012516562659325,2.620461512578035,0.36421551136970404,0.014514190989016596,0.0005849340576354294,4.14297019316417,0.06359667510912848,-64.13211921113802,16.63206078558348,18.195896606316353,7.215678351765732,-14.883699428023723,1.512293669988185,0,1
G030.19-00.16,,281.7627908333333,-2.5100744444444443,30.19808488637404,-0.16914209901434926,0.212,0.01,-2.08,0.22,-3.8,0.25,108.0,3.0,2.3715948362359534,0.11334326194529862,4.106255060232366,0.1947575180305378,-0.010713582686554984,0.0007788617940074734,4.741918671481508,0.1101587078856747,14.62887694649106,6.395795238420891,24.2109761229367,0.813618760012633,10.327585202145212,0.12263350409238187,0,1
G030.22-00.18,,281.7845745833334,-2.4914805555555555,30.22456064109808,-0.18002336531163532,0.284,0.032,-0.87,0.31,-4.7,0.34,113.0,3.0,1.7714238713332628,0.20862405679315402,5.140761192931463,0.3580975200299844,-0.007247238586020737,0.0015110805179954262,5.437404543960238,0.2600812689849804,49.94552897631207,8.809878240583062,29.62582946388588,1.708946146005561,-15.171272295214214,2.696660587570272,0,1
G030.41-00.23,,281.91982875,-2.3419186111111108,30.41930414667541,-0.23203670427991155,0.253,0.021,-1.98,0.28,-4.07,0.29,103.0,3.0,1.9979421269745394,0.17083918544911417,4.77859548701682,0.29096231953189516,-0.012379690448456108,0.0015359738320186544,5.1794543700352325,0.1970604135821292,33.66933734785019,7.526591944729694,21.068905634512646,1.4426527610015407,5.869441350707998,0.1551809758406163,0,1
G030.78+00.20,,281.70035999999993,-1.814985,30.78812070099201,0.2035512648483566,0.14,0.032,-1.85,0.16,-3.91,0.19,82.0,5.0,3.659805589931225,1.1313580344999343,2.039062328613291,1.8987730413748973,0.027415082105005966,0.006748865173266895,4.319899647812017,1.1263281585408227,-66.62910441441426,35.93717836034912,-21.520481763742637,24.173822206503672,3.5239749605411275,1.4693268895211278,0,1
G030.81-00.05,,281.94572958333333,-1.9073377777777776,30.817836048306493,-0.05681146368102075,0.321,0.037000000000000005,-2.34,0.35,-5.66,0.35,105.0,5.0,1.5953337811999355,0.19776208695588737,5.507061329617074,0.331513885502772,0.000941809804492935,0.0005753752749805596,5.733481870696154,0.2542410680727636,67.2488887727048,4.206475937889691,11.726928644371327,3.1400518397249915,0.5232982543240299,0.9201371949422036,0,1
G032.74-00.07,,282.84109333333333,-0.2017277777777778,32.743998601016735,-0.07561954326359703,0.126,0.016,-3.15,0.27,-6.1,0.29,37.0,10.0,4.286792943637509,0.5836669813733495,1.5152723434815418,0.9076194101041195,-0.008697261442491408,0.001944368795162123,4.547753499332405,0.3857426558117,16.473753104234497,4.942201371688228,-53.81267041963427,12.812554778011066,8.73488306870994,0.09441207804564886,0,1
G032.79+00.19,,282.62805416666663,-0.033133333333333334,32.796902748742106,0.19085880269231165,0.10300000000000001,0.031,-2.94,0.24,-6.07,0.25,16.0,10.0,5.232698618550998,2.4387079044755575,0.06080991977140744,3.784596863242381,0.033111297519739534,0.012829457711036558,5.233051964027183,3.6041575924404765,14.55297597193875,3.762708100168713,-53.230484254512746,119.2801532219465,0.988264529801516,3.3027523950543887,0,1
G033.39+00.00,,283.061005,0.41510388888888894,33.39324682286976,0.009930293754734969,0.113,0.028999999999999998,-2.48,0.13,-5.36,0.13,102.0,5.0,4.864829070901493,1.7649948515822145,0.8015686056563052,2.6774419664751448,0.0029060452598593184,0.0009713360592381737,4.930830728240394,2.2662734488794904,-51.387255817562774,31.172225515284644,4.039687634401162,47.22066559265647,-2.005499406607731,3.6489014325215887,0,1
G036.11+00.55,,283.8199695833333,3.084831111111111,36.11515249562877,0.552417516017583,0.24600000000000002,0.055999999999999994,-1.41,0.26,-3.76,0.27,75.0,5.0,2.400843404504422,0.7215545191943631,4.890776782457713,0.9889594208825735,0.04301992335626054,0.011251274077049876,5.456212241465138,0.40558342024154975,-4.731645142909228,26.932952316712928,11.032934059921345,11.879896488719128,-0.3236310818239323,2.6840356426119425,0,0
G037.47-00.10,,285.0297625,3.9980486111111113,37.478995245362846,-0.10479699963239833,0.08800000000000001,0.03,-2.63,0.07,-6.19,0.15,58.0,3.0,6.904307132103706,3.4801405320251075,-0.8233194773760211,4.538841728485131,-0.020142313884282656,0.012967099347167941,6.953223169783875,4.879188053062733,-17.022912787517967,13.872005112189003,28.23966775689948,153.29587586381737,-18.635887918091246,13.418726255985867,0,1
G038.03-00.30,,285.4602816666666,4.4052500000000006,38.03751439318483,-0.3003079837677448,0.095,0.022000000000000002,-3.01,0.06,-6.2,0.11,60.0,3.0,6.49196408072808,2.0267978928564063,-0.1167174711208125,2.5906690132472723,-0.054198708174509544,0.018664012330625854,6.493013213718914,2.558356944776611,-7.302242790525437,11.620643120576139,22.311131287978412,82.86960910179221,-0.43927621269668116,2.5836869725597604,0,1
G040.62-00.13,,286.50678666666664,6.776705555555554,40.62252629485976,-0.1383352018401078,0.08,0.021,-2.69,0.09,-5.6,0.25,31.0,3.0,8.118206592833918,2.8417300892370285,-1.2827514305119867,3.3128568317915708,-0.029600410506052312,0.012315857817972313,8.21892549162358,3.7277062800703575,-18.34445526819816,4.378741699479398,27.25476033237439,109.58640707098287,-3.0380868100715936,3.877913728263646,0,1
G049.41+00.32,,290.2467075,14.780448055555556,49.41561779563076,0.32574685738368936,0.132,0.031,-3.15,0.17,-4.49,0.66,-12.0,5.0,5.756520460807012,1.8452725663833474,3.2501132640194528,1.5807288877869656,0.04629146585848325,0.013049135701545115,6.6106553415410305,1.4832031246132533,-16.051016514732687,1.089731274537218,-64.63833863457367,36.87920843926966,31.848494549729175,7.672089323819192,0,1
G049.48-00.36,W51IRS2,290.9159333333333,14.518041666666667,49.48941604341323,-0.36896760360851205,0.195,0.071,-2.49,0.14,-5.51,0.16,56.0,3.0,3.8971506984669,2.971772278378857,4.85166332065788,2.539061811588981,-0.02903612978962113,0.02639906491011376,6.347841039217721,2.5678000879955896,0.7290669765603619,17.457348652760775,1.9344918557292345,69.31311313416813,-2.2403390226183095,7.6736701452876375,0,0
G073.65+00.19,,304.09138333333334,35.60169277777778,73.65270776749108,0.19422771072774792,0.075,0.02,-2.31,0.17,-4.2,0.23,-76.0,10.0,12.684039001963633,4.489304152546362,4.460888590466126,1.3167995738633442,0.05001022922077571,0.015724162332346494,13.445607926200779,4.101923232265916,20.48944793183123,3.4166996825090927,56.12303898382217,98.26527150463738,-19.321353480737606,9.58605976380449,0,1
G074.56+00.84,IRAS20143+3634,304.05567375,36.72608888888889,74.5695888585289,0.8457682350457756,0.36700000000000005,0.083,-3.0,0.81,-4.37,0.98,-1.0,5.0,2.6346751555934276,0.800391328085485,7.4541173360715245,0.2209306134318059,0.04588388684831929,0.01224295930074043,7.906210596738572,0.20523662969186388,-2.8682053559181995,2.326359141741614,-9.757839708343809,4.900398492463133,8.419997546817587,0.1873634461707441,0,0
G078.12+03.63,IRAS20126+4104,303.608625,41.225747222222225,78.12233662267856,3.6327523931431576,0.645,0.03,-2.06,0.84,0.98,0.84,-6.0,5.0,1.512772306860774,0.07101618040082988,7.863116263945215,0.014939857926120573,0.10376956941086461,0.0046092938487492935,8.00731399613657,0.001224881754148322,-34.6198713781645,1.8872335180083426,-12.30478031543501,0.3696647210308582,23.134999168323596,0.776969758194653,0,1
G098.03+01.44,,325.756,54.93827777777778,98.03586484832444,1.4459922020451168,0.366,0.161,-3.28,1.0,-0.63,1.0,-61.0,5.0,2.6963817344965775,3.3175106714207194,8.561989493138954,0.4683073763320064,0.0750406893229812,0.08545731726067135,8.976532656808454,2.60702064961239,1.8352777239020315,10.235338770040768,-43.92801196723747,35.15932129614633,27.592685210618683,26.360982657209956,0,1
G108.59+00.49,,343.15964583333334,60.01441333333333,108.5946502956341,0.4917667373873994,0.405,0.033,-5.56,0.4,-3.4,0.4,-52.0,5.0,2.341919416950787,0.19688078777204876,8.969247927605426,0.06623608921183982,0.027727376559322885,0.0018616090724715324,9.269951183385237,0.11495690496307327,45.7639418500044,1.0002556632938915,0.22053604188829468,4.606557863175693,0.4395540267159337,0.594423253511683,0,1
G110.19+02.47,IRAS22555+6213,344.37419166666666,62.496343611111115,110.19609843675,2.4761750374699742,0.314,0.07,-2.14,0.68,-0.32,0.77,-63.0,5.0,2.990111180835224,0.9077214485580813,9.281191633127793,0.33388018079553644,0.14461969722118964,0.04220789465904029,9.75096318342948,0.6743719438701297,4.587900648263133,6.753883193761741,-30.316389004550246,7.3928468485321694,14.182893648521262,2.8348937151156517,0,1
G111.23-01.23,,349.3366200000001,59.479713888888895,111.23496496800085,-1.2381963239292646,0.3,0.081,-4.37,0.6,-2.38,0.6,-53.0,10.0,3.1120431789842247,1.4087720812502893,9.390673319850919,0.5474358141410616,-0.06522531359794267,0.032053935818274745,9.892904441896903,1.1698144926521727,32.677105346259886,0.8246776757125481,9.41597935228998,30.98775908130337,-1.2605794880011612,4.835717668333533,0,0
G111.54+00.77,NGC7538,348.43899999999985,61.46959722222223,111.54212948994171,0.7769384028762917,0.37799999999999995,0.017,-2.45,0.4,-2.44,0.4,-57.0,5.0,2.460938746296188,0.11113424435195993,9.152819977436614,0.0438703473883446,0.042543699545807334,0.0016691042672136024,9.477886528777638,0.07138373684009386,17.884089316255995,0.7011984887130814,-18.857586335669367,1.3939007351322352,-10.03714688588636,0.7754202066577753,0,1
G136.84+01.16,,42.39002916666666,60.80768888888888,136.84514450512646,1.167414630612131,0.47,0.115,0.42,0.5,-0.43,0.5,-42.0,5.0,1.4606546429234455,0.5468189572136978,9.739237021483394,0.5832148940752832,0.050413303889681155,0.016782805405249863,9.84815971369913,0.6929756855866273,7.418980786081867,8.934566437755851,-13.620917160112697,1.2487974124308223,5.085976098932408,0.7652848925393957,0,0
G182.67-03.26,,84.86843666666667,24.94220722222223,182.6780127655037,-3.265397302996912,0.157,0.042,0.44,0.35,-0.45,0.36,-7.0,10.0,-0.2958454838200085,0.12119630123695133,14.5078913093379,2.5917310974752072,-0.35148221284090275,0.1462757580545334,14.510907442128893,2.5939568133118445,11.322554401725213,0.8234315821397429,5.756245956983719,6.221685743734845,11.86293032746699,1.6520840753747346,0,0
G188.79+01.03,IRAS06061-2151,92.2790625,21.84483333333333,188.79369548865986,1.0306622558850218,0.496,0.10300000000000001,-0.1,0.5,-3.91,0.5,-5.0,5.0,-0.3067808246833909,0.08353491385475038,10.164424275402638,0.5399781051907753,0.042985378527274,0.01018439588829245,10.169052823384677,0.5427828712505015,14.175476339744844,2.1056681825394175,-14.689750093209511,7.889312957810133,-10.63292090026557,5.132096270239427,0,0
G000.31-00.20,G000.31-0.20,266.78795499999995,-28.77118833333334,0.3152592880390072,-0.20083724333908246,0.342,0.042,0.21,0.39,-1.76,0.64,18.0,3.0,0.016117838457197792,0.002082031345511617,5.252432113809715,0.3783462680508039,-0.006679687857791448,0.0015840818841135046,5.252456843696684,0.3783365508349602,17.42234506416552,0.14265275739460473,-1.6427272930171313,0.8006761495474316,-7.116758253342098,1.9585978111104363,0,0
G005.88-00.39,G005.88-0.39,270.1261670833333,-24.067937777777768,5.884193454612775,-0.3923617226509042,0.33399999999999996,0.02,0.18,0.34,-2.26,0.34,9.0,5.0,0.306730495806298,0.018603993498046683,5.205210957436836,0.18051122130527145,-0.016884658151472706,0.0013627409306109235,5.2142405687192905,0.17904781414565163,-2.7351459781877527,1.0112630104571665,-8.762968715873171,0.5887368991423708,-10.034443191540086,1.0997903234101647,0,0
G006.79-00.25,G006.79-0.25,270.49063541666663,-23.2095125,6.795315908924412,-0.2572553029452956,0.28800000000000003,0.021,-0.3,0.3,-1.3,0.31,22.0,5.0,0.4104602638788508,0.03015176068487181,4.73677728453783,0.2530337428468216,-0.01227322537880169,0.0013117138562938756,4.754528017746564,0.2492467071302151,3.057393311181848,2.2914042554286755,2.2494189875469033,0.7558128868452959,1.7443032785715165,0.4614476921301247,0,0
G007.47+00.05,G007.47+0.05,270.55492625,-22.466383611111112,7.470695519931099,0.05836478557150925,0.049,0.006999999999999999,-2.43,0.1,-4.43,0.16,-14.0,10.0,2.6542047752214684,0.40968054484806427,-12.059352758198486,3.124185129392554,0.01301628690858106,0.0011472890708278656,12.3479873640565,3.140463327448351,4.820359661137315,1.0521495830125036,19.795870781854404,78.69150425651384,0.7052488079267376,1.1364709296316007,0,0
G008.34-01.00,VXSgr,272.0168791666666,-22.22404611111111,8.344133233567696,-1.001949271180782,0.64,0.04,0.36,0.76,-2.92,0.78,5.0,5.0,0.22664486086303223,0.014397325317093068,6.636152228756933,0.09815748321208154,-0.02274646178091514,0.001799613484537873,6.640021407811215,0.09759585517734823,-2.2602001688310005,0.43012151687800715,-4.4656162738031355,1.0552709465631769,-4.621260381075686,0.815032229967872,0,0
G011.10-00.11,G011.10-0.10,272.6176958333333,-19.37506,11.109056798808039,-0.1141616285891001,0.364,0.027000000000000003,-0.2,0.38,-2.0,0.41,29.0,5.0,0.5287057743991393,0.039953017008315786,5.488788205958309,0.20347129838167363,-0.001631729075576135,0.0005452241457986818,5.514193120099261,0.19846731053571473,8.785844898951058,1.999200956310119,-2.3089393313879043,0.7969408102691452,-2.249720153371884,0.7772385387333808,0,0
G011.49-01.48,G011.50-1.49,274.0922195833333,-19.690894166666666,11.49739107867832,-1.4853403015859088,0.8,0.033,1.42,0.52,-0.6,0.65,11.0,3.0,0.24907592927573396,0.010432300850890055,6.9568788207636585,0.05128628020883375,-0.027611448498148464,0.001390330484994778,6.961336204015327,0.05087614017860902,-0.7559589744146534,0.4566538370336051,14.484337377667543,0.026210912267090672,-0.9611871668136125,0.3807103400455126,0,0
G011.91-00.61,G011.91-0.61,273.49216875,-18.905632777777775,11.917706166890024,-0.6131241747829906,0.297,0.05,0.66,0.69,-1.36,0.75,37.0,5.0,0.6960998960121164,0.13504196769654517,4.883237428261884,0.6398294946395063,-0.03262162869041632,0.007411683395789824,4.9326020360460685,0.5951102708235004,2.387955744840127,14.49072337915983,13.37855072673247,4.4195794981660725,-11.853815619752508,3.8141804487813618,0,0
G012.68-00.18,W33B,273.47810708333327,-18.029607777777773,12.68060538759639,-0.1822956124191795,0.41600000000000004,0.027999999999999997,-1.0,0.95,-2.85,0.95,58.0,10.0,0.5274955065460251,0.035997549808085345,5.836991462234208,0.15998543602512366,-0.0035724126344585027,0.0006248093032786709,5.860778176967738,0.15596069761232192,40.961377198534755,1.2765484695649938,-3.5692270340015,1.4076117988676866,2.3649296576610768,0.37824260315332914,0,1
G012.81-00.19,W33M,273.55858333333333,-17.919805555555556,12.813647319205213,-0.19700025679204397,0.34299999999999997,0.037000000000000005,-0.4,0.7,-0.25,0.7,34.0,5.0,0.6458234566850757,0.07233504438295867,5.34190512736132,0.3180315667392507,-0.006256971096497169,0.001326164745769075,5.380802758597812,0.3057317193078877,1.9489524430116167,5.21375652162049,17.96012301418989,1.0728342735402474,11.191647494397877,0.3581687678201828,0,0
G012.88+00.48,W33A,272.9643541666666,-17.524836666666666,12.888828423096747,0.4891010634666449,0.40399999999999997,0.044000000000000004,0.15,0.43,-2.3,0.52,35.0,7.0,0.5517153384208688,0.06252516567498119,5.77025659601375,0.2732473800816281,0.0251462702805754,0.002217042643357839,5.796572351249177,0.26531068650437667,14.492747570823623,2.86435604776323,0.36497465567366305,1.3374493188528125,-6.270192126646133,1.6452987832244879,0,0
G012.90-00.24,W33A,273.64348583333333,-17.864414166666673,12.900918412281616,-0.2414988120833986,0.408,0.025,0.19,0.4,-2.52,0.4,36.0,5.0,0.5472212180671916,0.03360771299625467,5.792259944638827,0.14672724070622983,-0.006284884058782328,0.0007288886660339679,5.818051763930116,0.14280647597673404,16.20317656868622,1.4270706818026162,-1.196435675470667,0.8844126477979004,-7.96653040443371,0.9786359990378487,0,0
G012.90-00.26,W33A,273.6648808333333,-17.866772777777786,12.908573475865381,-0.260515343411919,0.396,0.032,-0.36,0.4,-2.22,0.4,37.0,5.0,0.5645177317770357,0.04738403699146197,5.718258812434494,0.20674598950185002,-0.007491486591352266,0.0010974630074424383,5.746056396823429,0.200762284279109,16.452194889900927,2.097613700140688,-1.303682532540961,1.1538833797949077,-0.9655639597932542,0.7488122120115956,0,0
G013.71-00.08,G013.71-0.08,273.90408916666667,-17.075585555555556,13.712772905190688,-0.08357249590896319,0.264,0.013999999999999999,-0.29,0.28,-2.16,0.29,44.0,5.0,0.8972521124640676,0.04807214012943706,4.504257039510273,0.19700851860389967,-0.002294410200160778,0.00042206594594850795,4.592754383950777,0.1833739586940479,4.805250448421404,3.441411409442208,-0.7772861961126409,0.1379467588470236,-5.8928380481260625,0.7451080332092056,0,0
G013.87+00.28,G013.87+0.28,273.649315,-16.759963611111118,13.873851346076345,0.2812345662774524,0.254,0.024,-0.25,2.0,-2.49,2.0,48.0,10.0,0.9432995368520248,0.09260854424132879,4.3621661591695435,0.37495001530027183,0.022447152150249807,0.0016556082954296484,4.462993123054215,0.34277083886759546,7.6472819012255915,7.236654782406686,-3.2882264264297874,0.5443084181012382,-9.875641377704666,1.7770099173855394,0,0
G014.33-00.64,G014.33-0.64,274.72781000000003,-16.797295555555557,14.331809220605823,-0.6449915014717299,0.893,0.10099999999999999,0.95,1.5,-2.4,1.3,22.0,5.0,0.27722595530489064,0.0329818923115589,7.096295807508807,0.12909159028959943,-0.007717870634503236,0.001582458546352743,7.101708837875697,0.1276027078141063,11.133879848740433,1.0259330574105543,8.051009674130597,0.9857204947217822,-2.4941473465582362,1.2459485551462555,0,0
G014.63-00.57,G014.63-0.57,274.81475291666663,-16.49605138888889,14.636659788569816,-0.5759736776586776,0.546,0.022000000000000002,0.22,1.2,-2.07,1.2,19.0,5.0,0.4629050289573891,0.018634004159158963,6.408917216120845,0.07134885813713356,-0.013963697024202243,0.0007868553066665484,6.425612885081407,0.06980368859432441,2.2370924236944623,0.6821188544619523,1.7644672371922923,0.49123150685484784,-2.1628167462487973,0.4099612545376627,0,0
G015.03-00.67,G015.03-0.68,275.10337958333326,-16.193143333333335,15.034454144972516,-0.6771653895354851,0.499,0.026000000000000002,0.68,0.53,-1.42,0.54,22.0,3.0,0.5198050054888398,0.027398866130341485,6.246110710700052,0.10200689305196428,-0.019333265044241245,0.0013133507592244663,6.267702629676457,0.09933160675637845,0.4083151580272312,1.2404207277439117,8.739038811466457,0.2947533888793072,-4.082870281516369,0.6356061115994891,0,0
G016.58-00.05,G016.58-0.05,275.28785,-14.530154444444447,16.585151904401133,-0.05056506486036847,0.27899999999999997,0.023,-1.13,0.34,-2.59,0.35,60.0,5.0,1.0234452815020973,0.0862583640291677,4.745035343906277,0.2896216624016233,0.00024791940944367285,0.00044968042184236946,4.854152935066092,0.2630058662820703,21.14759955898298,5.028699930876075,-3.2735711674817054,0.8433840153948761,4.210412797768957,0.32019743217404634,0,0
G017.55-00.12,IRC-10414,275.8246183333333,-13.71309611111111,17.55098166476619,-0.12621787857867428,0.49700000000000005,0.038,-0.04,1.04,-2.01,1.04,44.0,10.0,0.6079327312751792,0.048103894943538984,6.2592169708741325,0.15209358264990427,-6.615655575547153e-05,0.000447026495532074,6.2886707096360555,0.14649816922982054,20.359798019845247,1.9252240833519934,9.981711544538399,0.8298026371483916,-0.6796814027001439,0.6863772694030009,0,0
G017.63+00.15,G017.63+0.15,275.60992541666667,-13.503319722222226,17.638322059105924,0.15648197284194454,0.669,0.019,-0.26,1.41,-1.53,1.41,25.0,10.0,0.4529936144358801,0.012916846459739713,6.756647518693295,0.04062489810598389,0.008771078787438014,9.089694128508901e-05,6.771815776184696,0.03966537033469949,7.46725254845705,0.44890392665026396,8.22832582265383,0.2505462799110717,4.631138476053709,0.0989168739855192,0,0
G018.34+01.76,G018.34+1.76,274.49218916666666,-12.123581388888885,18.34134321996305,1.7681359375571692,0.5,0.019,-0.32,0.53,-1.99,0.76,28.0,3.0,0.6290447598334031,0.02412351502796595,6.283826903309866,0.07276941424842623,0.0661051139279473,0.0023209768086828917,6.315233793030527,0.06997958618996741,5.274559168124953,0.8840387514060195,3.0391749179846954,0.5122595249775966,2.2171772486763954,0.24006339957456044,0,0
G018.87+00.05,G018.87+0.05,276.29730416666666,-12.460151666666668,18.873712001325547,0.05329127411267487,0.297,0.049,-0.17,0.32,-1.9,0.37,39.0,3.0,1.088843798040304,0.20407046583451624,4.996338723077311,0.5969352117727912,0.006725583438131611,0.00021408151879520173,5.113607479290198,0.5093700069078192,-7.209119409138086,15.103475063144343,3.4110950048042525,3.9859641549927307,-3.6902983664398405,2.207090021623686,0,0
G023.00-00.41,G023.00-0.41,278.6678333333333,-9.010655555555557,23.00973253125716,-0.4106074690445545,0.205,0.015,-1.72,0.22,-4.12,0.37,79.0,5.0,1.9059243427472055,0.14197242353773432,3.6934440405201947,0.33430529665883657,-0.03209873206159873,0.0028069387434485863,4.156209388460898,0.22486423142395676,15.433315791840032,8.442997292976463,-12.613775263710295,1.0260809450693535,-1.0273966830275452,0.6416153894594137,0,0
G023.20-00.37,G023.20-0.37,278.7299141666666,-8.820890555555557,23.206426993566257,-0.37766312675142266,0.239,0.034,-1.45,0.5,-3.4,0.51,82.0,10.0,1.643924714413505,0.2569563157185858,4.347016608564264,0.5993335830459107,-0.024253317008842545,0.004663664572113933,4.6474769350469165,0.4295728285337067,20.648730175435933,16.837974532238896,3.0544455690883865,2.8871979781580976,2.066733778987638,0.8651257388377742,0,0
G023.38+00.18,G023.38+0.18,278.30968333333334,-8.399305555555559,23.38904771260075,0.18538132690356354,0.20800000000000002,0.025,-1.57,0.23,-3.92,0.26,75.0,3.0,1.9094248232404167,0.24228737900277902,3.7666105628809983,0.5601888928065175,0.018457927502714747,0.0016336615107810626,4.222944267689713,0.3561427234964569,9.053107995305776,15.402583594005774,-11.390399796955307,2.9821849981776207,-1.2857339094851454,1.2083203327434489,0,0
G023.65-00.12,G023.65-0.12,278.7148541666666,-8.305917777777777,23.656704649214,-0.1273173102429206,0.313,0.039,-1.32,0.2,-2.96,0.2,81.0,3.0,1.278800086994634,0.17044802335398823,5.2621908258108645,0.3890889418127619,-0.0032732856568175777,0.001180475113470917,5.4153468909891185,0.32845700231876823,33.33612076066936,8.456175322107054,12.989088445239275,1.9208753412075086,4.9838938484642625,0.3881121340241059,0,1
G024.63-00.32,G024.63-0.32,279.34462125,-7.528359166666667,24.63401473399813,-0.3236682101479086,0.242,0.045,-0.31,0.27,-2.73,0.3,43.0,5.0,1.7187358601733302,0.37756858659084136,4.4332230895590605,0.8233839645549228,-0.019976213938576643,0.005614870200844927,4.755085008953188,0.5207059259560357,-24.843158750650048,24.93195890828314,-7.615060524756089,12.477399020066967,-11.235729912864338,4.205522648217626,0,1
G028.14-00.00,G028.14-0.00,280.67745666666667,-4.2597577777777795,28.146736114864105,-0.004448489059502129,0.158,0.023,-2.11,0.17,-4.85,0.17,100.0,5.0,2.987474192942648,0.4790043462306041,2.5972889804065753,0.8953367020892453,0.0017887104161797953,0.0006084191772471654,3.9920455574137232,0.21349989690167964,-6.902807789060477,27.107356432211937,-1.2944824024075388,6.808916803126167,-2.2877554325487104,1.6539221097001848,1,0
G028.30-00.38,G028.30-0.38,281.0915275,-4.294417777777778,28.304613764533553,-0.3875637898243574,0.221,0.022000000000000002,-1.62,0.23,-3.97,0.23,87.0,5.0,2.1450519029157946,0.22244334925190723,4.198367955340579,0.41303921608516314,-0.027371469818233452,0.003417434696963136,4.71460933213276,0.2507188978239645,12.171697743368727,11.695349075568515,4.880781838892318,2.454819222990363,-0.46406685035004713,0.8323406186911773,0,0
G028.39+00.08,G028.39-0.08,280.7165925,-3.9984705555555564,28.396960323796183,0.0803015348553419,0.231,0.015,-1.4,0.24,-3.26,0.24,75.0,5.0,2.0585343031977743,0.13576813218475298,4.373694279010177,0.2511301106486224,0.009401282664677147,0.0002518088047157287,4.833918212553673,0.16643110957844484,-2.741930511922963,7.322533242493162,5.190975543998633,1.7487508698592853,3.0607741651129463,0.3342954703509091,0,0
G028.83-00.25,G028.83-0.25,281.2128604166667,-3.763438333333333,28.83226397820569,-0.2527226235153818,0.2,0.04,-1.89,0.22,-4.53,0.22,87.0,5.0,2.411697787181389,0.5899010373064897,3.80036817378751,1.0715906745041581,-0.01905499843312551,0.0060265312984092234,4.513094152850361,0.41248941110014126,11.793613315356835,28.003617598053307,-3.8015903982851853,8.816587120847972,-1.5093372033788697,2.2598406951880734,0,0
G028.86+00.06,G028.86+0.07,280.94259708333334,-3.5916238888888894,28.86189583762602,0.06568572107888841,0.201,0.019,-3.19,0.42,-5.72,0.48,100.0,10.0,2.3994993919549867,0.23413731575005436,3.8278309034243554,0.4248069870787226,0.008719137782067234,0.000305985044393833,4.517730266096335,0.2192111334713525,52.760031346851015,7.381210998458754,-10.936384018260895,0.6846253933944374,13.32811635834286,0.5071810262084118,0,1
G029.95-00.01,W43S,281.51558416666666,-2.6562022222222224,29.955357358608588,-0.01609362155956864,0.207,0.019,-2.36,0.2,-5.38,0.2,99.0,5.0,2.4172327889961145,0.23161932293384868,3.9870502182024374,0.40189909778820565,0.0017721240717045558,0.00036518933700699173,4.662572658808229,0.20814143459788276,38.19358302456324,8.707670665245583,-1.5041039502116007,0.9359228963697253,-0.22188766858474906,0.789042539695896,0,1
G030.70-00.06,G030.70-0.06,281.90332625,-2.0150947222222224,30.70261263737961,-0.06826033982916073,0.153,0.02,-2.33,0.18,-4.95,0.18,89.0,3.0,3.3422695017119466,0.47043611951652725,2.5529317631737616,0.7922212505140046,-0.005488235423859541,0.0015583607599159008,4.2418653127873895,0.1533252881980357,-13.50194877562049,20.399853029763026,-10.525899858306502,4.98008811451241,2.1329124043537906,0.8195181390538965,0,0
G030.74-00.04,G030.74-0.04,281.90718666666663,-1.965270555555556,30.748709601074356,-0.048962552178467726,0.326,0.055,-2.38,0.38,-4.46,0.38,88.0,3.0,1.5721665717114266,0.3039842856600882,5.538655162160253,0.5109772676739789,0.0014193446603619655,0.0008051210536037807,5.7574654783620955,0.37386951693145437,44.96568004267474,9.206350653318813,10.084473248402446,4.5447278640625965,9.156279070541583,0.22723643129300267,0,1
G030.97-00.14,G030.97-0.14,282.09184708333333,-1.8085416666666665,30.972373449134487,-0.14170442807291,0.294,0.022000000000000002,-2.14,0.31,-3.82,0.34,77.0,3.0,1.749977382293316,0.13322122583518792,5.265735686432155,0.22195905394921764,-0.004519052597550617,0.0007690676811486462,5.548909199278233,0.16602775533236488,24.618882623100752,4.462081367027894,6.653513796416206,1.9397884179372857,10.47441241157302,0.1961030592368836,0,1
G031.24-00.11,G031.24-0.11,282.18783666666667,-1.5536666666666668,31.24295603199239,-0.11083787919714606,0.076,0.013999999999999999,-2.8,0.19,-5.54,0.19,24.0,10.0,6.818143646269774,1.4665197764568718,-3.057680002445633,2.417414234610201,-0.026357310146499884,0.006870135723915234,7.472381806301547,2.4436193851686028,-16.487680076401418,2.0906726004342895,-2.670562823235201,71.48564762312981,5.686178835336108,0.5105757961710288,0,0
G031.28+00.06,W43M,282.05156666666664,-1.4413272222222222,31.280793161088443,0.061630461976929424,0.184,0.017,-1.99,0.19,-4.58,0.22,110.0,5.0,2.8230652432694496,0.2654106812914411,3.5347222697417093,0.43685417637341883,0.008740538012811331,0.0002968256642161098,4.523710743622317,0.1587607492897631,6.304279356064434,14.66506406780564,18.67398169808149,2.307554233528486,-0.13596611615613696,0.77729576768614,0,0
G031.41+00.30,G031.41+0.30,281.89296041666665,-1.2129608333333337,31.41168017844735,0.3069107392290935,0.267,0.028999999999999998,-1.58,0.7,-5.82,0.7,97.0,15.0,1.9544071065056323,0.22255405019344424,4.980977690778205,0.3644371272138491,0.023818681244130228,0.0020765133880627502,5.350686488105045,0.24602722153438739,51.34901467003542,5.836486070164934,4.37366667064461,2.4561587073801694,-13.78982553720998,2.534529046928189,0,0
G031.58+00.07,W43M,282.1736416666667,-1.1666038888888888,31.580940884016176,0.07833223058323738,0.183,0.032,-1.97,0.4,-4.43,0.4,96.0,5.0,2.865172686888739,0.5785807126937041,3.520610699693853,0.9411721939956078,0.010369439013750209,0.0009664875059465757,4.553458303917392,0.2900762698366432,-3.537279041505202,27.719468252928635,7.073869877014573,8.459983538300742,1.1488651891128967,1.413164816332164,0,0
G032.04+00.05,G032.04+0.05,282.40239749999995,-0.7626497222222223,32.044751441002475,0.05901306308858757,0.198,0.015,-2.05,0.21,-4.77,0.21,98.0,5.0,2.678903543510114,0.20780975601139212,3.901657744809768,0.33198818185765233,0.008318438476454637,0.0002121701582979059,4.732806498586762,0.14788470991327887,14.49535294537436,9.171878190482325,8.455649167640928,1.544365738095799,-0.33940339918917495,0.6563444756281648,0,0
G033.09-00.07,G033.09-0.07,282.99753541666666,0.10951722222222224,33.09233817699092,-0.07292822935478745,0.134,0.016,-2.46,0.15,-5.32,0.15,100.0,5.0,4.074175135617267,0.5191304082302354,1.9297726891793858,0.7965760067307166,-0.007488296526943455,0.0016655827700462692,4.520645612746155,0.25520024980846695,-25.21367289066715,18.83896581876825,1.0783513794309698,2.45763369324102,-0.5398428682554588,1.0795042369853745,0,1
G033.64-00.22,G033.64-0.22,283.38567916666665,0.5275277777777778,33.641353299674236,-0.2277433594265601,0.131,0.02,-3.1,0.15,-6.27,0.14,60.0,3.0,4.225273022465167,0.7146417714647241,1.8317915926601978,1.0739349357062058,-0.028347832354233552,0.005738947954786893,4.619614978853891,0.4619654837831823,18.243587346349024,10.346926977555265,-30.353195679183727,15.461380649051177,4.1205607683556496,0.6369329721682309,0,1
G034.41+00.23,G034.41+0.23,283.32513291666663,1.4237500000000003,34.411347255476784,0.23484880798495686,0.34,0.011000000000000001,0.12,0.72,-4.18,0.72,60.0,10.0,1.6620324815342677,0.053843175669214954,5.75504494012563,0.07860292878888049,0.016264852107902905,0.00034603858780262034,5.990233236906604,0.0604408857745533,8.039333709696482,1.6893346166935803,8.658772755505652,0.8148333701821117,-19.857953495556806,0.9100418665062733,0,0
G034.79-01.38,G034.79-1.38,284.94159916666666,1.021929722222222,34.79129841043613,-1.386534296931711,0.381,0.02,-0.31,0.62,-2.8,0.72,45.0,5.0,1.4973679654389302,0.07951174942084895,6.026292791859628,0.11443635389474541,-0.05915055701197796,0.0034374344026782684,6.209534252835878,0.09148157482722351,-6.711474465198853,2.8039852559370586,8.845625396079043,1.1317208964746037,-5.104688041341312,0.663307850356137,0,0
G035.02+00.34,G035.02+0.34,283.50274,2.0220047222222224,35.02473625223477,0.3496880117017388,0.43,0.04,-0.92,0.9,-3.61,0.9,52.0,5.0,1.333212209850704,0.12752650725714734,6.27907335937339,0.18196070845812096,0.01868944505470089,0.001253647227677225,6.419051101906544,0.1496822187948196,11.744576113084827,3.4119999230725804,9.095713611895064,2.1379229250219183,-0.861298686919806,0.8737966383463582,0,0
G035.19-00.74,G035.20-0.74,284.55438208333334,1.6765761111111108,35.19702269335042,-0.7432143222481172,0.456,0.045,-0.18,0.5,-3.63,0.5,30.0,7.0,1.261616050935369,0.12914615302347857,6.392736483694223,0.18309383168379428,-0.023816729236034246,0.003009555738421931,6.5160382756651245,0.15277104989424023,-4.117284743831848,3.2686781320212552,-3.1513008512016825,2.4167707034160273,-7.649593316252192,1.592223298160236,0,0
G035.20-01.73,G035.20-1.73,285.4397583333333,1.2257472222222223,35.20026749469471,-1.7365020254432326,0.41200000000000003,0.013999999999999999,-0.68,0.44,-3.6,0.44,43.0,5.0,1.3983804885291073,0.0478929229573792,6.199119219768741,0.06788953798887178,-0.06907719733754708,0.0025570369758914483,6.35488371975484,0.05560020438073704,2.84724287984514,1.2717728050073915,2.3793467275493185,0.8436561181884242,-4.705675883232383,0.41040093995489546,0,0
G035.79-00.17,G035.79-0.17,284.3203770833333,2.466113055555556,35.79270976116863,-0.17467486124400444,0.113,0.013000000000000001,-2.96,0.12,-6.23,0.14,61.0,5.0,5.184715316147931,0.6241945351459511,0.9906745156869682,0.86569611196854,-0.02546871945499082,0.003738395436877766,5.2785138917625805,0.5163571791158276,2.9545579182183226,7.735409885058085,-11.55957761591202,15.324200444093675,-1.0865481098655039,1.0848479592475642,0,0
G037.42+01.51,G037.43+1.52,283.55978374999995,4.6943463888888886,37.429598609801324,1.5171744279328931,0.532,0.021,-0.45,0.35,-3.69,0.39,41.0,3.0,1.14283647696356,0.04522574618096555,6.688148457341245,0.05909130687110929,0.05456107129614714,0.0019382083038913646,6.785086956002447,0.05055446112306628,7.433148918174352,1.0368926885351417,8.291592770299161,0.7587402921664683,-2.743356385315632,0.45226678353829336,0,0
G038.11-00.22,G038.11-0.22,285.43396375,4.510388888888889,38.11898310051321,-0.2288543184845349,0.242,0.035,-2.79,0.27,-5.25,0.31,76.0,5.0,2.555281528162661,0.3968574137323215,4.924728732459537,0.5057834447699483,-0.01273892495545086,0.0028456044521212747,5.5481904242396745,0.2303016739980745,25.62358194669226,8.195125345944568,-1.9036840181433092,3.334163898707927,9.275868137194403,0.22630319647905106,0,0
G040.28-00.21,G040.28-0.21,286.4217275,6.4368605555555565,40.281847266069704,-0.2194082499129248,0.297,0.019,-1.8,0.31,-3.82,0.33,74.0,5.0,2.17562061316287,0.13975824227530179,5.6143217026059675,0.16490239653852978,-0.008684548195817697,0.0009165443565551244,6.021123917739241,0.10169568328140963,6.269284997140214,4.181309375682098,19.08124702335556,1.6502130332436604,5.317269713667757,0.16199066362604972,0,0
G040.42+00.70,G040.42+0.70,285.6650800000001,6.985847777777778,40.425048944971536,0.7001418836757184,0.078,0.013000000000000001,-2.95,0.09,-5.48,0.1,10.0,5.0,8.310571929711628,1.6103204826172128,-1.5750188830324905,1.8904715894132227,0.15695510373126623,0.029330962875837727,8.458504021446094,2.0452804028293565,-1.8793794706505402,0.6290065861321522,21.513710055839397,62.796810841750585,14.637103364718534,1.2889631813361841,0,1
G041.15-00.20,G041.15-0.20,286.80986499999995,7.221673611111112,41.15598508592042,-0.2008880417037089,0.125,0.018000000000000002,-2.79,0.14,-5.85,0.16,60.0,3.0,5.273417787325175,0.829667282521391,2.1482656113176133,0.9491875983558958,-0.025732179085941595,0.00492687090721648,5.694205853009477,0.5507943658425923,-6.4181458852567275,8.832453690221751,-8.931584235839438,14.435317645873948,-0.36832179426625977,1.3028518258635766,0,0
G041.22-00.19,G041.22-0.19,286.83907166666665,7.2855875,41.226062958855465,-0.1972047771246814,0.113,0.022000000000000002,-2.82,0.13,-5.89,0.16,59.0,5.0,5.841627080135388,1.379619087730722,1.514674115176932,1.574474005705169,-0.028481883121110958,0.008045191841062133,6.034802782076488,1.2685724778597773,-10.4949186971864,10.817342618609217,-0.656316047110522,36.35097972191649,-0.9153677995591902,2.086486020401266,0,0
G042.03+00.19,G042.03+0.19,286.86743083333334,8.181509166666668,42.034420659047015,0.1901266241746264,0.071,0.012,-2.4,0.09,-5.64,0.11,12.0,5.0,9.432939808583066,1.8501784359208793,-2.2823701353753103,2.0523582387317294,0.04679475332963574,0.008083216756002107,9.705130955695768,2.3758532230432805,-7.894828549562459,0.6346284450403838,55.62176749513509,71.0198775559246,-23.215742825400426,6.134501020234719,0,1
G043.03-00.45,G043.03-0.45,287.91242458333335,8.775184722222223,43.03800702376548,-0.4529477805407846,0.13,0.019,-3.03,0.15,-6.56,0.2,56.0,5.0,5.240636140224405,0.846720583147241,2.5689897583800803,0.906781362113125,-0.05806102055508064,0.010282907538794043,5.836435173364636,0.5037785288778129,22.568867485094533,5.917456073621669,-1.21462379085375,19.93790397667007,-5.079349265171702,2.0747357433469618,0,0
G043.16+00.01,W49N,287.555875,9.103555555555557,43.16640518860843,0.011163502230476451,0.09,0.006999999999999999,-2.88,0.2,-5.41,0.2,10.0,5.0,7.595094786339863,0.6049955009380039,0.0838973746664582,0.6450123221008192,0.0035116200393470807,0.00016502385457030887,7.595558148218134,0.6099496375760602,-4.3798379637646825,0.38453753852251576,-7.959913050715187,18.043229713393586,10.856159506183026,0.221206115247064,0,0
G043.79-00.12,OH43.8-0.1,287.974945,9.597312500000003,43.79539199884004,-0.1272371060397677,0.166,0.01,-3.02,0.36,-6.2,0.36,44.0,10.0,4.174649392552802,0.2574129326452654,3.827389045924752,0.268470203313515,-0.010073575836639538,0.0009654196621247772,5.668056912944386,0.021827188633329362,21.03596621751314,1.3412432923458584,-26.462780276787612,1.8014565041664505,2.3884625899615584,0.3466397261275547,0,0
G043.89-00.78,G043.89-0.78,288.60996083333333,9.376824444444443,43.890437146644295,-0.7844063956407018,0.134,0.013000000000000001,-3.11,0.15,-5.35,0.21,52.0,3.0,5.172106244020538,0.5271831532129785,2.805041099344262,0.5479983823554545,-0.0993478620502155,0.010695440335773562,5.883786074327202,0.24254770228571695,-10.96361204254267,5.412705686699357,-14.191032026076158,5.1698142725322525,16.992349516139022,0.9575197592386812,0,0
G045.07+00.13,G045.07+0.13,288.34184458333334,10.848148888888893,45.071158962957035,0.13234463759873824,0.129,0.006999999999999999,-3.21,0.26,-6.11,0.26,59.0,5.0,5.487569575341381,0.30268506286560176,2.707391587202775,0.30193496127607583,0.020684226315007416,0.0008329402265823582,6.1191003465108125,0.1435008227868719,9.453830271991155,2.5582641226840726,6.336496498694174,5.038291677619238,8.362305208727344,0.011307345386594883,0,0
G045.45+00.06,G045.45+0.05,288.5886075,11.154408888888893,45.45486514647116,0.05996026424078869,0.11900000000000001,0.017,-2.34,0.38,-6.0,0.54,55.0,7.0,5.978106687798129,0.9174471694600043,2.2974220005793375,0.9029956249819886,0.011362284796943239,0.0008868846167330351,6.404366277739171,0.6364665327114026,-10.9306349445346,6.993347286144203,3.957554888102976,17.225468063191414,-20.488551968853898,4.387892902378269,0,0
G045.49+00.12,G045.49+0.12,288.54731375000006,11.218436111111114,45.49274981854153,0.12557457025306218,0.14400000000000002,0.024,-2.62,0.17,-5.61,0.16,58.0,3.0,4.950041165040038,0.9449859556941481,3.315726337703345,0.9288725694841732,0.018316871543692773,0.002430893565480415,5.95823536928763,0.4938780382095852,-8.67703256538883,9.664862399572815,-6.0038984480691795,11.65003354064176,-1.355713848493794,1.8148337375467951,0,0
G045.80-00.35,G045.80-0.35,289.12949791666665,11.269995833333335,45.804085794663436,-0.3558613706076123,0.13699999999999998,0.023,-2.52,0.17,-6.08,0.27,64.0,5.0,5.226547551801789,0.9974449998927483,3.0995306936080462,0.9698270744165406,-0.04227373511639828,0.00913313889352162,6.076503092393161,0.5802709444703599,-0.9705757964538965,9.426507113512978,5.61793224815068,16.660928751535074,-13.27108626860245,4.016726228298764,0,0
G046.25-01.47,G046.26-1.48,290.35473333333334,11.144775,46.2560677409915,-1.4765490403291517,0.121,0.015,-3.04,0.22,-5.84,0.28,28.0,10.0,5.960330462199959,0.7948617283242067,2.4769767851242457,0.7607292238355452,-0.2099579004287308,0.028744290535401805,6.454529666263316,0.5147041906001018,7.234731339276081,2.282841421494491,-16.227637938529227,16.92059502821914,5.258946552745167,0.3409428023936742,0,0
G048.60+00.02,G048.61+0.01,290.1298999999999,13.923669444444444,48.60614182320978,0.02304040594740876,0.09300000000000001,0.005,-2.89,0.13,-5.5,0.13,18.0,5.0,8.062203963725691,0.4376662608521948,1.0751060104463315,0.38577150157835255,0.0064260680800492095,4.5749335661002985e-05,8.133571520950197,0.3859128187427174,-4.991505594086149,0.5864705983292102,17.918981082349774,11.662778744362132,6.254988043519605,0.09894451558694167,0,0
G048.99-00.29,G048.99-0.30,290.608895,14.110870277777776,48.990016161571475,-0.29892431112746737,0.17800000000000002,0.017,-2.2,0.48,-5.84,0.63,67.0,10.0,4.2354904110541485,0.4176321038956814,4.498235140166303,0.36316740441279566,-0.0254942169994666,0.0030643391293463246,6.185281755401644,0.05504233621807666,0.4295598206988466,5.389567438019857,9.4174439201621,1.209431644133561,-13.937539138406956,2.144155053923081,0,0
G049.04-01.07,G049.04-1.07,291.3427099999999,13.788756944444444,49.04295089743425,-1.07875983785717,0.16399999999999998,0.022000000000000002,-3.23,0.23,-6.42,0.43,38.0,5.0,4.602154762985329,0.6701528580749513,4.1869185420010275,0.5816596575343645,-0.11110960883009305,0.01699249737324525,6.223854122481395,0.19466977113991443,27.6824164538264,1.129600097274976,-14.891237525333139,9.730462611798584,1.7676593806184568,0.8635108618579801,0,0
G049.19-00.33,G049.19-0.34,290.7407104166667,14.269439722222225,49.19012136303167,-0.3367997694748615,0.19699999999999998,0.008,-3.08,0.4,-5.5,0.4,67.0,5.0,3.842630497185744,0.15522223591520867,4.863361122165316,0.13402993863853,-0.02587152240285899,0.0012706117995695792,6.1984526791754115,0.009324166363066813,8.34845514765572,1.9034073947909627,9.6933424720591,0.1019907863532738,10.551700249169908,0.11213612165774756,0,0
G049.26+00.31,G049.26+0.31,290.18690458333333,14.640795555555556,49.26516263412598,0.3111684123493835,0.113,0.016,-2.73,0.15,-5.85,0.19,0.0,5.0,6.707765820123779,1.035540782102119,2.404634290677895,0.8918077030019244,0.05085836088912497,0.006989532424491422,7.125755297422081,0.7700357246345544,14.829743705743336,0.9899632633951212,-22.772739051895613,26.467027860708413,-6.408163506230988,2.2218221264474725,0,1
G049.34+00.41,G049.34+0.41,290.1351966666667,14.762608333333334,49.3492037302176,0.4125450895850877,0.24100000000000002,0.031,-2.36,0.26,-5.59,0.33,68.0,5.0,3.142424209689966,0.4333620369377129,5.483118051481438,0.3721065192859268,0.03409943916863782,0.003932569493189373,6.320045841494539,0.08870635597586415,11.811431747424797,5.8648444745979065,13.176547760823638,1.5780524534124534,-2.295409464037352,1.4776393291704324,0,0
G049.48-00.38,W51M,290.9327916666666,14.508194444444444,49.488453801909856,-0.3880043314490998,0.185,0.01,-2.64,0.2,-5.11,0.2,58.0,4.0,4.109958972499853,0.22544902295080924,4.669723468264983,0.19262856457116714,-0.03272334174856482,0.0021012862934843045,6.223371311018969,0.01299101024609131,-8.975365633602616,3.0806761456846075,1.423374678917014,0.3123961408807308,5.409783105045475,0.13089999886251855,0,0
G049.59-00.24,G049.59-0.24,290.86086166666666,14.671376388888886,49.59936101332457,-0.24953430172254354,0.218,0.009000000000000001,-2.25,0.24,-6.12,0.25,63.0,5.0,3.4946363277375005,0.14613112158966451,5.207143028549318,0.12436944140985916,-0.01583821928932687,0.0008957596476226159,6.27111007580894,0.02130282769531635,15.293759470888682,1.4549074133177942,6.466345874696202,0.18229998844527115,-11.986879387170623,0.830287810871993,0,0
G052.10+01.04,G052.10+1.04,290.90550499999995,17.4862325,52.10051753542083,1.0427643128815771,0.165,0.013000000000000001,-2.77,1.4,-5.85,1.4,42.0,40.0,4.791328861183624,0.38921519712008634,4.451394056805772,0.3029974120413131,0.11437293413546541,0.008837333154240297,6.540010803123869,0.09340892663400112,5.632645870347228,2.119215431321286,-4.299729783982883,3.158037215811408,-0.89768687013283,0.7632417775374749,0,0
G054.10-00.08,G054.10-0.08,292.9533241666666,18.71586,54.109868434719026,-0.08126041992041072,0.231,0.031,-3.13,0.58,-5.57,0.61,40.0,5.0,3.5071048819905366,0.5065403425622204,5.643567103803607,0.36654037657001637,-0.001691987122847257,0.0010507922959344968,6.652726323538987,0.04938852771140206,10.469042798841441,2.5375658332325233,-5.206016481884689,1.367124571422412,9.150998410233392,0.16026345178233042,0,0
G055.37+00.18,IRAS19312,293.3510125,19.948791666666665,55.37072374786133,0.18554369847933413,0.263,0.05,-2.61,1.0,-6.73,1.0,36.0,7.0,3.109517025878106,0.741125759189022,6.033894479933378,0.5118298286167424,0.01688415070681506,0.0026934515573962636,6.799984983733078,0.15656529901237812,25.127602966879284,0.45747065907964823,-7.138411633490222,6.512925879926309,-9.379647550838444,4.173289926344019,0,0
G056.09+02.09,K3-35,291.93342916666666,21.500955555555556,56.09606157555446,2.093703472898855,0.26,0.04,-3.34,0.1,-5.93,0.07,26.0,5.0,3.1849483892381403,0.545344104506603,6.040736124849063,0.36652956658141006,0.1449541049230425,0.023863819506634396,6.834007245083716,0.06158749046923956,17.671713504822694,0.190991616069431,-15.420158659943837,2.047578031112715,10.34412002068012,0.3427987487137364,0,1
G058.77+00.64,G058.77+0.64,294.70469541666665,23.144501388888887,58.774782840801315,0.6441243423890506,0.299,0.04,-2.7,0.34,-6.1,0.38,33.0,3.0,2.8602433390789286,0.41439526005188504,6.447386628214218,0.251220308636363,0.04249026647526782,0.005347119124460769,7.05418192323226,0.05087292372614625,15.397693346952398,0.7009182939133135,-1.8815983655562434,0.9473459298484158,-2.0426562585435697,1.48940432355799,0,0
G059.47-00.18,G059.47-0.18,295.8681266666666,23.345145,59.47786832029194,-0.18574369789614975,0.535,0.024,-1.83,1.22,-6.6,1.21,26.0,3.0,1.610010915115156,0.07311861237014557,7.232160077816166,0.043107989947514275,-0.0008497212515140191,0.0002921566350491858,7.409202017622943,0.026043155862022205,14.5976637491014,0.0014876090683911861,-0.45909995263590986,0.6822658521529528,-7.051738610463541,0.6859112718073158,0,0
G059.78+00.06,G059.78+0.06,295.79686,23.734241666666673,59.78279539322432,0.06462548893528905,0.46299999999999997,0.02,-1.5,0.53,-5.12,0.51,23.0,5.0,1.8665056016508255,0.08145650139637374,7.094277557303812,0.04744164875367762,0.007595100369151547,8.779627122224967e-05,7.3357083653222235,0.024968512628535826,-0.5196231243148365,0.644040271977877,-1.1586638234279008,0.6382316530773662,-4.719481844346788,0.558668534228919,0,0
G059.83+00.67,G059.83+0.67,295.24705750000004,24.078938055555557,59.83284558256524,0.6720377042899001,0.242,0.013999999999999999,-2.91,0.26,-6.12,0.26,34.0,3.0,3.5721203863575965,0.20920276853528288,6.105041072721007,0.12160063469739256,0.05323789868044526,0.002790910662169776,7.075087376778349,0.006639198818941184,16.28514149170196,0.2884907168681143,1.3132683993811725,0.6701335460029634,-1.5277580049629762,0.573017565264499,0,0
G060.57-00.18,G060.57-0.18,296.46872875,24.29534361111111,60.575485462035,-0.1866045916230899,0.121,0.015,-3.26,0.15,-5.66,0.15,4.0,5.0,7.177036829864687,0.9701753115911442,4.133283911449033,0.5472098870358748,-0.022795609168488315,0.0038361988896121655,8.282143052971108,0.6205478380571828,17.496938387538044,0.6335228564629363,17.843521544260966,22.07282834919074,7.170197153800179,0.12935555339981605,0,0
G069.54-00.97,ON1,302.53779166666664,31.526652777777773,69.54015475880628,-0.9755753368750332,0.406,0.013000000000000001,-3.19,0.4,-5.22,0.4,12.0,5.0,2.3073001382978866,0.07457101972961488,7.320571714446305,0.027820401591623727,-0.03654733927531406,0.001361646237524733,7.675571910583651,0.004051506679167994,6.503193581824268,0.07461690855929362,-3.4656491547088137,0.05705868756564424,6.099428077220024,0.06714706317629789,0,0
G070.18+01.74,G070.18+1.74,300.22703083333334,33.52450666666666,70.18112987671326,1.7402339351279177,0.156,0.016,-2.82,0.16,-5.17,0.19,-23.0,5.0,6.03221745978692,0.6533028228077012,6.007240609894577,0.23546228442763698,0.19993683353734396,0.021048925538320083,8.513200762775698,0.31519349418558146,11.00647901093146,1.0972061783355027,-10.424569960516408,10.156318734272684,-3.2827378961681166,1.0954288003912491,0,0
G071.31+00.82,IRAS20056+3350,301.8802470833333,33.994858611111106,71.31267658176284,0.8288975030782504,0.213,0.027999999999999997,-2.62,0.7,-5.65,0.6,9.0,5.0,4.449849704897271,0.6329409485902644,6.676217825005314,0.2140898019251696,0.0732762397685186,0.009628553975438093,8.023281550780393,0.20445559869074537,6.302333475158719,0.3672241018698055,6.225437391031164,6.7796547569061945,-11.028783971251906,2.699408607489962,0,0
G071.52-00.38,G071.52-0.38,303.2412262499999,33.50752305555555,71.52200000846027,-0.3852512949367999,0.27699999999999997,0.026000000000000002,-2.48,0.29,-4.97,0.3,11.0,3.0,3.426659926271211,0.333161784477581,7.036298391861075,0.11133041353249411,-0.018908833389528507,0.0023812841572945667,7.826333324719806,0.05290776681865071,-4.531391981202347,1.2379588127556456,-0.32376898234747387,1.2188942238922023,-3.4363772421460137,1.1239054698802053,0,0
G074.03-01.71,G074.04-1.71,306.2796054166667,34.83266472222223,74.03418534001557,-1.7140695758068842,0.629,0.017,-3.79,1.3,-4.88,1.5,5.0,5.0,1.527991366852741,0.04149230852968176,7.744238771866024,0.011869998859985242,-0.04201481979012868,0.0012925183525382016,7.893541142785631,0.0035908998319112203,7.622126279859841,0.012486001968905992,-4.125807336045227,0.06651180165969972,10.5440710330764,0.056964414670446877,0,0
G075.29+01.32,G075.30+1.32,304.06671666666665,37.596058333333346,75.29661759400169,1.3238331091670008,0.10800000000000001,0.01,-2.37,0.11,-4.48,0.17,-58.0,5.0,8.964970365352594,0.8493482123312702,5.8287242203224,0.2228907281960612,0.2196916607775564,0.020284789055222668,10.69320904538124,0.6024495193328031,12.49431349236822,1.0407651177203376,9.002305195729832,16.18963428922601,-17.209191688127923,2.2302858957438962,0,0
G075.76+00.33,G075.76+0.34,305.4211916666667,37.4248,75.76094109745675,0.3398843021248017,0.285,0.022000000000000002,-3.08,0.6,-4.56,0.6,-9.0,9.0,3.400163449223887,0.2721647229248933,7.318506415091188,0.06906693766685582,0.026382230058786413,0.0016648400820427338,8.06979848751931,0.05524110376241049,-0.0651102195710068,0.32032232281149187,-12.786582999224692,1.5135551310212423,6.756196068322907,0.09323681349017147,0,0
G075.78+00.34,ON2N,305.4333833333333,37.443744444444434,75.78202617063077,0.34272075498874843,0.261,0.03,-2.79,0.55,-4.66,0.55,1.0,5.0,3.7155184578336566,0.4539245245008348,7.239934232361481,0.11501414935220927,0.028499895588601835,0.002799715247825942,8.137673199350182,0.11770841592513241,-4.147866037884834,1.2125781932589967,-1.4871258797326163,2.9447300286494396,1.329509270063947,0.8124276104454895,0,0
G076.38-00.61,G076.38-0.62,306.85614666666663,37.38012777777778,76.38087891296179,-0.6177468789150884,0.77,0.053,-3.73,3.0,-3.84,3.0,-2.0,5.0,1.2614324902049536,0.0880679818537261,7.875753858018609,0.021336298901656007,-0.008405179398430957,0.000976619286602357,7.976133822814138,0.006904422055857628,2.0858661549319835,0.2744056066102155,-8.397778852659911,0.15593039700241806,13.169513398001481,0.34102881908553484,0,0
G078.88+00.70,AFGL2591,307.3534291666667,40.18877500000001,78.88664662758207,0.7089349067223036,0.3,0.024,-1.2,0.72,-4.8,0.66,-6.0,7.0,3.267297892117907,0.2667171455762129,7.5395231767334145,0.05239480751716026,0.04690265834685663,0.0033729935779661115,8.21703384734044,0.06145931361989821,-13.248005609811374,1.4693793988968153,-7.950205763781156,1.0163506480819953,-21.35421270084074,2.379187092556083,0,0
G079.73+00.99,IRAS20290+4052,307.71113749999995,41.04098333333333,79.7357033468796,0.9904481658389028,0.737,0.062,-2.84,0.79,-4.14,1.06,-3.0,5.0,1.3350794220105653,0.11583324492331773,7.939579532449474,0.020977372811349232,0.02910202854913229,0.0020405136751212175,8.051249507785462,0.0015734065199432675,1.2356443272901447,0.4955551915969971,-7.26526218705186,0.027748860490053512,6.761666760560788,0.08404887990143518,0,0
G079.87+01.17,G079.88+1.18,307.6214333333333,41.26489999999999,79.8768617101513,1.176948051856514,0.62,0.027000000000000003,-3.23,1.3,-5.19,1.3,-5.0,10.0,1.5875486119548303,0.07038720559741951,7.897891374055389,0.01256825255925624,0.038791081546222086,0.0014723336419929524,8.055867349435331,0.001723157078466173,8.495292372226487,0.0800865430158966,-8.898850400008001,0.129747030144998,4.19223792072711,0.15214819772322558,0,0
G080.79-01.92,NMLCyg,311.60641666666663,40.1165,80.798358751203,-1.9209984018541382,0.62,0.047,-1.55,0.57,-4.59,0.57,-3.0,3.0,1.5923443153824093,0.12312063859891594,7.92345006678555,0.019941851325999817,-0.04842562903382411,0.004175991820735454,8.081869918501202,0.005492660372850987,-3.0293300512300845,0.7954465883492088,-6.490931978138974,0.04536082999124984,-3.9724693710927266,0.982163859632161,0,0
G080.86+00.38,DR20,309.254,41.58213888888889,80.86148060638195,0.3832986489012765,0.687,0.038,-3.29,0.73,-4.83,0.77,-3.0,5.0,1.4384728042060126,0.08140862099327921,7.9499570579032035,0.013096086970388452,0.015416962442195018,0.0005565227997508221,8.079048287449783,0.0018873772120840742,6.850344465509276,0.03008630459124695,-6.217782880072093,0.12378035799654882,5.892870057477525,0.1160793834606938,0,0
G081.75+00.59,DR21A,309.7583041666666,42.41646944444445,81.75231069833808,0.5907472014271133,0.6659999999999999,0.035,-2.84,0.45,-3.8,0.47,-3.0,3.0,1.4863834100811926,0.07952814244164232,7.965896886433013,0.011528349731082238,0.021175059355029512,0.0008342273669134853,8.103385023991379,0.0034813756891487442,-0.6355913937173311,0.4430303582923253,-5.692273463050185,0.07578759721215544,7.4424223596651276,0.023038666540626966,0,0
G081.87+00.78,W75N,309.651775,42.62633333333334,81.87126092276698,0.7806425959270948,0.772,0.042,-1.97,0.5,-4.16,0.51,7.0,3.0,1.2838466616837538,0.07023564426592262,7.997974002285965,0.01003264736831397,0.023347242623012417,0.000971814063405473,8.100361127255914,0.0014189864327832445,-1.1283123819811582,0.5612234491403021,4.278726932741989,0.025142914152719603,2.0175996692219185,0.32424412074914555,0,0
G090.21+02.32,G090.21+2.32,315.5945875,50.05230805555554,90.21041884652507,2.3243263294043786,1.483,0.038,-0.67,1.56,-0.9,1.67,-3.0,5.0,0.6744354425680867,0.01743394377824378,8.183820227453865,6.354195372646173e-05,0.033074984809506554,0.0007106507631403452,8.211563595410745,0.001497512514698711,-4.80662307355357,0.393152821427761,-3.0819992383032115,0.0004927547085062458,7.017646759590486,0.007835914565939456,0,0
G090.92+01.48,G090.92+1.48,317.30403541666664,50.017684444444455,90.92149156847276,1.4866391508876282,0.171,0.031,-2.96,0.2,-2.61,0.28,-70.0,5.0,5.850247279724168,1.275329751044901,8.275356184656037,0.020490323472727084,0.15849139207718593,0.03333332738931623,10.134441929225552,0.8345452179626119,4.048231747445805,1.2854627164514731,-25.741947930539908,17.089683256438473,16.9017839240564,2.4096904499086302,0,1
G092.67+03.07,G092.69+3.08,317.34054999999995,52.37696666666668,92.67110261250687,3.0711369069780137,0.613,0.02,-0.69,1.42,-2.25,1.42,-5.0,10.0,1.6278705992873157,0.053685102586531856,8.257248511244713,0.002502637526021468,0.09334757556260459,0.0028943534143053722,8.416181774681265,0.012878017702201039,-17.024428320851168,0.9015333793226378,-2.539572299269821,0.057588387358957355,-0.8964799098232312,0.26009875252455583,0,0
G094.60-01.79,AFGL2789,324.99279208333326,50.23916499999999,94.60251907932413,-1.7961221860465215,0.221,0.013000000000000001,-3.49,0.23,-2.65,0.23,-43.0,3.0,4.512201640222758,0.26911020705399274,8.544699217514303,0.021669627403179133,-0.13535458129702832,0.008405614821329437,9.662910967188846,0.1459160419830308,3.349525386253256,0.6099217320147939,-3.9254417214173998,3.379575330591397,16.542840567151565,0.39871359930953476,0,0
G095.29-00.93,G095.29-0.93,324.9187870833333,51.34244666666667,95.29640928036793,-0.9369260916592836,0.20600000000000002,0.015,-2.74,0.3,-2.85,0.37,-38.0,5.0,4.833638598356402,0.3560295624013921,8.629511929294104,0.03300920956379142,-0.07267666769938702,0.005764367809822494,9.891033223953405,0.2050318914829481,-7.570813732822471,1.3094500424085123,-0.12083704982899235,3.9656464104004567,1.3063272320910109,0.5607047308556781,0,0
G097.53+03.18,G097.53+3.18,323.0518095833333,55.89713583333333,97.53059757689884,3.183713765506176,0.133,0.017,-2.94,0.29,-2.48,0.29,-73.0,5.0,7.442572837743013,1.0156052329356857,9.164962442457325,0.1342210122668075,0.42510794950446007,0.05724786493734593,11.806287605202721,0.7618285683110579,9.655254603716557,1.259416250246816,11.876788742376647,15.463287905774896,9.722829659477345,0.8888022489199034,0,0
G100.37-03.57,G100.37-3.57,334.04318791666657,52.35947583333334,100.37795140467924,-3.57843805063198,0.289,0.016,-3.66,0.6,-3.02,0.6,-37.0,10.0,3.395816680319324,0.19275568675842394,8.803400463454274,0.03530857057922298,-0.20930814040102033,0.012197817425276708,9.435646805931318,0.10296469691338848,12.804498245485108,0.3531878934660417,2.0494469010481566,2.700215893748119,3.6144638818218064,0.42864183661612054,0,0
G105.41+09.87,G105.42+9.88,325.77700416666664,66.11537222222222,105.4153407995665,9.87819014043937,1.129,0.063,-0.21,1.2,-5.49,1.2,-10.0,5.0,0.8404872781204622,0.04769719632732722,8.413016348640406,0.013146253025978185,0.15770972584518714,0.008633090619202593,8.454895797534887,0.017886361947248127,7.760352396463895,0.4975204899672303,2.357157447663127,0.5482799898267302,-12.358134833223387,0.9335205496021715,0,0
G107.29+05.63,IRAS22198+6336,335.36136666666664,63.86053333333333,107.29814849705512,5.639738909923124,1.288,0.107,-2.47,1.4,0.26,1.4,-11.0,5.0,0.7382526430048224,0.06251386001135814,8.411227813783034,0.019464601327461042,0.08222395562132764,0.006489786032937921,8.443563838821907,0.024987746737613625,4.310972270306043,1.0600211778564492,-3.8535863727396418,0.25428560729636246,11.505467754644886,0.48468671241246536,0,0
G108.18+05.51,G108.18+5.51,337.21421541666666,64.22811138888889,108.18440412713686,5.5187141741030175,1.092,0.018000000000000002,0.26,1.15,-2.26,1.2,-11.0,3.0,0.8662034950175838,0.01432932638417098,8.46583870795362,0.004706005299364776,0.09401726479733546,0.0014629342904764182,8.510037222237427,0.006140906138698894,-2.0771777467602806,0.31369363596742295,-3.1491165740830525,0.04764654212635721,-3.071730235429074,0.14764122267326216,0,0
G108.20+00.58,G108.20+0.58,342.38115624999995,59.928335,108.2075792542506,0.5885686601049679,0.22699999999999998,0.037000000000000005,-2.25,0.5,-1.0,0.5,-49.0,10.0,4.1956148670003905,0.767283051214737,9.561395890264162,0.25237696378096114,0.05261109608161375,0.00860031563704897,10.441430720095552,0.5608106677743196,-11.256897558615224,5.287986969228239,-8.272494410019874,6.719196906555655,9.987994569996854,0.4670065701987269,0,0
G108.42+00.89,IRAS22480+6002,342.49531666666667,60.29906944444443,108.42546195100171,0.8938797786704659,0.4,0.05,-2.58,0.6,-1.91,0.5,-51.0,5.0,2.3696465709649446,0.31395848152850775,8.970783519382302,0.10459177953804767,0.04549501688877974,0.005287967633041343,9.278479499514294,0.1854901960544286,12.299448393144955,2.0954710419377176,-20.254611477527135,3.461053531651852,0.6065548094029856,0.8577487699705716,0,1
G108.47-02.81,G108.48-2.80,345.6336666666667,56.964277777777774,108.47140082934065,-2.81828263849846,0.309,0.01,-3.13,0.49,-2.79,0.46,-54.0,5.0,3.0674968774080966,0.09964537343943189,9.20612894841539,0.03328879535764824,-0.15240339313436085,0.005132081986170851,9.703728526074928,0.06313785679472081,20.129811968633494,0.3137492166355575,-7.502806093833215,1.4625008209821109,-8.289315579064384,0.6345051176662574,0,0
G109.87+02.11,G109.87+2.11,344.07523291666666,62.030433888888886,109.87114054361916,2.1142331144652298,1.228,0.024,-1.03,1.3,-2.62,1.33,-7.0,5.0,0.7650077498189994,0.01515424160853555,8.457836493671508,0.005476754764074027,0.035932121921544304,0.0006011873870281994,8.49236333484176,0.006821793674376557,2.817670483018852,0.26347477487401,2.5789673225328897,0.08730487320760096,-0.028914770930478895,0.1471470565154384,0,0
G111.25-00.76,G111.25-0.77,349.0430916666667,59.92461,111.2556473204034,-0.7697600325004578,0.28,0.015,-2.69,0.28,-1.75,0.33,-40.0,3.0,3.3305759496642797,0.180092247950111,9.47695910367043,0.07005604474509335,-0.04098097784260911,0.0025178437579077458,10.045172472841069,0.1262118123367991,1.0362726155771191,1.2119335815685994,3.964431375222233,2.11436308210831,-2.5822383605308215,0.6119474243288849,0,0
G115.05-00.04,PZCas,356.01367333333326,61.78949638888889,115.05817049311926,-0.04780508349368345,0.35600000000000004,0.04,-3.7,0.78,-2.0,0.81,-36.0,5.0,2.5446114796407784,0.3029469583489055,9.371081477512101,0.1416412175890526,0.004484147793586907,0.00013086171003524953,9.71041789216561,0.21925619313757108,16.151225245501877,1.3882578001010715,12.202004564238678,5.051538091904233,-4.957913117250339,1.5540614849055756,0,0
G121.29+00.65,L1287,9.197304166666664,63.48393333333334,121.29772769898064,0.6586746380665055,1.077,0.039,-0.86,1.19,-2.29,1.23,-23.0,5.0,0.7929026911942689,0.02896353449129729,8.663405043043232,0.017608298863716877,0.016715188139201257,0.0004066301236500424,8.69961387749652,0.02018811210462461,9.577203070665607,0.5803051939695388,-6.3212413781044745,0.1620911442628319,-2.136471275382277,0.35959145382539626,0,0
G122.01-07.08,IRAS00420+5530,11.243320833333335,55.77988888888889,122.01613080261144,-7.080364464508809,0.46,0.02,-3.7,0.5,-1.25,0.5,-50.0,5.0,1.8293208665030045,0.08062007313213115,9.325318806406557,0.050415362025743454,-0.26129531740652834,0.01176161930573529,9.503051387514597,0.06507877171499814,29.963060793784777,0.39239384037532266,-1.0752224462202093,1.449944555294786,3.1753768128427895,0.5219021269369083,0,0
G123.06-06.30,NGC281,13.10292,56.564035277777776,123.06687111330831,-6.307458387127732,0.355,0.03,-2.79,0.62,-2.14,0.7,-30.0,5.0,2.348170897835972,0.20555666329693742,9.710357926387202,0.13384685144346273,-0.30267984512591484,0.026985066803903276,9.990243121365692,0.17932871670653316,5.987648829341118,1.6419535895334159,13.788892778309787,2.609187022074259,-16.53312249438023,2.5022815633558397,0,0
G123.06-06.30,NGC281W,13.100816666666665,56.56199444444446,123.065712860949,-6.309503596002619,0.42100000000000004,0.022000000000000002,-2.69,0.31,-1.77,0.29,-29.0,3.0,1.9775129907383275,0.10526334761803416,9.46894962763242,0.06853849996794661,-0.25410247974494377,0.013823118837248178,9.673239616549306,0.0887759743158743,7.299899356966453,0.9771794966373355,9.357217835705086,1.2818876127005294,-7.984118161622602,1.0607519793767775,0,0
G133.94+01.06,W3OH,36.7659125,61.873675,133.94727176505737,1.0643603638741193,0.512,0.01,-1.2,0.32,-0.15,0.32,-47.0,3.0,1.406589602786106,0.027511567654543143,9.537171212683704,0.026518349203031717,0.04304430840275558,0.0007327015596846329,9.640338637761058,0.030251720660203086,20.52041438545322,0.42395291047324396,-6.890061335140956,0.259336741054128,1.7908225586629323,0.1038236364517845,0,1
G134.62-02.19,SPer,35.71546083333333,58.586512222222225,134.62067979354038,-2.1949947866937314,0.413,0.017,-0.49,0.5,-1.19,0.48,-39.0,5.0,1.7226640197892618,0.07123294674266599,9.881413567887813,0.0702979075709641,-0.08572748510371148,0.0037757438221779852,10.030448914416237,0.0815395294885309,2.9951523898993453,1.246332124856342,-8.090281608502096,0.17045163561632354,-5.079383194021357,0.6101352159771799,0,0
G135.27+02.79,G135.27+2.79,40.86903333333333,62.95233,135.27736804841592,2.7977111744013468,0.16699999999999998,0.011000000000000001,-1.22,0.3,0.46,0.36,-72.0,3.0,4.209239213442944,0.2843185137549307,12.431402882520645,0.28707450892558767,0.3015217421781278,0.01998954367738112,13.124689420459761,0.363662204557963,14.621940147260549,2.0996121154900185,13.376752563821583,2.879275253145409,1.6867326712855348,0.17849498759370605,0,0
G160.14+03.15,G160.14+3.16,75.41768208333333,47.12195166666667,160.1459561384659,3.1565872797446364,0.244,0.006,0.87,0.35,-1.32,0.29,-18.0,5.0,1.389634233587644,0.034383813738291046,12.029777327811587,0.09522159814404245,0.23410223285295212,0.00565425879271729,12.109773980545153,0.09854119989454642,-11.6419446890951,0.5871722527242301,-11.675486273581129,0.6153476454304865,4.986356498855553,0.057204084094588034,0,0
G168.06+00.82,G168.06+0.82,79.30726499999999,39.37219861111111,168.06255332305662,0.821792774472923,0.187,0.022000000000000002,0.44,0.29,-0.78,0.35,-25.0,5.0,1.1066935320759919,0.13992748537673183,13.416049192219416,0.6618603805296074,0.08609058279662686,0.010179130803161907,13.461617529182371,0.6713528866361356,5.228775137937463,1.7014587746710117,-1.1705300399432872,2.0729217101161765,5.470756787780115,0.29492602867428513,0,0
G170.65-00.24,IRAS05168+3634,80.09195833333331,36.63239722222223,170.65992509395934,-0.2471586354095883,0.532,0.075,0.23,1.2,-3.14,0.6,-19.0,5.0,0.30413754671660187,0.04601521413528185,10.030505279180169,0.27977051999178265,-0.0011869420713542782,0.0010243235825222775,10.0351151365086,0.2811150879520793,10.986038949046945,1.265608479213092,-6.869261911314084,3.065107255343408,-6.145800000664581,2.1581588222029953,0,0
G173.48+02.44,G173.48+2.44,84.80444083333333,35.764244722222216,173.48170012167827,2.446150239406822,0.594,0.013999999999999999,0.62,0.63,-2.34,0.63,-13.0,5.0,0.1908687735194829,0.004511603955676809,9.851909483758748,0.03948706783718364,0.07858697288630642,0.0017256020626969625,9.853758235560704,0.0395671877100207,8.47067255649931,0.13387207832650813,-0.6913731029406165,0.3574246239443187,2.1331149761047943,0.1355153979644292,0,0
G174.20-00.07,AFGL5142,82.70007208333334,33.79849111111111,174.20078576569145,-0.0705774365495289,0.467,0.02,0.32,0.56,-0.22,0.68,-2.0,10.0,0.21643364436544474,0.009310363088183806,10.312399204097273,0.09167118771987792,0.0044359007142886955,4.93589208890111e-05,10.314670177328958,0.09184723988091925,-1.7414271998750557,0.1872312394064527,15.847168862573454,0.007463722337604617,9.560775994108694,0.0639534899548659,0,0
G176.51+00.20,G176.52+0.20,84.46723041666667,32.00109111111111,176.5155330804469,0.2008047303915956,1.038,0.021,1.84,1.0,-5.86,1.0,-17.0,5.0,0.058528221704037826,0.0011917242893408385,9.142573371314192,0.019571734660721925,0.009624271659200566,8.227987901437251e-05,9.142760710124662,0.019578974121088222,15.013835504415525,0.05627444042926476,-10.761468032190805,0.5136168201129333,0.8102532836289429,0.14731695714648205,0,0
G183.72-03.66,G183.72-3.66,85.10094833333333,23.848535555555554,183.72001748339744,-3.664334779789013,0.629,0.012,0.38,1.3,-1.32,1.3,3.0,5.0,-0.1029325257546701,0.0019659010563860125,9.764837220261779,0.03024267984285621,-0.09497224397680351,0.001920503714914879,9.765379718324732,0.030261751091957587,-0.9276279402943963,0.05363370347531972,6.926601326763944,0.13389544301293607,4.331154686348133,0.0537816424211618,0,0
G188.94+00.88,S252,92.22226708333332,21.64141638888889,188.94613651904683,0.8859910867416382,0.47600000000000003,0.006,-0.32,0.49,-1.94,0.49,8.0,5.0,-0.3266843006911355,0.004118331839013983,10.256532611738875,0.026160549475509293,0.039431418895038844,0.0004267045736632061,10.261733959130938,0.02627842839098386,-0.253652183853336,0.09491360598527283,0.4451880069401568,0.14479967366965088,-3.7454879492852733,0.15319240095472117,0,0
G192.16-03.81,G192.16-3.84,89.556375,16.533027777777775,192.160922685052,-3.8166167234548873,0.66,0.04,0.7,0.78,-1.8,0.86,5.0,5.0,-0.31842210404473004,0.019427170555066733,9.659149139035895,0.09016089205764073,-0.09430569241633821,0.0060943035725823415,9.664396242212037,0.0907585266268634,2.7256687131578623,0.5469432803168495,0.31248293340985356,0.6596856780205883,4.786781409747087,0.12534377844660508,0,0
G192.60-00.04,S255,93.22504166666668,17.989777777777782,192.6002643996537,-0.0480346259467824,0.601,0.039,-0.18,0.6,-0.43,0.6,7.0,5.0,-0.3636519201020561,0.023455857612306535,9.80821370427694,0.10493331011823681,0.005234184897835014,2.2519794333315296e-05,9.814952816379703,0.10573851634878524,-0.0406573311435064,0.504947794592103,11.356689376095119,0.04853441243286106,5.194570560967309,0.18568632566394191,0,0
G196.45-01.67,S269,93.65441666666668,13.826805555555556,196.45392144831814,-1.6772835839025606,0.242,0.011000000000000001,0.2,0.27,-0.73,0.27,19.0,5.0,-1.1704090285640965,0.053385427023092936,12.144448937054865,0.18076679027372,-0.11291303405653115,0.005404929851442048,12.20071708051938,0.18507191217504676,4.158845401639694,0.7856166500766847,-0.766128268560891,0.39330304443513797,3.7371531413034074,0.15430147621860973,0,0
G209.00-19.38,Orion,83.81583333333333,-5.387250000000001,209.0071038179257,-19.385407367876446,2.421,0.019,3.13,3.06,-1.1,3.71,3.0,5.0,-0.1888939211969854,0.001476021086146314,8.522171660671177,0.002663093138891248,-0.1312995685302515,0.0010696058137676027,8.524264820347389,0.0026951589071941813,-0.8212731910872674,0.045531756433590996,1.1907488210879364,0.03332835851419768,5.336034413475561,0.03309150748378462,0,0
G211.59+01.05,G211.60+1.06,103.1888375,1.6730755555555554,211.5928799268676,1.0558432850287698,0.239,0.01,-0.79,0.62,0.05,0.66,45.0,5.0,-2.1926026663500604,0.09238354471252878,11.746304966713057,0.15020599229178874,0.08477844950039565,0.003336822714398111,11.949191889977882,0.16465578001165151,-4.978827996299649,1.0648188831735665,0.70045761636527,0.5833381065746188,-4.251783922511514,0.568617332276672,0,0
G213.70-12.59,G213.70-12.6,91.94941,-6.382384999999998,213.70489510697948,-12.596933374924088,1.148,0.03,-1.3,1.2,2.2,1.2,11.0,3.0,-0.4716645595724186,0.012238526238443168,8.888640336903421,0.018352117299517814,-0.1839715002699717,0.004918477863696194,8.901145684437662,0.018976249184987526,-6.332978507004545,0.16919657624542792,9.855295398349142,0.27847087924774727,0.9570450556342891,0.019178864616072433,0,0
G217.79+01.05,V838Mon,106.02009041666666,-3.847398888888889,217.79735918637314,1.0521676307724253,0.163,0.016,-0.54,0.23,0.08,0.17,49.0,5.0,-3.7538315388473977,0.3830408786567783,13.021131109324104,0.4938499121808527,0.1207382828396314,0.011750409150205164,13.551424522471923,0.5819222431333335,13.289466628271352,3.273507478885008,-4.987377913723208,1.2770132496158733,-3.5403785399186027,1.3127891925995527,0,0
G229.57+00.15,G229.57+0.15,110.75738249999999,-14.692871944444445,229.57103107365108,0.1511496337363216,0.218,0.012,-1.33,0.7,0.77,0.7,47.0,10.0,-3.4901400898202106,0.19326650824441766,11.154737963728957,0.1646506893959097,0.01911461313771512,0.000749295116838685,11.68799627335782,0.2151879334077271,13.417819851986735,1.7195769796356126,-4.0735517449895156,1.5060929612777938,-9.294220574398361,0.9726394858941336,0,0
G232.62+00.99,G232.62+1.00,113.04074999999996,-16.970222222222223,232.6204764855296,0.9956623329523018,0.596,0.035,-2.17,0.38,2.09,0.6,21.0,3.0,-1.3324009828482333,0.07936242104157498,9.19928150904935,0.06063080872523872,0.03519222666246076,0.0017636088521257953,9.29527152168414,0.07150453627831546,1.6326149644503247,0.7845539989258027,1.6739193892343565,1.0874615629804403,1.6835988763548562,0.4221517522101434,0,0
G236.81+01.98,G236.81+1.98,116.11765291666666,-20.141835000000004,236.8158559066961,1.9834377864193748,0.326,0.026000000000000002,-2.49,0.43,2.67,0.41,43.0,5.0,-2.5644645370995245,0.2093954013059982,9.858402980874505,0.13693488221664388,0.11240796831698288,0.008722518427829938,10.186490450363973,0.1860962086606185,-7.914510119997166,0.9878784215801237,4.865725107742264,3.5773277758069826,-1.766929639289609,0.9778426171433952,0,0
G239.35-05.06,VYCMa,110.743025,-25.767516666666666,239.3525543239775,-5.065400957531599,0.855,0.057,-2.8,0.58,2.6,0.58,20.0,3.0,-1.0034828933038802,0.06767585690371003,8.776023333401076,0.0401045290908036,-0.09757235506916828,0.006956918796667885,8.83320799401631,0.04764682431972644,-0.5985920844967259,0.554919171780275,-5.0808468067432955,0.9371573688477219,-2.3566725357718195,0.471843119558331,0,0
G240.31+00.07,G240.31+0.07,116.21653166666668,-24.128158888888887,240.31556192003987,0.07129338852107177,0.187,0.013999999999999999,-1.55,0.5,2.57,0.3,68.0,5.0,-4.642683252840654,0.35365957498843104,10.827825667495878,0.20159617431428664,0.013249642338146832,0.0005839870170062301,11.781184850085735,0.32596737784117225,-7.629751753942331,1.3235259323744206,5.624104372082428,5.279740128088602,6.817409857638413,0.1054403419916716,0,0
G305.20+00.01,G305.20+0.20,197.80416666666665,-62.66666666666667,305.2001322004253,0.11794341636129108,0.25,0.05,-6.9,0.33,-0.52,0.33,-43.0,5.0,-3.2697944139768205,0.8079700845706235,5.874760819341406,0.5699639156743179,0.011690383109485485,0.0015090614629742068,6.741331973868421,0.1801978216096618,-4.888595890754967,1.8672846083728623,0.4940706169642226,5.941665470372828,8.288097995119358,0.06573405066449858,0,0
G339.88-01.25,G339.88-1.25,253.01949,-46.14289,339.8839744426684,-1.258844415155656,0.48,0.08,-1.6,0.52,-1.9,0.52,-34.0,3.0,-0.7134588662610921,0.13378102390137128,6.233442951630467,0.36525527928768486,-0.041453444701340984,0.008819887773441705,6.274140147070203,0.3427361095256738,-6.596855336662388,5.168208986642576,6.818642639676199,3.2099624739327877,9.222959002885952,0.052370224544121206,0,0
G348.70-01.04,G348.70-1.04,260.0168166666666,-38.97525555555556,348.7036894831859,-1.043576662219392,0.29600000000000004,0.026000000000000002,-0.73,0.31,-2.83,0.59,-9.0,5.0,-0.6617683938158285,0.05974695893703525,4.868414990738992,0.2991054218354605,-0.058331293135552145,0.005770453930798816,4.913186535142516,0.2873290084525063,14.001394773183058,3.06732399944641,-20.222674813550185,1.8179525383191102,-7.952026418236164,1.4744214186825002,0,0
G351.44+00.65,G351.45+0.66,260.2275041666667,-35.752394444444434,351.4449426111547,0.6596624023223397,0.752,0.069,0.31,0.58,-2.17,0.9,-8.0,3.0,-0.19783991564006884,0.018975643987928312,6.866237557390335,0.12613902984042383,0.019964519109632616,0.0013793598225523966,6.869087190212253,0.12550739305634773,0.12735232134091132,0.6374585276246739,6.366094031369187,0.9408145169402559,-1.5018402592787723,0.9022513398375149,0,0
G359.61-00.24,G359.61-0.24,266.41279041666667,-29.39174027777777,359.6146910246702,-0.24315899246129866,0.375,0.021,1.0,0.4,-1.5,0.5,21.0,5.0,-0.017912942189258214,0.0010277391847438298,5.517454661460533,0.15283932839703565,-0.007543474722929476,0.0007531384675035546,5.517483739420574,0.1528350640586287,21.87862212151967,0.055394516724637397,6.574136362478939,0.11628566322813226,-12.625278926554278,1.184740624648615,0,0
