gname,alias,ra,dec,glong,glat,plx,plx_std,mux,e_mux,muy,e_muy,vlsr,e_vlsr,x,x_std,y,y_std,z,z_std,R,R_std,Upec,Upec_std,Vpec,Vpec_std,Wpec,Wpec_std,is_tooclose,is_outlier
G359.13+00.03,,265.85671208333326,-29.654875277777787,359.13734970150324,0.03164965568619413,0.16453495577823882,0.0309297820938757,-3.98,0.36,-6.5,0.79,-1.0,10.0,-0.08814508635779857,0.01563734844235706,2.3273919350767986,1.0385215437635686,0.004807375717855051,0.00013765690655557252,2.3777674447550203,0.9216920732544538,-3.6658386047889007,5.275939481153122,-131.15170266195375,23.319275438095094,7.342372813760082,0.13070247128327556,1,0
G359.93-00.14,,266.5079929166666,-29.066298333333336,359.9358046522043,-0.14465979579567287,0.18146806853347316,0.028611798239952777,-1.33,0.44,-1.8,0.78,-10.0,10.0,-0.006006913068065287,0.0009102838659275969,2.8180161264219654,0.812758108386865,-0.011619269976684466,0.0026068704400675886,2.823327951435352,0.7941327482153069,-9.201468861058093,2.872893681302751,0.23050121566377188,25.504503677823084,13.200106818479416,0.7664184785231064,1,0
G000.37+00.03,,266.58917166666663,-28.59439472222222,0.3758705159499473,0.03998288982206162,0.12545660462868702,0.04719332128104138,-0.77,0.28,-2.67,0.4,37.0,10.0,0.04437322394889403,0.01455792575952827,1.4173076854673399,2.219144636381552,0.005695060801330324,3.665837391209426e-05,2.0515185983097997,1.651307466664177,13.221635949371638,38.26006635393397,-36.66658026544273,110.49046841464305,-15.337374122191445,7.6821257730845165,1,0
G000.67-00.03,SgrB2,266.8333333333333,-28.37777777777778,0.6723936512495867,-0.031085589754245226,0.1288813415318573,0.01215547785925787,-0.78,0.4,-4.26,0.4,62.0,5.0,0.0902766081524672,0.008414502539782385,0.48916054100087547,0.7169747605274872,-0.003824490803019787,0.0008768836860365594,0.7332767065027036,0.4731350585602068,11.459301782584705,59.00768689132979,-9.47910747940771,69.65035495996584,-48.14686362964753,5.234698705118453,1,0
G001.00-00.23,,267.23035208333334,-28.19673333333333,1.0080088997502157,-0.2369146459410753,0.09029888775589355,0.056742195719777504,-3.87,0.28,-6.23,0.56,2.0,5.0,0.11178350270083728,0.08062454099817123,1.8284551262180802,4.582073346909684,-0.025006372022268013,0.022063007275046433,2.749576761622621,4.09847139859307,6.256816531353415,7.100440940816168,-66.06351897885665,121.24381839416914,11.314299143287219,2.3049131427763805,1,0
G001.14-00.12,,267.2022541666667,-28.01981944444445,1.1468590971627388,-0.12451539666452208,0.1931307939275064,0.1630241159524266,0.82,0.33,-3.59,0.69,-16.0,3.0,0.041069787328221426,0.04456811636255358,6.129877496214197,2.226230284006973,-0.00026892020309802567,0.006350739446701943,6.1302102455984455,2.2261389860496097,-17.524385138064435,1.0741202942407917,-7.873593884905393,28.30295434333799,-16.683292502645337,26.952287345117202,1,0
G002.70+00.04,,267.9415691666667,-26.599186111111113,2.703329806207946,0.04008424737831133,0.10075415437763843,0.10417265429424215,-3.13,0.87,-9.36,1.24,93.0,5.0,0.13545914440628168,0.18595579218398187,5.312493188408301,3.9383298374346536,0.00565781368773667,0.00010225750776004365,5.3201739949485845,3.934679553055836,98.94403869432051,5.95377238206415,-83.0502544715549,166.27206036889518,-20.32990585478653,39.00029356776747,1,0
G009.21-00.20,,271.72017541666673,-21.07441055555556,9.214501562373684,-0.20178401986576253,0.3024373091244836,0.09537967665425647,-0.41,0.45,-1.69,0.5,43.0,5.0,0.4729973229746384,0.12878234012671885,5.265683046116008,0.793847983308857,-0.006728786376782493,0.0033522017159882548,5.291678578500369,0.7720503502153051,22.158225144419436,10.1379329433429,3.5737439995833475,3.506102796160777,1.4256354714401083,1.7765952584418467,0,0
G009.62+00.19,,271.5610833333334,-20.52547222222222,9.621176471063592,0.195793505394722,0.19394705732607795,0.022936713667218844,-0.58,0.13,-2.49,0.29,2.0,3.0,0.8494174048229517,0.09891726051530468,3.1705400992440596,0.5835255810870695,0.019675635380375523,0.0016410928109002424,3.294211290143205,0.5218171639901452,-40.953689934829235,13.480413784341883,-21.872897090502388,3.166605529345072,-9.05912050830058,1.9921712160395695,1,0
G010.32-00.15,,272.25606208333335,-20.085515,10.322582065798148,-0.15976309095023986,0.34312299320663747,0.035264299061576417,-1.03,0.36,-2.42,0.5,10.0,5.0,0.5168113732807497,0.052375250222228185,5.343903854730184,0.2875567237961386,-0.004307370698643791,0.0010023533874163075,5.369453532553021,0.28071908047354727,-6.556121923048362,2.2608391523985722,-18.216089796619052,2.156089305708563,4.365844706877657,0.3771490511951998,0,0
G010.47+00.02,,272.1592875,-19.863961666666672,10.472275231547773,0.02718692730081781,0.11704938395761251,0.007976560045684727,-3.86,0.19,-6.4,0.14,69.0,5.0,1.5455117215157146,0.10469686485432035,-0.1800558335436595,0.5664235545108498,0.0041745879569152,9.5431362275506e-05,1.645445436413756,0.21291542202417954,24.944960551380973,20.863673156829513,-26.139392667816956,8.54361015670066,18.928876614436014,0.7357187698204319,1,0
G010.62-00.33,,272.57493708333334,-19.90129055555556,10.628762401846712,-0.33293427419314275,0.36238050971207086,0.07577775186861936,-0.36,0.39,-1.86,0.38,-6.0,5.0,0.4859108409088919,0.09570277044271243,5.592134655981904,0.5099623600537381,-0.011409434225275262,0.0033468157962091216,5.615292296462268,0.49577455580097773,-23.677124762865777,5.284582863982365,-10.426528317243276,2.5319646365217623,0.9139770051296194,1.4349032414431524,0,1
G010.62-00.38,,272.61901166666667,-19.930204999999997,10.623443843526003,-0.3831828909830312,0.20208082977678662,0.018920153534839897,-0.37,0.5,-0.6,0.25,-3.0,5.0,0.904083263190719,0.08399218260161943,3.36139733764701,0.44778990664119195,-0.03035010309398619,0.0033383285881493654,3.487176899252234,0.40438393745493634,-62.848500743727676,13.27493790927635,10.2283583545494,2.72371923291572,8.990821900853195,0.07403553058139123,1,0
G012.02-00.03,,273.00766666666664,-18.532166666666665,12.0253782206583,-0.031360968405016364,0.1059691072622436,0.008026066385920641,-4.11,0.11,-7.76,0.28,108.0,5.0,1.9549073162143038,0.14735791516977434,-0.9957548021577857,0.6917569963524332,-0.005483013828563475,0.0008341636027443892,2.261008131308476,0.4486363430788594,23.247775180557642,29.45154980042123,40.0828946085443,10.782785233033628,2.213422864017,0.4336119974036628,1,0
G015.66-00.49,,275.2489458333333,-15.552722222222224,15.665337907741975,-0.4989202772567488,0.21958890605878784,0.0288337600264991,-1.16,0.24,-5.3,0.3,-4.0,5.0,1.2075986769542897,0.15504880366799528,3.8752454952946764,0.5528808866363312,-0.03609464604001202,0.005351214421940398,4.07303966239598,0.4646369854622043,-19.055529136657093,3.091890528629454,-81.84909710370212,6.499169737001728,-23.01101325653754,4.013094147888673,1,0
G016.86-02.15,,277.3517020833333,-15.267816944444444,16.863852816256305,-2.158718684011113,0.4269729694458857,0.0915733803058836,0.32,0.49,-2.48,0.56,17.0,3.0,0.6462801334169666,0.12867785181792277,6.049473693674159,0.4244704511152927,-0.07973569506020564,0.016987475826164045,6.0866375044060925,0.40421160878983436,-5.595355579122922,5.4948191462319755,-4.451813045942607,3.131109318752223,-7.16012355614542,3.010843031672262,0,0
G017.02-02.40,,277.65122124999994,-15.241217777777774,17.021111438425848,-2.4026814379453247,0.5305473109012124,0.10705215983002085,0.1,0.61,-2.81,0.76,22.0,3.0,0.5273959026259939,0.09943296577509816,6.458692299741035,0.3247847886674801,-0.07109816843799642,0.01445720039723368,6.481512115076302,0.31340937540533487,4.781747757609305,3.4036593076559787,-2.423568575289175,3.1919479954818524,-4.106580268688582,2.232764998121095,0,0
G019.00-00.02,,276.4365741666667,-12.379412777777777,19.00861898230549,-0.02927879524970525,0.24734521241208385,0.06337241697257494,-1.77,0.29,-4.0,0.42,56.0,5.0,1.229351279743437,0.28097146315804794,4.612813597855561,0.8156011296943101,0.0014282464106861168,0.0009496539853417425,4.806558780799614,0.6561224810610086,22.241897687130766,13.880278527365231,-25.361045110931453,6.196592242269667,2.607540214747407,1.2398171941104268,0,1
G019.36-00.03,,276.607415,-12.06479638888889,19.36479458120437,-0.030218659385238107,0.3512239763585471,0.06960881988469363,-1.12,0.38,-2.5,0.46,27.0,3.0,0.9070321534741139,0.16942486684464783,5.600646599794754,0.48205278879948016,0.0025336056642974512,0.0005696580752192465,5.679596485881362,0.43956011817211044,-2.158385122874149,7.241232381345166,-10.803390436916885,4.129441154558895,5.786613909976042,0.42539679882422926,0,0
G019.49+00.11,,276.53820458333337,-11.880931666666665,19.495878629696847,0.11540813737933625,0.32759849997196777,0.10095686910831067,-3.6,0.42,-8.2,1.03,121.0,5.0,0.9214617754207122,0.24256030429870865,5.578633340627017,0.6851273655297726,0.00952517996706742,0.0010376314149470498,5.667274088582063,0.6168315538479402,119.37194493373674,2.539203150272316,-34.51538461059782,15.02060054187682,-0.19173954895418183,2.2166961401944913,0,1
G022.35+00.06,,277.93383291666663,-9.370093333333333,22.356498100596557,0.06636008021647362,0.23054191070272337,0.10768538325723506,-1.7,0.28,-3.9,0.31,80.0,5.0,1.243611947448022,0.5604334687536482,5.1576155189795365,1.3626507735168683,0.0075179526676619575,0.0008718398315644883,5.358622579965076,1.266347253484537,39.423682211410096,17.210657462049603,0.30526164036691006,19.38962144485772,3.5048602373949294,2.0779736005816156,0,1
G023.25-00.24,,278.63016541666667,-8.713140555555555,23.25666790847797,-0.2405330629180043,0.1685441890318712,0.05054541144440535,-1.72,0.23,-4.09,0.28,63.0,3.0,2.1161292804688165,0.550446516418317,3.2575428930839605,1.2807814494600047,-0.019916142838101114,0.006632908982113871,4.0717014147535595,0.673965065675482,-9.472379771534143,30.244869579499692,-29.090926671585347,16.36728970236709,-1.279117683668885,2.3750327032736487,1,0
G023.43-00.18,,278.66327916666665,-8.523723611111112,23.4398747758758,-0.18234046517464125,0.16972048234560738,0.03149376723176684,-1.93,0.15,-4.11,0.13,97.0,3.0,2.255773834914611,0.3932262291121412,2.978533905860455,0.9069563968723957,-0.015630888623857916,0.003698059114720187,3.844225979618181,0.3991280663693859,2.2429140315038176,31.108948713083947,-2.2384328933031616,8.219705369791756,2.881994560765019,0.8525542851960848,1,0
G023.70-00.19,,278.80150416666663,-8.29431388888889,23.70648140903539,-0.198089487895776,0.1610526473668099,0.02404579689614519,-3.17,0.18,-6.38,0.21,73.0,5.0,2.440242119651304,0.3564837729905,2.624066917646389,0.8118397500134762,-0.0187785021721139,0.0035589074475152432,3.67939517342311,0.29786642762273585,48.10797489520895,10.401243098966889,-50.32936700264452,6.123497474004077,4.233604679128217,0.5278654272637902,1,0
G024.78+00.08,,279.0523391666667,-7.203011111111112,24.789784460044235,0.08328615497898524,0.150150031037472,0.015929446659610134,-2.62,0.16,-5.08,0.2,111.0,3.0,2.760215333514701,0.2897115925902211,2.2049014914172336,0.6272879867192672,0.01154326645914721,0.000625554203954929,3.596356087028565,0.15500062799781253,8.192810398698324,21.505731036071005,0.3095795709662766,2.3066290024618694,7.800265723555291,0.038165220750844324,1,0
G024.85+00.08,,279.07661125,-7.147453888888888,24.85019363114266,0.08744403115578879,0.1758269328848226,0.016143447767535023,-2.42,0.19,-5.23,0.26,111.0,5.0,2.3704889943447287,0.21554359814580767,3.0629265326907813,0.4654086226835188,0.011102062672476203,0.000501807309509707,3.900647530770043,0.22079421740163807,36.21636585989287,13.429512733718871,-0.83011127217512,1.1800722500145078,1.2737745689471875,0.6271346799612418,1,0
G025.70+00.04,,279.51310416666666,-6.404219444444445,25.709476412638782,0.04382484083429205,0.09782747518004793,0.02885819491473073,-2.89,0.11,-6.2,0.36,93.0,5.0,4.017899089582777,1.0764318524484577,-0.16368910470950082,2.235715412765047,0.007655719631868932,0.0005552136050977044,4.455569065111718,1.573321474756758,-10.788013204668754,30.847314815015842,-0.8773194678113306,39.30949104134349,-4.232780641885322,3.302700155202736,0,1
G027.36-00.16,,280.4627375,-5.028734166666666,27.365018755523895,-0.16583551744408356,0.12484751301961088,0.04193297394760826,-1.81,0.11,-4.11,0.27,92.0,3.0,3.242804962381282,0.927467484131222,1.9160192713254707,1.791936861192895,-0.018560469291112842,0.006905313101419505,4.179128102894015,0.8905255865832129,-47.90428150154019,44.18809351616125,-17.652224790927733,26.841096368950033,-1.3086829495462913,2.610314520855405,1,0
G029.86-00.04,W43S,281.4982116666667,-2.7518280555555554,29.86235404758307,-0.04430388038070352,0.22099129883613372,0.029781562963809474,-2.33,0.26,-5.47,0.31,101.0,3.0,2.2102265968318586,0.2894962749313843,4.331813315482636,0.5042152842562846,-0.00010041701677054488,0.0007444584958785865,4.8887738074771985,0.29604056299345183,46.589134759354955,9.850185857209814,0.8413266507889106,1.8008858319693344,-1.009608713677486,1.1760865347645826,0,1
G029.98+00.10,,281.41650916666663,-2.5757169444444443,29.981786908873673,0.10870528029669776,0.15601148008518456,0.009891203943433534,-0.94,0.32,-3.49,0.32,109.0,10.0,3.1896363385309257,0.20140256065769543,2.6526810029968764,0.34909638929905906,0.014462446138296855,0.0005606525837701083,4.167558043294125,0.06623980655951738,-62.57878025544876,15.995951729380671,18.021268455846737,6.657856351326192,-14.74991783473729,1.4495161333664457,0,1
G030.19-00.16,,281.7627908333333,-2.5100744444444443,30.19808488637404,-0.16914209901434926,0.21191809968320954,0.0099983681318426,-2.08,0.22,-3.8,0.25,108.0,3.0,2.3682170639732827,0.1116321484032521,4.112059080083737,0.1918173147860054,-0.010690371622049739,0.000767103521479971,4.749191821115742,0.10915404366904707,14.661465069020997,6.273755682426975,24.207264251547716,0.7947454100458371,10.323930568940803,0.12078213819766855,0,1
G030.22-00.18,,281.7845745833334,-2.4914805555555555,30.22456064109808,-0.18002336531163532,0.28417674610582033,0.031919418009875085,-0.87,0.31,-4.7,0.34,113.0,3.0,1.7485570878608883,0.19339750114671925,5.180011404907924,0.3319615513435302,-0.00708161266758416,0.0014007933730363295,5.475108362596761,0.2464944772763491,50.417828418793086,7.882268106602698,30.01307196911858,1.6719111440192824,-14.875697783327478,2.499843148932806,0,1
G030.41-00.23,,281.91982875,-2.3419186111111108,30.41930414667541,-0.23203670427991155,0.25286457575755544,0.021178668052736358,-1.98,0.28,-4.07,0.29,103.0,3.0,1.9886966825602128,0.16579390588561244,4.794341733668718,0.2823695236775709,-0.012296566891946258,0.0014906129426864754,5.197167598731277,0.1931224281435607,33.75167216521646,7.21933871364165,21.231277723179282,1.4201229723904092,5.877839406941531,0.15059811972365064,0,1
G030.78+00.20,,281.70035999999993,-1.814985,30.78812070099201,0.2035512648483566,0.139403370662362,0.03228335556095953,-1.85,0.16,-3.91,0.19,82.0,5.0,3.474673567661026,0.738339819713488,2.349771831937998,1.2391654120927664,0.026310718128744304,0.0044044022699701955,4.419500464263101,0.37878267945013006,-53.15099883565386,32.73378230713221,-19.01619938770633,18.649904089008675,3.7644111886298663,0.9589029446268282,0,1
G030.81-00.05,,281.94572958333333,-1.9073377777777776,30.817836048306493,-0.05681146368102075,0.3208459828880458,0.03697514690035838,-2.34,0.35,-5.66,0.35,105.0,5.0,1.575200028738415,0.17834843597489872,5.540812078362768,0.2989702621644019,0.0010003875811398992,0.0005188925843723495,5.766115917346435,0.23441891618539493,67.42451230661085,3.592017345825844,12.383801325183507,3.043993505281594,0.6169755349331316,0.8298103652035037,0,1
G032.74-00.07,,282.84109333333333,-0.2017277777777778,32.743998601016735,-0.07561954326359703,0.12593719241807047,0.01598956531663608,-3.15,0.27,-6.1,0.29,37.0,10.0,4.224473426850225,0.5258899627866314,1.6121810343438507,0.8177744382267252,-0.008489656545113706,0.0017518963141024873,4.616016582565749,0.28811389400093484,16.941401879196608,4.504231612547031,-52.976549091697365,10.012691039169722,8.724802465779714,0.08506625489283132,0,1
G032.79+00.19,,282.62805416666663,-0.033133333333333334,32.796902748742106,0.19085880269231165,0.10301569569510377,0.03093322184633649,-2.94,0.24,-6.07,0.25,16.0,10.0,4.7669570506695145,1.202382007090434,0.7835877783460069,1.8659599061053218,0.030661142772448396,0.006325443520385547,5.178872427134177,1.2019561451808685,15.28320148031415,2.4426265320482017,-56.056700420868886,40.187873282255126,1.619020298450124,1.628391020671345,0,1
G033.39+00.00,,283.061005,0.41510388888888894,33.39324682286976,0.009930293754734969,0.11258848409859824,0.02911048281713957,-2.48,0.13,-5.36,0.13,102.0,5.0,4.55458403526861,1.038302484752052,1.2722006177267164,1.575072382833558,0.0030767835427725617,0.0005714127964351649,5.0156981311886835,0.8743154258421914,-35.12028049857264,29.403662406084006,5.889491378089332,11.096488202420499,-1.3641074195780167,2.1465577764185366,0,1
G036.11+00.55,,283.8199695833333,3.084831111111111,36.11515249562877,0.552417516017583,0.24668101936938902,0.05631509362818914,-1.41,0.26,-3.76,0.27,75.0,5.0,2.263095717543372,0.473414388559857,5.079573150716906,0.6488596593787257,0.040872009458903485,0.007381999413783946,5.607972530486969,0.345615043676489,-0.6262628771245092,18.222588196871076,12.505250677575416,6.911224448370606,0.18876221855148462,1.761004967495359,0,0
G037.47-00.10,,285.0297625,3.9980486111111113,37.478995245362846,-0.10479699963239833,0.08786790559343602,0.02985302284216501,-2.63,0.07,-6.19,0.15,58.0,3.0,6.062616648898453,1.781871957215525,0.27442351676038296,2.3239391397568245,-0.017006151992298067,0.006639303924804742,6.454283663605385,1.9361332818207235,-6.95948838647795,12.981104954498102,15.57095449876134,58.56033267802252,-15.39049765799531,6.870542093649118,0,1
G038.03-00.30,,285.4602816666666,4.4052500000000006,38.03751439318483,-0.3003079837677448,0.09520900166815652,0.02208191169661917,-3.01,0.06,-6.2,0.11,60.0,3.0,6.114217952023229,1.329431548881846,0.36612060265013663,1.6992898655857889,-0.05072018748488197,0.01224223042095481,6.34145470410142,1.3995113385758826,-1.7680723223193,10.716700412038188,18.29724664832911,44.490324410668315,0.042260577483309206,1.6947101562826241,0,1
G040.62-00.13,,286.50678666666664,6.776705555555554,40.62252629485976,-0.1383352018401078,0.08022212593139888,0.020855098157967055,-2.69,0.09,-5.6,0.25,31.0,3.0,7.538547410708538,1.7360382716472758,-0.606991305056021,2.0238538030972646,-0.027088208486241473,0.007523867450024673,7.763217276543982,2.0100761483134377,-15.531746169881005,4.439060081894339,16.05476462542149,57.995334120567165,-2.247065766731887,2.3690521038257963,0,1
G049.41+00.32,,290.2467075,14.780448055555556,49.41561779563076,0.32574685738368936,0.1311680562522402,0.031231303387643898,-3.15,0.17,-4.49,0.66,-12.0,5.0,5.459555807559014,1.1897904748592578,3.504504194981383,1.0192186283406144,0.04419143352212734,0.008413790811009562,6.642078250917044,0.6523064951462679,-15.92843301565602,0.5676353174015838,-62.34663191281228,14.645755967547224,30.61380467938593,4.946791583012756,0,1
G049.48-00.36,W51IRS2,290.9159333333333,14.518041666666667,49.48941604341323,-0.36896760360851205,0.19721200741909853,0.0699965094265319,-2.49,0.14,-5.51,0.16,56.0,3.0,3.316045134051246,1.0276473941247197,5.3481559213340635,0.8780148711880444,-0.023874010327693148,0.009128872511391389,6.416761356891727,0.5010689167621735,7.007905109494819,9.911281771603873,3.5514067473613395,12.974536347998233,-0.73981610120874,2.653577188787612,0,0
G073.65+00.19,,304.09138333333334,35.60169277777778,73.65270776749108,0.19422771072774792,0.07515379228122508,0.019910210077819714,-2.31,0.17,-4.2,0.23,-76.0,10.0,11.832629313625198,2.7574217625458215,4.710623488501781,0.8088050349233634,0.047028095755130735,0.009658099772193538,12.844226569553939,2.3418954535014276,18.799073291914457,3.1323328009334124,40.228177647663045,57.75793426630173,-17.50332915479262,5.887952544891957,0,1
G074.56+00.84,IRAS20143+3634,304.05567375,36.72608888888889,74.5695888585289,0.8457682350457756,0.36661795225925986,0.08321370544444164,-3.0,0.81,-4.37,0.98,-1.0,5.0,2.490527606832459,0.520040752947774,7.493906130945922,0.14354593625234613,0.0436789746874097,0.007954656115896838,7.915103561277038,0.059500374993854466,-2.389579979593233,1.6391922974395892,-9.530309000473617,1.3374280911524723,8.386254075911307,0.12173623601668618,0,0
G078.12+03.63,IRAS20126+4104,303.608625,41.225747222222225,78.12233662267856,3.6327523931431576,0.6455418924482659,0.030172968864127788,-2.06,0.84,0.98,0.84,-6.0,5.0,1.5096191096097475,0.07039992557621798,7.863779610223182,0.014810214801497136,0.1035649116468024,0.004569295927764053,8.00769339413919,0.0012695290326224988,-34.53447958994686,1.8711663242690193,-12.296040536553459,0.36500478157294436,23.100500848478212,0.7702274727131961,0,1
G098.03+01.44,,325.756,54.93827777777778,98.03586484832444,1.4459922020451168,0.36597938786114426,0.15984502353218147,-3.28,1.0,-0.63,1.0,-61.0,5.0,2.1142317107315174,0.8772302113088829,8.47981186742409,0.12383181830770286,0.06004481313702986,0.022596985481998462,8.780786098236485,0.24463788227480757,5.777159563628229,5.851642005594112,-47.38249446976192,4.500049847819497,22.96691360042716,6.970482592838496,0,1
G108.59+00.49,,343.15964583333334,60.01441333333333,108.5946502956341,0.4917667373873994,0.4055615408465008,0.03333222887612056,-5.56,0.4,-3.4,0.4,-52.0,5.0,2.321651898005805,0.1896707626812207,8.962429379141994,0.06381043930186181,0.02753573674737647,0.0017934345782828283,9.25975915260104,0.11006869592902896,45.64024921027839,0.9721530581545944,-0.20071884105062512,4.416141179309245,0.5007458001145803,0.5726547172269084,0,1
G110.19+02.47,IRAS22555+6213,344.37419166666666,62.496343611111115,110.19609843675,2.4761750374699742,0.31434854183797745,0.07072900060311263,-2.14,0.68,-0.32,0.77,-63.0,5.0,2.8326818727778718,0.5901631605164271,9.223285624714983,0.21707516446272668,0.13729943431312924,0.027441837526581084,9.660889679365791,0.39459991588813914,6.19601762545168,5.088412824030664,-31.563862983213593,4.710866241248227,13.691228108728378,1.8431313232693294,0,1
G111.23-01.23,,349.3366200000001,59.479713888888895,111.23496496800085,-1.2381963239292646,0.2996430483676127,0.08116684812557884,-4.37,0.6,-2.38,0.6,-53.0,10.0,2.8727980302848404,0.6901041856431499,9.297704865619986,0.26816811018459724,-0.059781744163745806,0.015702011396262344,9.748410852755624,0.4657553641352749,32.78195697916069,0.4651340288657627,5.01817730480539,13.493557040289222,-0.43935225896495433,2.3688352771328174,0,0
G111.54+00.77,NGC7538,348.43899999999985,61.46959722222223,111.54212948994171,0.7769384028762917,0.37802982055353457,0.017118731833441488,-2.45,0.4,-2.44,0.4,-57.0,5.0,2.4553648623053963,0.11094055225358994,9.150619681493538,0.04379388725050479,0.042459986432822075,0.0016661952420989775,9.474799106175663,0.07116720234368691,17.92355537228156,0.7007839949061658,-18.92407333392851,1.3908320007107453,-9.998256062439255,0.7740687531267625,0,1
G136.84+01.16,,42.39002916666666,60.80768888888888,136.84514450512646,1.167414630612131,0.4698460057134008,0.11517426311481492,0.42,0.5,-0.43,0.5,-42.0,5.0,1.3658823743453112,0.30394464859996645,9.63815676841075,0.32417501935417226,0.04750458150473405,0.009328579092086618,9.737664945640564,0.36749660139727724,9.608206520654564,6.102994405790261,-13.660676828750075,0.22459853707530658,5.218611927331822,0.42537707347780845,0,0
G182.67-03.26,,84.86843666666667,24.94220722222223,182.6780127655037,-3.265397302996912,0.1570687870413781,0.04193468046661583,0.44,0.35,-0.45,0.36,-7.0,10.0,-0.27502258114510253,0.06450593950100895,14.06260243623316,1.379431943634661,-0.3263503743063814,0.0778543165362966,14.065337222377012,1.3804734781423005,11.047398539435319,0.6194700557851508,6.454605778476179,2.813453541879635,11.579083497479647,0.8793109552770019,0,0
G188.79+01.03,IRAS06061-2151,92.2790625,21.84483333333333,188.79369548865986,1.0306622558850218,0.4954615525067471,0.1024581320588357,-0.1,0.5,-3.91,0.5,-5.0,5.0,-0.29475859616786027,0.057595520691636135,10.086711378190797,0.3723032525612296,0.04151965444842205,0.007021921218903672,10.091120960346203,0.37394354717495465,13.765597453771852,1.6125632131425323,-13.578741242482982,5.384079787160524,-9.894316749289581,3.5384696444172454,0,0
G000.31-00.20,G000.31-0.20,266.78795499999995,-28.77118833333334,0.3152592880390072,-0.20083724333908246,0.3419002920957736,0.042213921037221276,0.21,0.39,-1.76,0.64,18.0,3.0,0.01585062675976359,0.0019198971883233893,5.300989763396338,0.3488832854554788,-0.006476383901757768,0.001460724576476634,5.3010143454998255,0.3488751290674546,17.430985520408587,0.12382536429028708,-1.3841213072186411,0.5952661193101406,-6.865388240673527,1.8060758012666893,0,0
G005.88-00.39,G005.88-0.39,270.1261670833333,-24.067937777777768,5.884193454612775,-0.3923617226509042,0.33426600383934413,0.01991054036066591,0.18,0.34,-2.26,0.34,9.0,5.0,0.30558143566268503,0.018140699493238228,5.2163600824834715,0.17601596244377185,-0.016800489594350976,0.0013288046844320911,5.225381570300587,0.1746157860115671,-2.70655312553909,0.9750025163513597,-8.648193029588077,0.5983595279557691,-9.966515559384504,1.0724023186016387,0,0
G006.79-00.25,G006.79-0.25,270.49063541666663,-23.2095125,6.795315908924412,-0.2572553029452956,0.2874644593551926,0.02116980544534316,-0.3,0.3,-1.3,0.31,22.0,5.0,0.4094341694379239,0.030010164094951264,4.745388274775364,0.2518454634791112,-0.012228586450080486,0.001305553877414231,4.7633074730343585,0.24814286658663123,3.0146452563070083,2.254656297170855,2.4232402307684557,0.7167439712487221,1.7600068030396863,0.45928067374883524,0,0
G007.47+00.05,G007.47+0.05,270.55492625,-22.466383611111112,7.470695519931099,0.05836478557150925,0.04898449092698522,0.007013289134290375,-2.43,0.1,-4.43,0.16,-14.0,10.0,2.599329601964192,0.3631386326300576,-11.640879871411064,2.7692609039843887,0.012862611838262015,0.0010169508648899873,11.93008500254633,2.7821477338802434,4.4267676594229295,1.0820964578694197,8.524758945107964,70.12988384419052,0.8574748287853041,1.0073617226887948,0,0
G008.34-01.00,VXSgr,272.0168791666666,-22.22404611111111,8.344133233567696,-1.001949271180782,0.6397969959237392,0.040417949074214296,0.36,0.76,-2.92,0.78,5.0,5.0,0.22591973973435384,0.014254979730826301,6.6410959293018195,0.09718700541939693,-0.022655824267880514,0.0017818208021563734,6.6449608808478295,0.09663478391658528,-2.244677436874048,0.4248895354718972,-4.402450058068656,1.0464431001875836,-4.580211291922906,0.8069740498513638,0,0
G011.10-00.11,G011.10-0.10,272.6176958333333,-19.37506,11.109056798808039,-0.1141616285891001,0.36413034905618236,0.026962217959756812,-0.2,0.38,-2.0,0.41,29.0,5.0,0.5262088025451371,0.03870637631911749,5.501504695054768,0.19712245119464433,-0.0015976538179829668,0.000528211698284531,5.526915576483382,0.1923779310201393,8.840147553832423,1.9135169007658641,-2.1802884614692726,0.7955805457192606,-2.2011445287911418,0.7529866233549646,0,0
G011.49-01.48,G011.50-1.49,274.0922195833333,-19.690894166666666,11.49739107867832,-1.4853403015859088,0.8005055393514771,0.033209012042044045,1.42,0.52,-0.6,0.65,11.0,3.0,0.24850075964354196,0.010305129194211251,6.959706414728383,0.05066109106673815,-0.027534794662613063,0.0013733821019261722,6.964151986542235,0.05025790415864312,-0.7340357436959183,0.45049951411847244,14.484700485722785,0.025569950985459736,-0.9401972596603065,0.376069411323234,0,0
G011.91-00.61,G011.91-0.61,273.49216875,-18.905632777777775,11.917706166890024,-0.6131241747829906,0.29749988633273183,0.050220327998425,0.66,0.69,-1.36,0.75,37.0,5.0,0.6741892674704717,0.10964074849186237,4.987050092029769,0.5194783954650587,-0.03141907925690719,0.006017555349350067,5.036128545260046,0.49445723929197555,3.093104556346369,9.431772399481472,13.664406833260728,2.030583916877872,-11.23496288508376,3.0967380468502617,0,0
G012.68-00.18,W33B,273.47810708333327,-18.029607777777773,12.68060538759639,-0.1822956124191795,0.415871856515103,0.027543317557998905,-1.0,0.95,-2.85,0.95,58.0,10.0,0.5253651415115007,0.034606350573660564,5.846459533832367,0.15380247031484973,-0.0035354358985404104,0.0006006622646880726,5.870217365720624,0.1499949706556282,41.00300116972136,1.217104773108981,-3.437936401681719,1.367075071618623,2.3873143705268767,0.36362464102148545,0,1
G012.81-00.19,W33M,273.55858333333333,-17.919805555555556,12.813647319205213,-0.19700025679204397,0.34275932001347953,0.036876551649529805,-0.4,0.7,-0.25,0.7,34.0,5.0,0.6393572699447856,0.06765148495506736,5.370334659925885,0.2974396150030652,-0.006138422349238071,0.0012402980479469148,5.409269873727998,0.2865633601854713,2.132459997261303,4.716792683047657,18.032577106215346,0.9149056830188199,11.159630010244538,0.3349780070539439,0,0
G012.88+00.48,W33A,272.9643541666666,-17.524836666666666,12.888828423096747,0.4891010634666449,0.40377076812063295,0.043451087972141166,0.15,0.43,-2.3,0.52,35.0,7.0,0.545640344692924,0.05789083618590045,5.796805523989431,0.252994440682651,0.02493086069297045,0.0020527167117150237,5.823016232295624,0.24600236393907823,14.644549352661947,2.582950463026699,0.6148475920418842,1.2971592964953422,-6.110333617183826,1.523350179216276,0,0
G012.90-00.24,W33A,273.64348583333333,-17.864414166666673,12.900918412281616,-0.2414988120833986,0.4080662496403238,0.024947659985510063,0.19,0.4,-2.52,0.4,36.0,5.0,0.5450562929232681,0.0331538529103534,5.801711747941786,0.14474574205208462,-0.006237930866805362,0.0007190452865509466,5.82744666978187,0.1409304343099344,16.259423234290225,1.3981791450419188,-1.1029582042172181,0.8821103690160086,-7.903489111463129,0.965419871578094,0,0
G012.90-00.26,W33A,273.6648808333333,-17.866772777777786,12.908573475865381,-0.260515343411919,0.3961169730797932,0.03180224114419884,-0.36,0.4,-2.22,0.4,37.0,5.0,0.5602092655718363,0.04460344676534,5.737057508480387,0.1946137206155507,-0.0073916980849429255,0.001033061679362802,5.764698601655022,0.1891488213949672,16.57204057469465,1.9436021781642792,-1.127164365420544,1.1160453386261067,-0.8974770614549983,0.7048704111410754,0,0
G013.71-00.08,G013.71-0.08,273.90408916666667,-17.075585555555556,13.712772905190688,-0.08357249590896319,0.2638702545423742,0.014040956197054295,-0.29,0.28,-2.16,0.29,44.0,5.0,0.8958586806957736,0.04761823544781914,4.509967580536906,0.19514833329340311,-0.002282176085020155,0.0004180807331349814,4.5988793631270175,0.1817397177581333,4.768012147524385,3.3929966373330847,-0.7279929426961301,0.13762948145113743,-5.871240149603365,0.7380726063762407,0,0
G013.87+00.28,G013.87+0.28,273.649315,-16.759963611111118,13.873851346076345,0.2812345662774524,0.2539932387091156,0.02409782644108457,-0.25,2.0,-2.49,2.0,48.0,10.0,0.9356053420088764,0.08785461250239467,4.393318127897663,0.35570247401936356,0.022309599261222827,0.0015706199297516865,4.494868788704345,0.3271066862704661,7.708412742618871,6.549638875853557,-3.125715488331683,0.4578985202546792,-9.728002078819358,1.6857895670834548,0,0
G014.33-00.64,G014.33-0.64,274.72781000000003,-16.797295555555557,14.331809220605823,-0.6449915014717299,0.8917410147426451,0.10044545082429653,0.95,1.5,-2.4,1.3,22.0,5.0,0.27394463006415026,0.030504355797247515,7.1091389606421425,0.1193944775341583,-0.007560433907661714,0.0014635872943961348,7.114502743627631,0.11806222920106577,11.218407268478794,0.9408841304433017,8.160624365766813,0.9169436587551058,-2.370189557719278,1.1523552885389763,0,0
G014.63-00.57,G014.63-0.57,274.81475291666663,-16.49605138888889,14.636659788569816,-0.5759736776586776,0.5453233678843529,0.022077364403114263,0.22,1.2,-2.07,1.2,19.0,5.0,0.46260481000865267,0.018735495290341044,6.4100667424921305,0.07173746362734601,-0.013951019723555646,0.0007911409574836289,6.4267822204101615,0.07018851286456794,2.2405867802873556,0.6850544814921867,1.7776941841209795,0.4944558320842922,-2.156211717302294,0.41219413111686976,0,0
G015.03-00.67,G015.03-0.68,275.10337958333326,-16.193143333333335,15.034454144972516,-0.6771653895354851,0.49872932439935946,0.026171881513651074,0.68,0.53,-1.42,0.54,22.0,3.0,0.5186903701303938,0.027147402452001645,6.25026053534097,0.10107068538479952,-0.01927983556335302,0.0013012969752724673,6.271846446031185,0.09844227758773909,0.43923997371213674,1.2247809880634672,8.761502905916249,0.2942929882697248,-4.05701267694761,0.6297725909699251,0,0
G016.58-00.05,G016.58-0.05,275.28785,-14.530154444444447,16.585151904401133,-0.05056506486036847,0.27915319722392856,0.022942203182527408,-1.13,0.34,-2.59,0.35,60.0,5.0,1.0155059881379516,0.08292671020808587,4.771692368628406,0.27843527915556426,0.00028930837884158267,0.0004323119090893317,4.880611344862665,0.2536462440346439,21.330976898656502,4.735370123763972,-3.0113307831118634,0.8702111807494952,4.239884042408092,0.3078300865791022,0,0
G017.55-00.12,IRC-10414,275.8246183333333,-13.71309611111111,17.55098166476619,-0.12621787857867428,0.4969782373438141,0.03814122309943951,-0.04,1.04,-2.01,1.04,44.0,10.0,0.6032324583362323,0.046000742505394245,6.274078165618446,0.1454438926497125,-2.247721248382765e-05,0.0004274820310953143,6.303297024780522,0.14022424431588837,20.50268681573502,1.8218814745056435,10.089419949493172,0.8044479483726956,-0.6126148894984541,0.6563681395949782,0,0
G017.63+00.15,G017.63+0.15,275.60992541666667,-13.503319722222226,17.638322059105924,0.15648197284194454,0.6688173687338639,0.019156334031859668,-0.26,1.41,-1.53,1.41,25.0,10.0,0.4526872922483984,0.012959684527459256,6.757610935553032,0.040759628525021414,0.008768923172290236,9.119839639167426e-05,6.772774668431747,0.0397986464475014,7.475214490608917,0.4501387577572818,8.23553879444742,0.2514978059647765,4.6334842833923995,0.09924492679311435,0,0
G018.34+01.76,G018.34+1.76,274.49218916666666,-12.123581388888885,18.34134321996305,1.7681359375571692,0.4998017236382868,0.01887297318511259,-0.32,0.53,-1.99,0.76,28.0,3.0,0.6283720809203782,0.023704969554631663,6.285856062427914,0.07150685740728789,0.06604039399990166,0.0022807076217148297,6.317260736714988,0.06877390667380634,5.289518536456815,0.8676068487943481,3.058608525684236,0.5039422188173569,2.2238713637958547,0.2358982748367813,0,0
G018.87+00.05,G018.87+0.05,276.29730416666666,-12.460151666666668,18.873712001325547,0.05329127411267487,0.29676194397419897,0.04901602964745381,-0.17,0.32,-1.9,0.37,39.0,3.0,1.0596003165055667,0.16804783682004273,5.081880076508963,0.4915638852977269,0.006694905363691909,0.00017629173329695034,5.198744237544649,0.4372544158070207,-6.387878508323086,10.904793726924801,3.8718456276468247,1.550159776074398,-3.3740203786921725,1.8174932971522064,0,0
G023.00-00.41,G023.00-0.41,278.6678333333333,-9.010655555555557,23.00973253125716,-0.4106074690445545,0.20513138885570678,0.014856362375925728,-1.72,0.22,-4.12,0.37,79.0,5.0,1.8950489305642528,0.13603278499925422,3.719052590444986,0.3203191113548643,-0.03188371413736637,0.0026895060680015145,4.182775612943637,0.21922600937387193,15.607142464088733,7.905886751362155,-12.465199739993755,0.9826540923372468,-0.9782474775028211,0.6147724054548321,0,0
G023.20-00.37,G023.20-0.37,278.7299141666666,-8.820890555555557,23.206426993566257,-0.37766312675142266,0.23901965012671147,0.03378937421713514,-1.45,0.5,-3.4,0.51,82.0,10.0,1.614385377130288,0.2235174184234765,4.415915155794932,0.5213395704335466,-0.023717188677510374,0.0040567606312256,4.719566989732056,0.392414605412586,21.101495984545405,13.579693391807206,3.5256535619832583,2.1765234817316026,2.166187419270624,0.7525429807629177,0,0
G023.38+00.18,G023.38+0.18,278.30968333333334,-8.399305555555559,23.38904771260075,0.18538132690356354,0.20775450769927478,0.025227659685247806,-1.57,0.23,-3.92,0.26,75.0,3.0,1.883306059096148,0.22617392681481066,3.8269993525392567,0.5229332298098704,0.018281817546565618,0.0015250139751411935,4.289275891335146,0.34567599364930995,9.40964988494919,13.820756222485091,-11.153532094407261,2.6367337942501514,-1.1554760565522229,1.1279603404502172,0,0
G023.65-00.12,G023.65-0.12,278.7148541666666,-8.305917777777777,23.656704649214,-0.1273173102429206,0.3140272541936717,0.038830924140536044,-1.32,0.2,-2.96,0.2,81.0,3.0,1.257676058052148,0.15314421962821184,5.310411543812309,0.34958881415791937,-0.003126986568261681,0.001060633831274045,5.462425341368401,0.2996576590352475,33.85220608258064,7.221379497844708,13.438233074328751,1.8374359076079518,5.03199350835312,0.34871117143976477,0,1
G024.63-00.32,G024.63-0.32,279.34462125,-7.528359166666667,24.63401473399813,-0.3236682101479086,0.24145485865180308,0.0453388852024927,-0.31,0.27,-2.73,0.3,43.0,5.0,1.6653357587188116,0.2969771079421282,4.5496755403316715,0.6476338265514392,-0.019182094276540322,0.004416384129764402,4.874799403867414,0.4656677566130182,-23.340949930992178,18.4640886557349,-7.326601936799906,6.773903302725003,-10.64093642617133,3.307859810928153,0,1
G028.14-00.00,G028.14-0.00,280.67745666666667,-4.2597577777777795,28.146736114864105,-0.004448489059502129,0.15815829981562002,0.02306103126017979,-2.11,0.17,-4.85,0.17,100.0,5.0,2.9186052052264135,0.4137186962253344,2.7260162723889914,0.7733072486418012,0.0018761860584654683,0.0005254949996800363,4.0837928913853885,0.20303679957760717,-3.4536946872208447,23.814296616825086,-2.1059176798126122,5.1516059123099005,-2.0499623052986404,1.4285016498660221,1,0
G028.30-00.38,G028.30-0.38,281.0915275,-4.294417777777778,28.304613764533553,-0.3875637898243574,0.22115580054908338,0.022005455860882542,-1.62,0.23,-3.97,0.23,87.0,5.0,2.1224627907319533,0.20782756860689974,4.2403120692907095,0.3859002137261853,-0.027024429477354284,0.003192889993480515,4.755854767086264,0.2430050423839199,12.722259394603617,10.605563025689847,5.101312918296528,2.2111323862988734,-0.3795426976881939,0.7776511530558451,0,0
G028.39+00.08,G028.39-0.08,280.7165925,-3.9984705555555564,28.396960323796183,0.0803015348553419,0.23091329907275635,0.015110731204813951,-1.4,0.24,-3.26,0.24,75.0,5.0,2.050968819012207,0.13401642884377452,4.387688143771073,0.2478899876038067,0.00938725098066402,0.00024855992504558525,4.8487578753159495,0.1650371451077385,-2.5825688441907975,7.194595765147303,5.244069969207397,1.7208479900061966,3.0794023001071604,0.3299823338080071,0,0
G028.83-00.25,G028.83-0.25,281.2128604166667,-3.763438333333333,28.83226397820569,-0.2527226235153818,0.20010699958267222,0.04044097815700224,-1.89,0.22,-4.53,0.22,87.0,5.0,2.3127499653471206,0.4429205354976959,3.9801128367639103,0.8045917626334319,-0.01804413032562665,0.004524953002410446,4.67756690520849,0.39246012300312516,14.509501427403727,21.001077121318655,-3.105386594245898,5.619804525202815,-1.130279869453352,1.696775878582058,0,0
G028.86+00.06,G028.86+0.07,280.94259708333334,-3.5916238888888894,28.86189583762602,0.06568572107888841,0.20126224494043093,0.019121055084786107,-3.19,0.42,-5.72,0.48,100.0,10.0,2.37711076051252,0.22428237128198805,3.8684517119333206,0.4069266707613669,0.008689878941527847,0.0002931059968532903,4.5589863550453735,0.21704729267857484,52.879016127605524,6.873388388456269,-10.681691109631085,0.6662106892566225,13.27961879598714,0.48583354969648096,0,1
G029.95-00.01,W43S,281.51558416666666,-2.6562022222222224,29.955357358608588,-0.01609362155956864,0.2065467701903298,0.019161346313733042,-2.36,0.2,-5.38,0.2,99.0,5.0,2.3971428014809346,0.21971338446245092,4.021909778944872,0.381240260393437,0.0018037995343914229,0.000346417493096293,4.69822324436094,0.2058356972625475,38.4294697880342,8.025664717189603,-1.1615573086871687,0.9878698662441598,-0.15344840984480454,0.748483350549064,0,1
G030.70-00.06,G030.70-0.06,281.90332625,-2.0150947222222224,30.70261263737961,-0.06826033982916073,0.15319811010581277,0.020149990513314644,-2.33,0.18,-4.95,0.18,89.0,3.0,3.2761601147747244,0.4248208163900356,2.6642609299136386,0.71540441824657,-0.005269242301964622,0.0014072560817354742,4.301720739608146,0.13779073414101933,-10.452922226136767,18.746624163643876,-10.57234607505219,4.287802661576759,2.248077544761078,0.7400544950441238,0,0
G030.74-00.04,G030.74-0.04,281.90718666666663,-1.965270555555556,30.748709601074356,-0.048962552178467726,0.3255707783585811,0.05481043456600567,-2.38,0.38,-4.46,0.38,88.0,3.0,1.5243840058472629,0.2476636682696514,5.618974461872394,0.4163060739792597,0.0015458997212227869,0.0006559524388033813,5.833251139451428,0.32318691860718124,45.720681059796064,6.8067065307642345,11.29231693025532,4.061002021698129,9.120560317115176,0.18513525466069397,0,1
G030.97-00.14,G030.97-0.14,282.09184708333333,-1.8085416666666665,30.972373449134487,-0.14170442807291,0.2940852660550644,0.022115069467255277,-2.14,0.31,-3.82,0.34,77.0,3.0,1.7401520256277265,0.1299051847426297,5.282105651927815,0.21643421855495829,-0.004462332174660808,0.000749924635303969,5.564695895263764,0.16324188078808052,24.7985199638975,4.294686759130604,6.862796182607763,1.9145652431556208,10.459949382216104,0.1912218115323299,0,1
G031.24-00.11,G031.24-0.11,282.18783666666667,-1.5536666666666668,31.24295603199239,-0.11083787919714606,0.0759028818075575,0.013968025376218243,-2.8,0.19,-5.54,0.19,24.0,10.0,6.594355993777906,1.1623951371223853,-2.6887879729287176,1.9160945497170898,-0.025308942732273767,0.005445417433199346,7.235161489792101,1.8412307652575894,-15.369672050408827,2.2487643476065595,-7.0056492016806615,52.58451987101533,5.764091564968963,0.4046933646101074,0,0
G031.28+00.06,W43M,282.05156666666664,-1.4413272222222222,31.280793161088443,0.061630461976929424,0.1840996568801099,0.01699689794303267,-1.99,0.19,-4.58,0.22,110.0,5.0,2.796093242241445,0.2552372363189239,3.5791169837634036,0.42010913844682196,0.008710373506690426,0.0002854480529359611,4.5654498138894235,0.1628543356470004,7.251752793069928,13.919930946265842,18.591291752740005,2.057969704901723,-0.056974486493416805,0.7475012783255488,0,0
G031.41+00.30,G031.41+0.30,281.89296041666665,-1.2129608333333337,31.41168017844735,0.3069107392290935,0.2669301804307479,0.02926472856113138,-1.58,0.7,-5.82,0.7,97.0,15.0,1.9295840425920283,0.20891703236690726,5.0216260011255445,0.3421062121118888,0.02358707267756162,0.001949274858521541,5.389294607451214,0.2370841485249171,51.62525967893986,5.273843195688279,5.019626766859531,2.478682903412949,-13.507131169400928,2.3792255700209317,0,0
G031.58+00.07,W43M,282.1736416666667,-1.1666038888888888,31.580940884016176,0.07833223058323738,0.18373857617971182,0.03221797137940167,-1.97,0.4,-4.43,0.4,96.0,5.0,2.762241565861886,0.46122076759733216,3.688047855620212,0.7502637959273285,0.010197498193285706,0.0007704441222911873,4.68328864602412,0.27221916075788594,0.4531926622109572,22.613793360467678,7.275009233664926,5.912558610347598,1.4002711477795338,1.1265169180904033,0,0
G032.04+00.05,G032.04+0.05,282.40239749999995,-0.7626497222222223,32.044751441002475,0.05901306308858757,0.19813878629046014,0.014842071582353357,-2.05,0.21,-4.77,0.21,98.0,5.0,2.6620185082806094,0.1971554242856589,3.928632571468705,0.3149672667359365,0.008301199148204281,0.00020129227030941634,4.757875919094068,0.14556029327573092,14.927549175954956,8.585878938709712,8.566091457360555,1.4447807622793893,-0.2860738548675757,0.6226939295522075,0,0
G033.09-00.07,G033.09-0.07,282.99753541666666,0.10951722222222224,33.09233817699092,-0.07292822935478745,0.13391654172206946,0.0160486373128094,-2.46,0.15,-5.32,0.15,100.0,5.0,4.018522798301427,0.4744848419181493,2.0151680270780212,0.7280699312489279,-0.007309741056725407,0.0015223415250152353,4.574771133332006,0.1900484818595015,-22.02189887177202,17.942863898506573,1.3604137534272307,2.159225646867899,-0.42411677520036756,0.986666142293891,0,1
G033.64-00.22,G033.64-0.22,283.38567916666665,0.5275277777777778,33.641353299674236,-0.2277433594265601,0.13071552313266677,0.019995822775812435,-3.1,0.15,-6.27,0.14,60.0,3.0,4.136874909046671,0.6129706811618155,1.9646327251566469,0.9211477069330486,-0.027637949175742024,0.004922475815803292,4.701796406359499,0.30145060118275163,19.643247801287007,9.221262773584746,-29.613911104235974,10.87090296874093,4.199346637530768,0.5463174045986376,0,1
G034.41+00.23,G034.41+0.23,283.32513291666663,1.4237500000000003,34.411347255476784,0.23484880798495686,0.34009227391277874,0.010995563661538444,0.12,0.72,-4.18,0.72,60.0,10.0,1.6599386108631127,0.05357755361930446,5.758101676011117,0.07821516059329464,0.016251395248401603,0.0003443314916312329,5.993036977129879,0.06022507342351022,8.087284474515902,1.6777854691471068,8.693948563234546,0.811448427588874,-19.822563495800797,0.9055523990281523,0,0
G034.79-01.38,G034.79-1.38,284.94159916666666,1.021929722222222,34.79129841043613,-1.386534296931711,0.380809153899537,0.020230929695697113,-0.31,0.62,-2.8,0.72,45.0,5.0,1.493892854421937,0.07934856258173745,6.031294304680805,0.11420148914824506,-0.059000321779450283,0.003430379545265215,6.214435373562237,0.09142216631640772,-6.629536075529694,2.7924687204709535,8.891218415921085,1.128780603387642,-5.075697754557044,0.661946502979857,0,0
G035.02+00.34,G035.02+0.34,283.50274,2.0220047222222224,35.02473625223477,0.3496880117017388,0.43024963987478876,0.04042898600630882,-0.92,0.9,-3.61,0.9,52.0,5.0,1.322533873438845,0.12318562867614277,6.29430970278502,0.17576694248021768,0.01858447184460641,0.0012109742923337784,6.433687859234398,0.14546383773186444,11.946212631388152,3.26112705266451,9.300863778898934,2.075392938483326,-0.7881319809502635,0.8440534485332579,0,0
G035.19-00.74,G035.20-0.74,284.55438208333334,1.6765761111111108,35.19702269335042,-0.7432143222481172,0.4559424057525989,0.044718738515627535,-0.18,0.5,-3.63,0.5,30.0,7.0,1.2515010226304357,0.1213718639354895,6.407076820177983,0.1720720215530765,-0.02358101380226614,0.002828387691297404,6.529959010043335,0.14444177518170387,-3.932395108185181,3.040760627084935,-2.9478558737163656,2.2770271312636448,-7.524886669158038,1.4963752692198842,0,0
G035.20-01.73,G035.20-1.73,285.4397583333333,1.2257472222222223,35.20026749469471,-1.7365020254432326,0.4118040722760378,0.014027590848671499,-0.68,0.44,-3.6,0.44,43.0,5.0,1.397538569497499,0.047522862965318824,6.200312663195242,0.06736496775306668,-0.06903224668593504,0.0025372792116004975,6.356157646899972,0.055205106211664995,2.8586225879189633,1.2606706432454475,2.396852322056038,0.8374451241331039,-4.69846136508222,0.4072298457889273,0,0
G035.79-00.17,G035.79-0.17,284.3203770833333,2.466113055555556,35.79270976116863,-0.17467486124400444,0.11288103645218762,0.013111712271074721,-2.96,0.12,-6.23,0.14,61.0,5.0,5.112590156780398,0.5842896185423389,1.0907049813894683,0.8103519376654141,-0.025036750971638537,0.0034993988585032875,5.303387596159537,0.44761601149965863,4.480688655017778,7.531717753510996,-11.200350303074352,13.319581173568766,-0.961194830487619,1.0154933511825477,0,0
G037.42+01.51,G037.43+1.52,283.55978374999995,4.6943463888888886,37.429598609801324,1.5171744279328931,0.5318832785567363,0.020855302407820724,-0.45,0.35,-3.69,0.39,41.0,3.0,1.1404903092231098,0.04467590222385843,6.691213926230767,0.05837288869685433,0.0544605232194241,0.0019146440243934576,6.787928069858826,0.049978003291145864,7.4788819400010995,1.022880338771213,8.333336481732887,0.7499278097725035,-2.7198942243295177,0.44676823063584176,0,0
G038.11-00.22,G038.11-0.22,285.43396375,4.510388888888889,38.11898310051321,-0.2288543184845349,0.24189833784336628,0.034795333422454285,-2.79,0.27,-5.25,0.31,76.0,5.0,2.4969968260663546,0.350303341117209,4.999010921436204,0.4464516081944486,-0.012321003550843562,0.002511795704409951,5.612294633071499,0.22199946594072736,26.36486834182972,6.976731061854858,-0.8685883860632186,3.245444602354453,9.242631982510552,0.1997562930387546,0,0
G040.28-00.21,G040.28-0.21,286.4217275,6.4368605555555565,40.281847266069704,-0.2194082499129248,0.2969320926412858,0.019077026294079907,-1.8,0.31,-3.82,0.33,74.0,5.0,2.1685326694543945,0.13872391862030728,5.622684850889989,0.1636819858727381,-0.008638064963774788,0.0009097611894702895,6.029331056697336,0.10159723303378798,6.406690692596792,4.134572848225388,19.172784152078965,1.639444976269327,5.325485191240958,0.16079180213102215,0,0
G040.42+00.70,G040.42+0.70,285.6650800000001,6.985847777777778,40.425048944971536,0.7001418836757184,0.07819735820057118,0.012926771728637373,-2.95,0.09,-5.48,0.1,10.0,5.0,8.055826645912157,1.2859261034681815,-1.2759549844119826,1.5096415843512063,0.1523150804920564,0.02342232568550253,8.24977334030554,1.5486340954533904,-1.6271135448155145,0.6138074975718555,15.583919097901628,47.49629327416214,14.433195325926848,1.0293052961704108,0,1
G041.15-00.20,G041.15-0.20,286.80986499999995,7.221673611111112,41.15598508592042,-0.2008880417037089,0.12498951449130406,0.01801776550983868,-2.79,0.14,-5.85,0.16,60.0,3.0,5.154220110226013,0.7236123730636542,2.2846346826777895,0.8278546171443032,-0.02502433923268988,0.004297077664813517,5.729505086120301,0.4089867719768283,-4.347623759232434,8.268323924934544,-8.200158579941228,10.502001166588371,-0.181142048217463,1.1363105684948471,0,0
G041.22-00.19,G041.22-0.19,286.83907166666665,7.2855875,41.226062958855465,-0.1972047771246814,0.11294454831324321,0.021683052766893883,-2.82,0.13,-5.89,0.16,59.0,5.0,5.601566158387176,1.0081756006780838,1.7886408096359672,1.1505685087793318,-0.02708197775144594,0.005879134457522349,6.030162990837014,0.744405542577822,-6.726955533948602,9.665057462305647,-0.5212512961656134,20.51760676905061,-0.552308342259157,1.5247283222099408,0,0
G042.03+00.19,G042.03+0.19,286.86743083333334,8.181509166666668,42.034420659047015,0.1901266241746264,0.07100047204956604,0.011883210074310866,-2.4,0.09,-5.64,0.11,12.0,5.0,9.150466819486686,1.4722220832494775,-1.9690296731066086,1.6331003881233621,0.0455606613338304,0.0064319689284214705,9.441484721919636,1.8168494307332723,-7.6045364415004455,0.6436627471081414,47.893622874070395,54.414979600900885,-22.279167840978573,4.881338846223713,0,1
G043.03-00.45,G043.03-0.45,287.91242458333335,8.775184722222223,43.03800702376548,-0.4529477805407846,0.1295787384130216,0.018744655347771446,-3.03,0.15,-6.56,0.2,56.0,5.0,5.148398584737869,0.7208430885437397,2.6677700382820944,0.7719749474731473,-0.05694085143016463,0.008754201772115215,5.882713919992991,0.3636509010500911,23.227752324478462,5.142696400924458,-0.7018463548395575,15.06699393103914,-4.853337807489217,1.7662956953135065,0,0
G043.16+00.01,W49N,287.555875,9.103555555555557,43.16640518860843,0.011163502230476451,0.08993720487718888,0.0071282532569301475,-2.88,0.2,-5.41,0.2,10.0,5.0,7.561871474670916,0.5950266515401789,0.11931820899374625,0.63438409314904,0.003520682319884212,0.00016230466417846325,7.589609468036827,0.5920008875062287,-4.312689017933306,0.3914612515261216,-7.936068316292722,17.458644390005503,10.844011978311258,0.2175611783089264,0,0
G043.79-00.12,OH43.8-0.1,287.974945,9.597312500000003,43.79539199884004,-0.1272371060397677,0.1659504273854268,0.009784868173213872,-3.02,0.36,-6.2,0.36,44.0,10.0,4.154566879149061,0.2433909777399425,3.848334211348815,0.2538459299889395,-0.00999825695850233,0.0009128307310718028,5.673926416522,0.018387486804590302,21.10133575596024,1.2578133594379246,-26.309027939850832,1.6205110786363355,2.415506285376127,0.3277573546856649,0,0
G043.89-00.78,G043.89-0.78,288.60996083333333,9.376824444444443,43.890437146644295,-0.7844063956407018,0.13406319207208164,0.013064305550247745,-3.11,0.15,-5.35,0.21,52.0,3.0,5.122168730122894,0.4933097598504552,2.856950339364509,0.5127875364579325,-0.09833473464439063,0.01000822023879014,5.904412927242969,0.2073434415653012,-10.18066675188572,5.198372352671326,-13.705217093012054,4.355358903702437,16.90164829400625,0.8959957077597914,0,0
G045.07+00.13,G045.07+0.13,288.34184458333334,10.848148888888893,45.071158962957035,0.13234463759873824,0.12905864446684157,0.007027188504968743,-3.21,0.26,-6.11,0.26,59.0,5.0,5.46969534204565,0.2972721012521474,2.7252215253136947,0.2965354138399583,0.02063503932246009,0.000818044633684225,6.123844500255692,0.13867944101805288,9.643023245163947,2.5191736761975267,6.379027578231605,4.889337420882902,8.361637484567195,0.011105134461654467,0,0
G045.45+00.06,G045.45+0.05,288.5886075,11.154408888888893,45.45486514647116,0.05996026424078869,0.11932945885943941,0.01702552786470171,-2.34,0.38,-6.0,0.54,55.0,7.0,5.849333171150461,0.8115563272735923,2.4241670884897655,0.7987727657232193,0.011237801061247993,0.0007845212740641496,6.4136238166928745,0.5033644421161133,-9.195082281154166,6.669702295606254,4.347638333255195,13.399334507060823,-19.87266429867326,3.8814466563997776,0,0
G045.49+00.12,G045.49+0.12,288.54731375000006,11.218436111111114,45.49274981854153,0.12557457025306218,0.14401061529722772,0.023927864128749834,-2.62,0.17,-5.61,0.16,58.0,3.0,4.81032517411767,0.7648990238760964,3.4530599675886116,0.7518563820155693,0.017957464399828548,0.0019676357137147354,6.010997092732466,0.2848225896579936,-6.543864136779976,8.627580852171377,-4.897436428919443,6.2409930480541504,-1.0873910311304105,1.4689790318918148,0,0
G045.80-00.35,G045.80-0.35,289.12949791666665,11.269995833333335,45.804085794663436,-0.3558613706076123,0.13698885274804715,0.023143664355595676,-2.52,0.17,-6.08,0.27,64.0,5.0,5.084243922853417,0.8266370990310019,3.2378941243302157,0.8037486171604586,-0.040970727122596626,0.007569130569404536,6.1257390793724875,0.3716935457801961,1.0573154938391194,8.520627225312944,6.477556702324022,10.629432018694107,-12.698027384312667,3.3288802062466103,0,0
G046.25-01.47,G046.26-1.48,290.35473333333334,11.144775,46.2560677409915,-1.4765490403291517,0.12086008171396354,0.01490937617228928,-3.04,0.22,-5.84,0.28,28.0,10.0,5.881112670064201,0.7110017726952805,2.5527928514638183,0.6804703351720096,-0.20709317672700678,0.025711693993150722,6.472601117388975,0.4221797644061625,7.542412112922165,2.1024448349573115,-15.811518422393213,13.926782535493134,5.292925715520014,0.3049724603053544,0,0
G048.60+00.02,G048.61+0.01,290.1298999999999,13.923669444444444,48.60614182320978,0.02304040594740876,0.09306620841728573,0.004957294918219613,-2.89,0.13,-5.5,0.13,18.0,5.0,8.037022148405683,0.4269560668967623,1.0973019793326946,0.3763312317336154,0.00642343582020951,4.462979709454502e-05,8.12289369566875,0.37458154748148675,-4.9238826526360535,0.577590850356246,17.644557424278755,11.312569767771116,6.260680971536481,0.09652323012916163,0,0
G048.99-00.29,G048.99-0.30,290.608895,14.110870277777776,48.990016161571475,-0.29892431112746737,0.17819275987997382,0.017037081016310598,-2.2,0.48,-5.84,0.63,67.0,10.0,4.195805139810528,0.3955868532239387,4.532744931957998,0.34399714333515113,-0.025203029783741972,0.0029025840257048217,6.1986707456871315,0.04314358677886997,0.9709077641481481,5.127305365397551,9.706190158241364,0.9543377286007726,-13.733791930973414,2.0309730566534836,0,0
G049.04-01.07,G049.04-1.07,291.3427099999999,13.788756944444444,49.04295089743425,-1.07875983785717,0.16415761417379976,0.021841743188170216,-3.23,0.23,-6.42,0.43,38.0,5.0,4.514526943804156,0.5857239820212123,4.262975170994321,0.5083795535406322,-0.10888770457449355,0.014851706004108452,6.2560440055059905,0.13170645236088294,27.606774467304064,0.8681641946016446,-14.36447941980678,7.282653498113067,1.8805702975116874,0.7547218734228809,0,0
G049.19-00.33,G049.19-0.34,290.7407104166667,14.269439722222225,49.19012136303167,-0.3367997694748615,0.19701430834133987,0.007973245272943425,-3.08,0.4,-5.5,0.4,67.0,5.0,3.8353153709429986,0.15494991893824417,4.869677523392691,0.13379480075704273,-0.025811642543091522,0.0012683826784509818,6.202033486108688,0.00971286274065532,8.431017577838515,1.8991109777689783,9.729848370976967,0.09910559622190886,10.546415633332158,0.1119393935956993,0,0
G049.26+00.31,G049.26+0.31,290.18690458333333,14.640795555555556,49.26516263412598,0.3111684123493835,0.11316823542820739,0.016116806545535527,-2.73,0.15,-5.85,0.19,0.0,5.0,6.561143073375146,0.9128761454905251,2.5309057975520894,0.7861689201486878,0.049868709433305874,0.0061615897014682,7.107583831224328,0.6226869964226489,14.42531742732369,1.0256743116769829,-23.548223825748433,21.517794981747613,-6.09357457975214,1.9586369303965363,0,1
G049.34+00.41,G049.34+0.41,290.1351966666667,14.762608333333334,49.3492037302176,0.4125450895850877,0.24139208159306155,0.031089744096880114,-2.36,0.26,-5.59,0.33,68.0,5.0,3.090673322852775,0.39107779645912966,5.527553975096292,0.33579913607276296,0.033629822678325164,0.0035488586464253293,6.353224029854925,0.09144323562595015,12.392394485571373,5.2433581063242976,13.776287836063952,1.6298783519690754,-2.1189538929623,1.3334622868601091,0,0
G049.48-00.38,W51M,290.9327916666666,14.508194444444444,49.488453801909856,-0.3880043314490998,0.18491165485817662,0.009965936051279293,-2.64,0.2,-5.11,0.2,58.0,4.0,4.099337152021718,0.22037076157641053,4.67879898345266,0.18828958724376887,-0.032624341604361846,0.0020539546134393533,6.2273278726888535,0.011349923245855584,-8.816991699551183,3.015353149570204,1.5369851833185137,0.32131323746856233,5.4159503364235935,0.12795146353762887,0,0
G049.59-00.24,G049.59-0.24,290.86086166666666,14.671376388888886,49.59936101332457,-0.24953430172254354,0.21796566925661867,0.009053808352616538,-2.25,0.24,-6.12,0.25,63.0,5.0,3.4878861260845384,0.144628557802325,5.212887997860786,0.12309063771026912,-0.01579684166772062,0.0008865491796946612,6.274962631112931,0.021531598507241657,15.349183213712342,1.4381014086625905,6.536291463561645,0.18882815076423093,-11.948526091223755,0.8217505439016577,0,0
G052.10+01.04,G052.10+1.04,290.90550499999995,17.4862325,52.10051753542083,1.0427643128815771,0.16513283648719942,0.012928981025838194,-2.77,1.4,-5.85,1.4,42.0,40.0,4.747613715706715,0.36935456669105193,4.48542555414845,0.28753624899826297,0.11338035905791397,0.008386387227531081,6.547614652101198,0.08197959128471674,5.882243778924461,2.017014531135336,-4.189870455786523,2.820929369070051,-0.8119625058582897,0.7242955519434239,0,0
G054.10-00.08,G054.10-0.08,292.9533241666666,18.71586,54.109868434719026,-0.08126041992041072,0.2308424475082455,0.03069573778920303,-3.13,0.58,-5.57,0.61,40.0,5.0,3.444132453829619,0.4481367512131574,5.689134920603487,0.3242786403026878,-0.001561354008744115,0.000929637002490196,6.673239494811401,0.04650089876837997,10.735998344902418,2.224697866488463,-4.866239572972877,1.0028004714508452,9.131074669010458,0.14178523719681424,0,0
G055.37+00.18,IRAS19312,293.3510125,19.948791666666665,55.37072374786133,0.18554369847933413,0.2632209386699371,0.05025909441726749,-2.61,1.0,-6.73,1.0,36.0,7.0,3.0108455914299332,0.5437394975382024,6.102038088162889,0.3755126446308703,0.016525552013557234,0.0019760964698686224,6.835913011587305,0.08375971761995053,24.966846165365432,0.3813232754797257,-6.563776025342569,2.0113310206943535,-8.824027268727267,3.0618050168902444,0,0
G056.09+02.09,K3-35,291.93342916666666,21.500955555555556,56.09606157555446,2.093703472898855,0.26037979336855466,0.04033060104794248,-3.34,0.1,-5.93,0.07,26.0,5.0,3.1090301364767097,0.46052162501710175,6.091761310691021,0.3095197880090776,0.14163198322742637,0.020152056009210894,6.861481960179867,0.05976815503410857,17.588115451684047,0.199724995451081,-14.966317311269421,1.1408878563180727,10.296398441156104,0.28948004664744087,0,1
G058.77+00.64,G058.77+0.64,294.70469541666665,23.144501388888887,58.774782840801315,0.6441243423890506,0.29921113068634847,0.03969666081767355,-2.7,0.34,-6.1,0.38,33.0,3.0,2.8050056180583955,0.3616165753158046,6.480873587793381,0.21922409934777426,0.04177751055613987,0.00466609320133403,7.074312789130619,0.05199320260951995,15.452081019018733,0.5829947949580393,-1.486310920273857,0.8535364212520955,-1.844122857121007,1.2997091006257078,0,0
G059.47-00.18,G059.47-0.18,295.8681266666666,23.345145,59.47786832029194,-0.18574369789614975,0.5351584277010184,0.02393095280565693,-1.83,1.22,-6.6,1.21,26.0,3.0,1.6064099736503985,0.07170366234790186,7.23428305777203,0.04227378851291463,-0.0008353331373629077,0.0002865029851252954,7.410916057668437,0.025613238621697933,14.597192590328355,0.001362095732418552,-0.4106506342072106,0.6716070221234743,-7.017958889271732,0.6726379049060434,0,0
G059.78+00.06,G059.78+0.06,295.79686,23.734241666666673,59.78279539322432,0.06462548893528905,0.4629620923380061,0.020001934384660768,-1.5,0.53,-5.12,0.51,23.0,5.0,1.8630148462095586,0.0802160525581369,7.096310632511935,0.046719190299512436,0.007591337927771985,8.645927809374261e-05,7.337333028321679,0.024703028744583588,-0.49415603767126987,0.6337961568526919,-1.1208430875703628,0.6306769835473376,-4.6955405358902205,0.5501609292819363,0,0
G059.83+00.67,G059.83+0.67,295.24705750000004,24.078938055555557,59.83284558256524,0.6720377042899001,0.24214976110049247,0.013961399757852154,-2.91,0.26,-6.12,0.26,34.0,3.0,3.558064246953324,0.2042581039209508,6.113211306245738,0.11872651233429837,0.053050379989335525,0.0027249453917786966,7.077213766474751,0.006026742647602268,16.294979748165,0.2793445339493364,1.397312109242279,0.6229893511785558,-1.48925748780999,0.55947386458505,0,0
G060.57-00.18,G060.57-0.18,296.46872875,24.29534361111111,60.575485462035,-0.1866045916230899,0.12086278819356551,0.01466696916006321,-3.26,0.15,-5.66,0.15,4.0,5.0,7.089310007943595,0.8401377493688297,4.182764643168263,0.47386454533944516,-0.022448725947670344,0.0033220135193547363,8.27213548427357,0.5059545670649026,17.309400997982237,0.6207002081791609,17.32264540611576,18.14414059524616,7.181893958967289,0.1120173665555818,0,0
G069.54-00.97,ON1,302.53779166666664,31.526652777777773,69.54015475880628,-0.9755753368750332,0.40580990283653157,0.012856384367561981,-3.19,0.4,-5.22,0.4,12.0,5.0,2.306009800424334,0.07300952475436219,7.32105310410629,0.027237850656255735,-0.03652377806189581,0.0013331337702730337,7.676037781229884,0.004003141497529577,6.504122500165364,0.07301852327579895,-3.453116956588646,0.05679091134270095,6.100589954837207,0.0657410236433409,0,0
G070.18+01.74,G070.18+1.74,300.22703083333334,33.52450666666666,70.18112987671326,1.7402339351279177,0.15605656316150407,0.015914990314097616,-2.82,0.16,-5.17,0.19,-23.0,5.0,5.960924010813537,0.5997047910480513,6.032936072663056,0.2161445736228473,0.19763981223815164,0.019322037271312764,8.500454496511193,0.278514605339823,10.81945806912174,1.040578839299033,-10.866583947502264,8.993207353347561,-3.1631962463263807,1.0055580305368141,0,0
G071.31+00.82,IRAS20056+3350,301.8802470833333,33.994858611111106,71.31267658176284,0.8288975030782504,0.2129650994536291,0.02799417345147651,-2.62,0.7,-5.65,0.6,9.0,5.0,4.369853083267213,0.5660323380939866,6.703276369594095,0.191458225946176,0.07205929877120532,0.008610713102573294,8.022361383900654,0.16821635666176324,6.335091965054085,0.32171274555228324,6.116646394242747,5.622237241280708,-10.687609064683844,2.4140523203179507,0,0
G071.52-00.38,G071.52-0.38,303.2412262499999,33.50752305555555,71.52200000846027,-0.3852512949367999,0.27729242225524037,0.02577058874056309,-2.48,0.29,-4.97,0.3,11.0,3.0,3.3895473249850627,0.3126159305186227,7.048700058081379,0.10446474488680661,-0.018643569924160573,0.002234432030760087,7.828133917542356,0.0465247146242858,-4.381000825621207,1.1671617504270733,-0.27391585240807786,1.0681816058513753,-3.311179642870393,1.0545950065446752,0,0
G074.03-01.71,G074.04-1.71,306.2796054166667,34.83266472222223,74.03418534001557,-1.7140695758068842,0.6290785703141106,0.017080803728759454,-3.79,1.3,-4.88,1.5,5.0,5.0,1.5265258507173853,0.0413894405337471,7.744658022456625,0.011840570683107577,-0.04196916779900042,0.0012893139327952224,7.893785491082835,0.003600469824764776,7.621568056175012,0.01247347828292579,-4.119813402912874,0.06691913818745225,10.54205903924432,0.0568231881302908,0,0
G075.29+01.32,G075.30+1.32,304.06671666666665,37.596058333333346,75.29661759400169,1.3238331091670008,0.1077902797501908,0.010029294974770146,-2.37,0.11,-4.48,0.17,-58.0,5.0,8.89358242136745,0.8194250233814911,5.847458245529318,0.21503811688996555,0.21798671884231607,0.0195701403788691,10.661919655603862,0.5742336083628121,12.32232199763776,1.0347680466532825,8.096652556401706,15.457096276932907,-17.021735563202213,2.1517112130619918,0,0
G075.76+00.33,G075.76+0.34,305.4211916666667,37.4248,75.76094109745675,0.3398843021248017,0.28507120410108844,0.022008286740867376,-3.08,0.6,-4.56,0.6,-9.0,9.0,3.379733345451365,0.25961258561724987,7.323690939700483,0.0658815958058828,0.026257258478064073,0.0015880582674104426,8.07020116277905,0.051368649613257836,-0.03897934351672317,0.3061936645119163,-12.779519166197755,1.4085486099556908,6.763194909886767,0.08893676581140339,0,0
G075.78+00.34,ON2N,305.4333833333333,37.443744444444434,75.78202617063077,0.34272075498874843,0.2616540883587603,0.02970755927064268,-2.79,0.55,-4.66,0.55,1.0,5.0,3.6544880798269586,0.4076744999993312,7.255397941925976,0.10329544516584982,0.02812347248153607,0.002514454390965272,8.134076677444124,0.0987292950569475,-3.963000420770065,1.1024593756853327,-1.5770055637322118,2.468180963277221,1.4387405662207016,0.7296499792299894,0,0
G076.38-00.61,G076.38-0.62,306.85614666666663,37.38012777777778,76.38087891296179,-0.6177468789150884,0.7704117663177633,0.05324309515897827,-3.73,3.0,-3.84,3.0,-2.0,5.0,1.2554974388785536,0.08635440450417091,7.877191747549278,0.02092114917582328,-0.008339363360975268,0.0009576167767976005,7.977109173724907,0.006903247315908788,2.10394418254072,0.26896041731225373,-8.37530261245544,0.15601345610860926,13.146530884919537,0.334393271777306,0,0
G078.88+00.70,AFGL2591,307.3534291666667,40.18877500000001,78.88664662758207,0.7089349067223036,0.2999812315903201,0.023995546286088805,-1.2,0.72,-4.8,0.66,-6.0,7.0,3.2497163319915305,0.2583382543857376,7.54297695716691,0.05074883012720378,0.04668031610009643,0.0032670313380250156,8.217246120565846,0.05777461594749228,-13.13462908198115,1.4302145973870997,-7.937678827590971,0.951249041422514,-21.19738056007501,2.3044451792559713,0,0
G079.73+00.99,IRAS20290+4052,307.71113749999995,41.04098333333333,79.7357033468796,0.9904481658389028,0.7380756078672843,0.06172753250958037,-2.84,0.79,-4.14,1.06,-3.0,5.0,1.3234722837092083,0.11039598938655362,7.941681582405694,0.019992687140661346,0.028897557678540693,0.0019447312053713574,8.051985401950098,0.0018195775290918692,1.2850953796529865,0.4721978622684364,-7.25377662486125,0.032408992643598866,6.770088927907776,0.08010359426340061,0,0
G079.87+01.17,G079.88+1.18,307.6214333333333,41.26489999999999,79.8768617101513,1.176948051856514,0.619847045005156,0.027227185085747847,-3.23,1.3,-5.19,1.3,-5.0,10.0,1.5848808020260015,0.06957526848860333,7.898367734903657,0.012423274071202512,0.038735277280726475,0.0014553498405996972,8.056118937767819,0.0016579087750048568,8.491881563171287,0.07921605678281178,-8.893870924555339,0.12683233701375674,4.198004628882276,0.1503931235343511,0,0
G080.79-01.92,NMLCyg,311.60641666666663,40.1165,80.798358751203,-1.9209984018541382,0.6197147865068842,0.04687724882225001,-1.55,0.57,-4.59,0.57,-3.0,3.0,1.5827398186705854,0.11894372430296878,7.925005707234344,0.019265316466864114,-0.04809986480641852,0.004034319716575813,8.082405261987377,0.004973557165260811,-2.9659206691607,0.7689598999357343,-6.479072589409229,0.038625084250319304,-3.8958519195617884,0.9488435787032694,0,0
G080.86+00.38,DR20,309.254,41.58213888888889,80.86148060638195,0.3832986489012765,0.6867850274111752,0.03766076660355971,-3.29,0.73,-4.83,0.77,-3.0,5.0,1.4330531685881838,0.07831119639133871,7.950828906836775,0.012597808760092017,0.01537991291659373,0.0005353482927949652,8.079332281011798,0.0017120336938484192,6.852004067700115,0.0288564801902999,-6.214387285836941,0.11612046342472247,5.900597838066657,0.11166281020687448,0,0
G081.75+00.59,DR21A,309.7583041666666,42.41646944444445,81.75231069833808,0.5907472014271133,0.6658683060228907,0.03491896982193504,-2.84,0.45,-3.8,0.47,-3.0,3.0,1.4820497859127335,0.07753286730520298,7.966525085878971,0.011239115896663357,0.021129600882490693,0.0008132975039462825,8.10358687792974,0.003299537201915802,-0.6112406690845187,0.43196981546916036,-5.68920457714137,0.07214761588858258,7.4436777759123185,0.022460651298299893,0,0
G081.87+00.78,W75N,309.651775,42.62633333333334,81.87126092276698,0.7806425959270948,0.7719639139572453,0.042353802379325775,-1.97,0.5,-4.16,0.51,7.0,3.0,1.2785185130011973,0.06998291965692119,7.998735089301186,0.009996547508906287,0.02327351980213225,0.0009683172444930335,8.100578269973822,0.0013597570716149215,-1.0856378643142754,0.559221261033512,4.28162837169426,0.024226468516685598,2.0421971638822725,0.3230774130255403,0,0
G090.21+02.32,G090.21+2.32,315.5945875,50.05230805555554,90.21041884652507,2.3243263294043786,1.4830115156995907,0.03780460051385567,-0.67,1.56,-0.9,1.67,-3.0,5.0,0.6732928960225139,0.017169152612714997,8.183816063184425,6.257686239649282e-05,0.03302841178019888,0.0006998572188769585,8.211483501259778,0.0014738130378734282,-4.780777185219899,0.38718580522751056,-3.08219003948349,0.0004902464125661201,7.018160292112629,0.007716900705547844,0,0
G090.92+01.48,G090.92+1.48,317.30403541666664,50.017684444444455,90.92149156847276,1.4866391508876282,0.17060902255820456,0.030895464208780404,-2.96,0.2,-2.61,0.28,-70.0,5.0,5.65809420888172,0.969877316871847,8.27226892147988,0.01558271492943877,0.15346908218909114,0.02534970904918743,10.051934081515835,0.5865059569262453,4.323277859344906,1.0746733563937838,-27.560869908399578,12.193870155077423,16.538717494099505,1.8325488808947417,0,1
G092.67+03.07,G092.69+3.08,317.34054999999995,52.37696666666668,92.67110261250687,3.0711369069780137,0.6128934720511622,0.020204113916398623,-0.69,1.42,-2.25,1.42,-5.0,10.0,1.6257789807313876,0.053601455292659396,8.257151006297644,0.0024987381415272607,0.09323480902184894,0.0028898436933780993,8.415843058403045,0.012845661544312338,-16.987674962020854,0.9002517508265331,-2.5425399745676334,0.057552866141492576,-0.8863462349126278,0.2596934900636486,0,0
G094.60-01.79,AFGL2789,324.99279208333326,50.23916499999999,94.60251907932413,-1.7961221860465215,0.221198990942124,0.012942390400640373,-3.49,0.23,-2.65,0.23,-43.0,3.0,4.488292215642439,0.26144557001805147,8.542773953037127,0.021052445949648675,-0.13460777419587105,0.008166211093857687,9.65259864878557,0.1410324172380947,3.411550726303192,0.5947237560086781,-4.174250795591489,3.26920996981173,16.507416371108604,0.38735767545419,0,0
G095.29-00.93,G095.29-0.93,324.9187870833333,51.34244666666667,95.29640928036793,-0.9369260916592836,0.2063898589979178,0.014999424481585408,-2.74,0.3,-2.85,0.37,-38.0,5.0,4.798245790898697,0.34646236324881063,8.62623049223999,0.03212218861071103,-0.0721036333742812,0.005609468159205474,9.875061605057537,0.1980946127382939,-7.409602145016093,1.284385710668964,-0.44067874895076276,3.8349904510500905,1.3620667455346274,0.5456375162409448,0,0
G097.53+03.18,G097.53+3.18,323.0518095833333,55.89713583333333,97.53059757689884,3.183713765506176,0.13278759233316254,0.01703948436682934,-2.94,0.29,-2.48,0.29,-73.0,5.0,7.330981379799792,0.9247181280387409,9.150214666491086,0.12220949556163514,0.41881773702295294,0.05212472010020612,11.74185719546148,0.684503332613822,9.85903780679203,1.1787605830747787,10.430667219472282,13.961604534004334,9.625170908258099,0.8092628170515564,0,0
G100.37-03.57,G100.37-3.57,334.04318791666657,52.35947583333334,100.37795140467924,-3.57843805063198,0.2889760719541741,0.016085535153101797,-3.66,0.6,-3.02,0.6,-37.0,10.0,3.3869680677751233,0.18835312396160572,8.801779593710837,0.034502118630359166,-0.20874818929350017,0.01191921782543092,9.432363107253655,0.10035046989666814,12.82306119600151,0.34555498429651954,1.9554546118858303,2.633095683384432,3.6341410472338285,0.41885160611873934,0,0
G105.41+09.87,G105.42+9.88,325.77700416666664,66.11537222222222,105.4153407995665,9.87819014043937,1.1306085907821266,0.06293736580709514,-0.21,1.2,-5.49,1.2,-10.0,5.0,0.8373713642623759,0.04645796149275727,8.412157543613318,0.012804696373841594,0.15714575209474052,0.008408791762056007,8.453851516038688,0.01738353999103274,7.792836673744011,0.4845904503252054,2.322287777694827,0.5337441030728547,-12.297150753627761,0.9092664786518613,0,0
G107.29+05.63,IRAS22198+6336,335.36136666666664,63.86053333333333,107.29814849705512,5.639738909923124,1.2880572725089015,0.10677935012018515,-2.47,1.4,0.26,1.4,-11.0,5.0,0.7324991445227763,0.06023223345081398,8.409436378185069,0.01875418364774869,0.08162666449128836,0.00625292226892929,8.441479623808183,0.024012447838372173,4.411902962205693,1.0223266354968965,-3.878318750233226,0.24539484519654636,11.460859338789174,0.4669966501385596,0,0
G108.18+05.51,G108.18+5.51,337.21421541666666,64.22811138888889,108.18440412713686,5.5187141741030175,1.0921844593378083,0.018062546373506225,0.26,1.15,-2.26,1.2,-11.0,3.0,0.8655880031112303,0.014305355368090928,8.465636569479328,0.004698132791915494,0.09395442693663139,0.001460487000180919,8.509784618921937,0.006129668809281729,-2.063499532055991,0.3131865250262044,-3.151342855652227,0.04758220533012342,-3.0653885571699058,0.14739423896810425,0,0
G108.20+00.58,G108.20+0.58,342.38115624999995,59.928335,108.2075792542506,0.5885686601049679,0.22695941326108823,0.03672325564116211,-2.25,0.5,-1.0,0.5,-49.0,10.0,4.070063222144873,0.6343053266106622,9.520099079554997,0.20863754540993648,0.05120381388920949,0.007109796066101799,10.36533554767916,0.4509911013984156,-10.109794280810842,4.600495279857571,-9.293906762435457,5.488034158736509,9.911577603723508,0.3860697229923889,0,0
G108.42+00.89,IRAS22480+6002,342.49531666666667,60.29906944444443,108.42546195100171,0.8938797786704659,0.3998819446357145,0.050696403685497646,-2.58,0.6,-1.91,0.5,-51.0,5.0,2.3355300586622962,0.2907106976597668,8.95941798239794,0.09684703866240776,0.044920396283117774,0.004896407806279075,9.262342580273632,0.16962671520663195,12.562438353966627,1.9594688239406932,-20.599392251981733,3.188072817939281,0.6997626638964007,0.7942347730851456,0,1
G108.47-02.81,G108.48-2.80,345.6336666666667,56.964277777777774,108.47140082934065,-2.81828263849846,0.3089586216749446,0.009997995434336542,-3.13,0.49,-2.79,0.46,-54.0,5.0,3.063027012034011,0.0989513895814133,9.204635688582334,0.03305695432144463,-0.1521731795802831,0.0050963394129484646,9.701258153530022,0.06266589398786747,20.145501800628594,0.3117083379445069,-7.563299760599162,1.4518598740142545,-8.26085311907008,0.6300860835024857,0,0
G109.87+02.11,G109.87+2.11,344.07523291666666,62.030433888888886,109.87114054361916,2.1142331144652298,1.2275164983344247,0.023987734383327932,-1.03,1.3,-2.62,1.33,-7.0,5.0,0.7653282863225558,0.014945833151994114,8.457952335814447,0.005401435784957718,0.0359448379985345,0.0005929195674527135,8.492519790602866,0.006727585780526266,2.8122885965406628,0.25985751512664723,2.5807365348136098,0.08610666529050058,-0.03202716706500782,0.14512341905965692,0,0
G111.25-00.76,G111.25-0.77,349.0430916666667,59.92461,111.2556473204034,-0.7697600325004578,0.27999174087820045,0.014978447871440358,-2.69,0.28,-1.75,0.33,-40.0,3.0,3.318695845722322,0.17747429344388424,9.4723377326631,0.06903765811204036,-0.04081488382193864,0.002481242513339929,10.037916308809978,0.12419234454354361,1.1315114781459819,1.1969635810731887,3.8332039168287135,2.082199605991567,-2.541870165393046,0.6030517026344138,0,0
G115.05-00.04,PZCas,356.01367333333326,61.78949638888889,115.05817049311926,-0.04780508349368345,0.3563351697615716,0.040412779375995425,-3.7,0.78,-2.0,0.81,-36.0,5.0,2.5104135400278484,0.2808497663342991,9.355092415162028,0.13130979455940406,0.0044989200193317185,0.0001213165528573442,9.688935162503322,0.20145597132029205,16.333410826839685,1.3013697385893646,11.673474508164038,4.660160033372034,-4.782484054997194,1.4407070045647887,0,0
G121.29+00.65,L1287,9.197304166666664,63.48393333333334,121.29772769898064,0.6586746380665055,1.0773196652734913,0.038923097156997905,-0.86,1.19,-2.29,1.23,-23.0,5.0,0.7920542882587027,0.028583973193869728,8.66288925887844,0.01737754564662539,0.016703277086332388,0.000401301317618025,8.699064469290034,0.01991705029643545,9.595463852990344,0.5728962417608061,-6.3266227260806245,0.16006476338754735,-2.125938084237299,0.3548790801059919,0,0
G122.01-07.08,IRAS00420+5530,11.243320833333335,55.77988888888889,122.01613080261144,-7.080364464508809,0.46033358012778597,0.020200408025545857,-3.7,0.5,-1.25,0.5,-50.0,5.0,1.824532681408736,0.07988891031603358,9.322324538656703,0.049958132992808844,-0.26059677164669176,0.011654950353955095,9.49944108449119,0.06443170719887907,29.988918043840542,0.3894057241785559,-1.1590292821861388,1.4362808564556442,3.2063736091465103,0.5171688711355507,0,0
G123.06-06.30,NGC281,13.10292,56.564035277777776,123.06687111330831,-6.307458387127732,0.3550849598072292,0.030000744752603364,-2.79,0.62,-2.14,0.7,-30.0,5.0,2.329040226313609,0.19570926737248198,9.697901117115238,0.12743478521186796,-0.30016840890801644,0.025692320401992447,9.974932302641509,0.17024027921856427,6.175102612867602,1.5757925509121637,13.552137474967312,2.4819718830047615,-16.30024107921605,2.3824072821060307,0,0
G123.06-06.30,NGC281W,13.100816666666665,56.56199444444446,123.065712860949,-6.309503596002619,0.4211547352825055,0.02199427125024226,-2.69,0.31,-1.77,0.29,-29.0,3.0,1.9724551577111378,0.10278513192427802,9.465656398824688,0.06692489760691006,-0.25343828818562314,0.013497681058436191,9.669372974378742,0.08660495027533674,7.356784951272425,0.9561923521015365,9.296836780623147,1.2514600549890882,-7.933149742734645,1.035778688464415,0,0
G133.94+01.06,W3OH,36.7659125,61.873675,133.94727176505737,1.0643603638741193,0.5119629176579343,0.009969758853421986,-1.2,0.32,-0.15,0.32,-47.0,3.0,1.405522118886261,0.027382660827635547,9.53614226692604,0.02639409615087877,0.04301587864810917,0.0007292684498627899,9.639192998632733,0.030109056235456216,20.53812212230499,0.42200754628872095,-6.900595406525943,0.2581370381834459,1.794851048123349,0.10333716560791768,0,1
G134.62-02.19,SPer,35.71546083333333,58.586512222222225,134.62067979354038,-2.1949947866937314,0.41310544155068474,0.017114338500684903,-0.49,0.5,-1.19,0.48,-39.0,5.0,1.7188514640556645,0.07112322425993733,9.877651057661527,0.07018962536024526,-0.08552539836693968,0.003769927918087805,10.026255658194053,0.08138393868653326,3.0723508982741863,1.2462549976337538,-8.103055981342665,0.17083090898126183,-5.046727314652087,0.6091954043624922,0,0
G135.27+02.79,G135.27+2.79,40.86903333333333,62.95233,135.27736804841592,2.7977111744013468,0.16715244579589875,0.010949860374945544,-1.22,0.3,0.46,0.36,-72.0,3.0,4.186236089734545,0.2724564892249842,12.408176781781922,0.27509750179430764,0.29990446463959375,0.01915556190703494,13.09641856847259,0.3480739868611542,14.846756455569196,2.0317978798738388,13.119442699255032,2.7679034021841584,1.7011740181634631,0.171048015909217,0,0
G160.14+03.15,G160.14+3.16,75.41768208333333,47.12195166666667,160.1459561384659,3.1565872797446364,0.24393519726339563,0.005984716628351817,0.87,0.35,-1.32,0.29,-18.0,5.0,1.3892800380225399,0.034068276210218414,12.028796428251612,0.09434775709993391,0.2340439870340448,0.005602370108811648,12.108780773875816,0.09763633185117383,-11.631202862157142,0.5819059468957436,-11.670729421493826,0.6096603835601349,4.986945771268623,0.056679126757736176,0,0
G168.06+00.82,G168.06+0.82,79.30726499999999,39.37219861111111,168.06255332305662,0.821792774472923,0.18683312077322836,0.021935138150016534,0.44,0.29,-0.78,0.35,-25.0,5.0,1.0912966792622656,0.1254782448784168,13.343221707077321,0.5935151244933786,0.08497052708830008,0.009128009869753451,13.387988702707519,0.6018782729949208,5.495100416283009,1.5735298278815433,-0.9931336807365833,1.8270686050536002,5.503208829937598,0.26447127487052463,0,0
G170.65-00.24,IRAS05168+3634,80.09195833333331,36.63239722222223,170.65992509395934,-0.2471586354095883,0.5314529294262986,0.07538088220694492,0.23,1.2,-3.14,0.6,-19.0,5.0,0.29923768199711404,0.041354402332879764,10.000714312730857,0.2514329849819854,-0.0010778684295674101,0.0009205713881097339,10.005246247081427,0.25259893701279723,11.15482188283321,1.159354201626743,-6.550091450018118,2.7493156360754862,-5.915991523823173,1.9395621624023955,0,0
G173.48+02.44,G173.48+2.44,84.80444083333333,35.764244722222216,173.48170012167827,2.446150239406822,0.5938112496621099,0.013895062332171393,0.62,0.63,-2.34,0.63,-13.0,5.0,0.19087853996868312,0.004463139775710872,9.851994962990934,0.03906289311334053,0.07859070836598304,0.0017070654425198062,9.853844584363266,0.03914210354860781,8.470884921643856,0.13246911877812975,-0.6922224216832832,0.3535795966534881,2.1328216205126096,0.1340596756316127,0,0
G174.20-00.07,AFGL5142,82.70007208333334,33.79849111111111,174.20078576569145,-0.0705774365495289,0.4667243924372453,0.019790819970362437,0.32,0.56,-0.22,0.68,-2.0,10.0,0.21608746298430606,0.009155299077865503,10.308990651920006,0.09014440494418477,0.0044377359960326,4.853684852238679e-05,10.311257668336458,0.09031712711291415,-1.7328283215135039,0.18436378894236063,15.84635038189076,0.007422690357543278,9.558398051672777,0.062888345176695,0,0
G176.51+00.20,G176.52+0.20,84.46723041666667,32.00109111111111,176.5155330804469,0.2008047303915956,1.0382728836095771,0.020767674500515004,1.84,1.0,-5.86,1.0,-17.0,5.0,0.05851211225693977,0.00116933494214379,9.142308805233828,0.01920403353514545,0.009623159419255442,8.07340577241118e-05,9.142496106221977,0.019211129604566612,15.01471120910032,0.05523133884030467,-10.754505936449362,0.5039696800203879,0.8122446794148983,0.14454926118604383,0,0
G183.72-03.66,G183.72-3.66,85.10094833333333,23.848535555555554,183.72001748339744,-3.664334779789013,0.6290165766448199,0.011851719601899062,0.38,1.3,-1.32,1.3,3.0,5.0,-0.10288009345966284,0.0019371127625035088,9.76403062162536,0.029799811595610473,-0.09492102246846891,0.001892380211360548,9.764572746782127,0.029818578852116008,-0.9292105689054815,0.05287599991111774,6.930157040914365,0.13193179383950382,4.3325890896373,0.052994073930643794,0,0
G188.94+00.88,S252,92.22226708333332,21.64141638888889,188.94613651904683,0.8859910867416382,0.4760875187594236,0.005975019856851019,-0.32,0.49,-1.94,0.49,8.0,5.0,-0.326547117239145,0.004097924878540237,10.255661192284798,0.026030919975025872,0.03941720517728064,0.0004245901876183026,10.260859134827923,0.026148187604498278,-0.25706154261454356,0.09445617991434789,0.4499559912946066,0.14407924927420984,-3.7403850427681298,0.15243330931437823,0,0
G192.16-03.81,G192.16-3.84,89.556375,16.533027777777775,192.160922685052,-3.8166167234548873,0.6598924958470715,0.0394197524253633,0.7,0.78,-1.8,0.86,5.0,5.0,-0.31729931273447676,0.018890279224555294,9.653938299616923,0.08766919615371419,-0.0939534727725198,0.005925880757517683,9.65916449593473,0.08824691354348005,2.689108902836222,0.5330599699116529,0.3500885599472448,0.6413187159251817,4.794025640441127,0.1218797645908146,0,0
G192.60-00.04,S255,93.22504166666668,17.989777777777782,192.6002643996537,-0.0480346259467824,0.6013998983892299,0.03868926867748365,-0.18,0.6,-0.43,0.6,7.0,5.0,-0.3611784105783891,0.023144385076774545,9.797148087055922,0.10353989084086329,0.005236559695920635,2.2220751869952915e-05,9.803822318504222,0.10432929946269934,-0.09951892599378513,0.4996743598763825,11.350864658917143,0.04807155736943976,5.214151891248933,0.18322057951113974,0,0
G196.45-01.67,S269,93.65441666666668,13.826805555555556,196.45392144831814,-1.6772835839025606,0.24184608466508717,0.011004164195749058,0.2,0.27,-0.73,0.27,19.0,5.0,-1.1682316641032164,0.05312418134835832,12.137076228681115,0.17988219414462606,-0.11269258996104727,0.005378480413371204,12.193221486781699,0.1841579716658217,4.114845507959428,0.7836469347475447,-0.755058595433532,0.390593120423301,3.7434464421031977,0.15354639013023177,0,0
G209.00-19.38,Orion,83.81583333333333,-5.387250000000001,209.0071038179257,-19.385407367876446,2.4212448963156783,0.018983306398372604,3.13,3.06,-1.1,3.71,3.0,5.0,-0.18888715277867674,0.0014808855174387506,8.522159448834582,0.0026718697300409005,-0.13129466376321344,0.0010731308474143325,8.52425258001857,0.002704034277408636,-0.8215006492189423,0.04568289920477912,1.1908989197476707,0.033438037753694666,5.335882669596595,0.03320056511585821,0,0
G211.59+01.05,G211.60+1.06,103.1888375,1.6730755555555554,211.5928799268676,1.0558432850287698,0.23894916678314151,0.00985069066701202,-0.79,0.62,0.05,0.66,45.0,5.0,-2.1881130819099552,0.08997863610330663,11.739005371445318,0.14629586213664775,0.08461628915696545,0.0032499592616233265,11.941351528029285,0.16033804387129422,-5.044853134062492,1.0398858145979597,0.6666966701152799,0.5692090299535657,-4.224150694805219,0.5538152079156689,0,0
G213.70-12.59,G213.70-12.6,91.94941,-6.382384999999998,213.70489510697948,-12.596933374924088,1.1478980724974628,0.030245269696446052,-1.3,1.2,2.2,1.2,11.0,3.0,-0.47143259458733766,0.0124103664360328,8.888292496932083,0.018609797954973518,-0.1838782770646548,0.004987537829861231,8.900793351593157,0.019242044287020095,-6.33654169049999,0.17160380558955388,9.850034908234083,0.282379293692568,0.9574085655012483,0.019448153566470193,0,0
G217.79+01.05,V838Mon,106.02009041666666,-3.847398888888889,217.79735918637314,1.0521676307724253,0.16282253955885237,0.016002719158276946,-0.54,0.23,0.08,0.17,49.0,5.0,-3.726748294350983,0.3621841971720761,12.98621301399433,0.4669596482598738,0.11990745975603818,0.011110596131239232,13.51212780100299,0.5495564479007833,12.920498236430632,3.1457611538861534,-5.123027106561022,1.2239945631319984,-3.447556617621142,1.2413074589981066,0,0
G229.57+00.15,G229.57+0.15,110.75738249999999,-14.692871944444445,229.57103107365108,0.1511496337363216,0.21802728202270263,0.012069064545135972,-1.33,0.7,0.77,0.7,47.0,10.0,-3.480841526690439,0.1918259331096769,11.146816183366584,0.16342341162690452,0.01907856256687348,0.0007437100005983938,11.678430834121388,0.213369192760284,13.302076744387287,1.7157852053909206,-4.152162291270158,1.4965439919091255,-9.247424314951862,0.9653895993453777,0,0
G232.62+00.99,G232.62+1.00,113.04074999999996,-16.970222222222223,232.6204764855296,0.9956623329523018,0.5959475914432362,0.034824782283304524,-2.17,0.38,2.09,0.6,21.0,3.0,-1.328532267721573,0.07727134972323639,9.1963259121336,0.05903328506770549,0.0351062552397875,0.0017171406138960616,9.292041028495424,0.06955273933176759,1.5883657889125706,0.7654785674996896,1.6223398172206933,1.0584270150599722,1.7041776949958174,0.4110287369411092,0,0
G236.81+01.98,G236.81+1.98,116.11765291666666,-20.141835000000004,236.8158559066961,1.9834377864193748,0.32640607891078055,0.026033590948752666,-2.49,0.43,2.67,0.41,43.0,5.0,-2.5461850489191065,0.20161378987792206,9.846449043274378,0.13184606919728756,0.11164652288164609,0.008398369718468286,10.171613477752636,0.1786836046469393,-8.018430767733747,0.9576126927425601,4.567034503308446,3.43947390736868,-1.6815673894460381,0.941503751834202,0,0
G239.35-05.06,VYCMa,110.743025,-25.767516666666666,239.3525543239775,-5.065400957531599,0.8543755761668242,0.05668589604454228,-2.8,0.58,2.6,0.58,20.0,3.0,-0.9984814826931188,0.06601806545115016,8.773059511049768,0.03912212637619504,-0.09705822183052541,0.006786501737395481,8.829907822172405,0.046424491150291604,-0.6421964169534355,0.5419752076974488,-5.147699946541218,0.9135994371501779,-2.3218021803342896,0.46028482497085493,0,0
G240.31+00.07,G240.31+0.07,116.21653166666668,-24.128158888888887,240.31556192003987,0.07129338852107177,0.18701651828542093,0.013987291210778189,-1.55,0.5,2.57,0.3,68.0,5.0,-4.619203975025777,0.34387449911376355,10.814441800868465,0.19601839839298563,0.013210871739576129,0.0005678292266469167,11.762050175626571,0.3162995051504996,-7.75220257014689,1.2959363236379158,5.283671097613311,5.131042481784194,6.824409987869866,0.10252301182558404,0,0
G305.20+00.01,G305.20+0.20,197.80416666666665,-62.66666666666667,305.2001322004253,0.11794341636129108,0.24963517619172304,0.04962662403737114,-6.9,0.33,-0.52,0.33,-43.0,5.0,-3.1371025679330176,0.5877252801366248,5.968365230684656,0.41459728324653766,0.011442551964323752,0.001097705952246029,6.780360972024886,0.08254120065875288,-5.159411485874018,1.3758582234768162,1.570631971823463,2.3415042329454225,8.277302579921237,0.04781558634295028,0,0
G339.88-01.25,G339.88-1.25,253.01949,-46.14289,339.8839744426684,-1.258844415155656,0.47952404884429806,0.08062886260858569,-1.6,0.52,-1.9,0.52,-34.0,3.0,-0.6968260342310714,0.11229010383364955,6.278854696370522,0.3065797527999212,-0.04035687877905115,0.007403038824183732,6.319165233736373,0.29040279113593975,-6.980671009425979,4.040471315937129,7.344017435978848,2.8147157272706393,9.21644787654822,0.043957339990059845,0,0
G348.70-01.04,G348.70-1.04,260.0168166666666,-38.97525555555556,348.7036894831859,-1.043576662219392,0.29625488889843493,0.02598130623426139,-0.73,0.31,-2.83,0.59,-9.0,5.0,-0.6559475000827111,0.05712736059099828,4.897555568041606,0.2859911800017203,-0.05776910219361023,0.0055174490608951654,4.942231683769482,0.27516929194964956,13.878934722428454,2.858468468224125,-19.837324541265957,1.8173048229818436,-7.808379769960423,1.4097755860165655,0,0
G351.44+00.65,G351.45+0.66,260.2275041666667,-35.752394444444434,351.4449426111547,0.6596624023223397,0.7524105861994932,0.06946351515804641,0.31,0.58,-2.17,0.9,-8.0,3.0,-0.1960459924647179,0.01794800989605135,6.878162513881474,0.11930791689043495,0.01983411691857125,0.0013046600031669736,6.880989323527068,0.1187267371916332,0.07830494364139153,0.5979808767401403,6.468691762260066,0.8959193881767116,-1.4165430440929958,0.8533895337850513,0,0
G359.61-00.24,G359.61-0.24,266.41279041666667,-29.39174027777777,359.6146910246702,-0.24315899246129866,0.3752627439402948,0.021163477355919967,1.0,0.4,-1.5,0.5,21.0,5.0,-0.01786292898250073,0.001005013617196593,5.5248923314891405,0.14945971561888718,-0.007506824500333628,0.0007364849241048451,5.524921411265152,0.14945559463785177,21.87758718650451,0.05378268099394355,6.609466968747438,0.1055675248478148,-12.567625507581248,1.1585434109088846,0,0
