gname,alias,glong,glat,plx,e_plx,mux,e_mux,muy,e_muy,vlsr,e_vlsr,Upec,Vpec,Wpec,is_tooclose,is_outlier
G359.13+00.03,,359.1373497015032,0.03164965568619413,0.165,0.031,-3.98,0.36,-6.5,0.79,-1.0,10.0,-2.2783497246557154,-146.87827562033098,7.366435703234838,1,0
G359.93-00.14,,359.9358046522043,-0.14465979579567287,0.181,0.029,-1.33,0.44,-1.8,0.78,-10.0,10.0,-9.488378355658774,-9.815442121432483,13.110167705305855,1,0
G000.37+00.03,,0.37587051594994725,0.03998288982206162,0.125,0.047,-0.77,0.28,-2.67,0.4,37.0,10.0,33.358785472021744,10.059281327927067,-14.438141506111073,1,0
G000.67-00.03,SgrB2,0.6723936512495867,-0.031085589754245226,0.129,0.012,-0.78,0.4,-4.26,0.4,62.0,5.0,46.72763768275771,27.41392416535733,-47.63111127340231,1,0
G001.00-00.23,,1.0080088997502155,-0.23691464594107528,0.09,0.057,-3.87,0.28,-6.23,0.56,2.0,5.0,7.11385149659147,-115.1607550278105,11.784249515296887,1,0
G001.14-00.12,,1.1468590971627388,-0.12451539666452208,0.194,0.161,0.82,0.33,-3.59,0.69,-16.0,3.0,-17.835023145995095,-24.793569647314342,-26.982559452734243,1,0
G002.70+00.04,,2.703329806207946,0.04008424737831133,0.101,0.105,-3.13,0.87,-9.36,1.24,93.0,5.0,100.39464244165131,-174.58501645801806,-39.625558361751594,1,0
G009.21-00.20,,9.214501562373684,-0.20178401986576255,0.303,0.096,-0.41,0.45,-1.69,0.5,43.0,5.0,24.676949064912282,-2.5979516119529933,1.72660138339121,0,0
G009.62+00.19,,9.621176471063592,0.19579350539472196,0.194,0.023,-0.58,0.13,-2.49,0.29,2.0,3.0,-37.874800352209576,-27.364460183167296,-8.839739982968943,1,0
G010.32-00.15,,10.322582065798148,-0.15976309095023986,0.343,0.035,-1.03,0.36,-2.42,0.5,10.0,5.0,-6.23981554289042,-23.132197130584984,4.401025997140399,0,0
G010.47+00.02,,10.472275231547771,0.027186927300817815,0.117,0.008,-3.86,0.19,-6.4,0.14,69.0,5.0,25.611294865912672,-26.177738050704747,18.88676020505776,1,0
G010.62-00.33,,10.628762401846714,-0.33293427419314275,0.362,0.076,-0.36,0.39,-1.86,0.38,-6.0,5.0,-22.580314657551288,-15.350984017146828,1.136327872510841,0,1
G010.62-00.38,,10.623443843526005,-0.3831828909830312,0.202,0.019,-0.37,0.5,-0.6,0.25,-3.0,5.0,-60.461195331456786,5.10923509811758,8.984937726058806,1,0
G012.02-00.03,,12.0253782206583,-0.031360968405016364,0.106,0.008,-4.11,0.11,-7.76,0.28,108.0,5.0,20.929542712143988,37.53840047384821,2.2486527140982915,1,0
G015.66-00.49,,15.665337907741977,-0.4989202772567488,0.22,0.029,-1.16,0.24,-5.3,0.3,-4.0,5.0,-18.409088022203797,-86.67845665443252,-22.486905771973714,1,0
G016.86-02.15,,16.863852816256305,-2.158718684011113,0.426,0.092,0.32,0.49,-2.48,0.56,17.0,3.0,-4.5042088051719915,-9.104693947747421,-6.7014892832704955,0,0
G017.02-02.40,,17.02111143842585,-2.4026814379453247,0.531,0.108,0.1,0.61,-2.81,0.76,22.0,3.0,5.43155422884998,-6.9748557045802215,-3.74963479544388,0,0
G019.00-00.02,,19.00861898230549,-0.02927879524970525,0.247,0.063,-1.77,0.29,-4.0,0.42,56.0,5.0,25.865639312608135,-30.47233761904363,2.8205357851747115,0,1
G019.36-00.03,,19.364794581204375,-0.030218659385238107,0.352,0.069,-1.12,0.38,-2.5,0.46,27.0,3.0,-0.5728591356196344,-15.32159889036086,5.8570709303778115,0,0
G019.49+00.11,,19.495878629696847,0.11540813737933626,0.326,0.1,-3.6,0.42,-8.2,1.03,121.0,5.0,118.91977598506764,-38.938479203334964,0.17661107562778788,0,1
G022.35+00.06,,22.35649810059656,0.06636008021647362,0.231,0.108,-1.7,0.28,-3.9,0.31,80.0,5.0,43.20969122810694,-7.412504470136042,3.5211285274174173,0,1
G023.25-00.24,,23.256667908477972,-0.2405330629180043,0.169,0.051,-1.72,0.23,-4.09,0.28,63.0,3.0,-0.7430718711112444,-30.249359284128786,-0.8589372127253547,1,0
G023.43-00.18,,23.439874775875797,-0.18234046517464125,0.17,0.032,-1.93,0.15,-4.11,0.13,97.0,3.0,9.865593211175371,-4.527811241756865,3.01494164467511,1,0
G023.70-00.19,,23.706481409035387,-0.19808948789577602,0.161,0.024,-3.17,0.18,-6.38,0.21,73.0,5.0,51.053359441615484,-57.608359934994695,4.300575191808454,1,0
G024.78+00.08,,24.789784460044235,0.08328615497898524,0.15,0.016,-2.62,0.16,-5.08,0.2,111.0,3.0,11.028351855669019,-3.314226453252388,7.8029560222521,1,0
G024.85+00.08,,24.85019363114266,0.08744403115578879,0.176,0.016,-2.42,0.19,-5.23,0.26,111.0,5.0,38.477571443183514,-5.88941898115894,1.3338513646795436,1,0
G025.70+00.04,,25.70947641263878,0.04382484083429205,0.098,0.029,-2.89,0.11,-6.2,0.36,93.0,5.0,-11.711973756287595,-15.888795772992921,-3.6943916955781457,0,1
G027.36-00.16,,27.3650187555239,-0.16583551744408356,0.125,0.042,-1.81,0.11,-4.11,0.27,92.0,3.0,-43.06579633176354,-13.27173924123997,-0.8812999451675694,1,0
G029.86-00.04,W43S,29.86235404758307,-0.04430388038070352,0.221,0.03,-2.33,0.26,-5.47,0.31,101.0,3.0,48.50750327426718,-4.4570651618252555,-0.8699758187099196,0,1
G029.98+00.10,,29.98178690887367,0.10870528029669775,0.156,0.01,-0.94,0.32,-3.49,0.32,109.0,10.0,-61.61608430962939,14.255698822533446,-14.663492338154825,0,1
G030.19-00.16,,30.198084886374037,-0.16914209901434926,0.212,0.01,-2.08,0.22,-3.8,0.25,108.0,3.0,15.175645268281448,19.344279266165756,10.316054614986738,0,1
G030.22-00.18,,30.224560641098076,-0.18002336531163532,0.284,0.032,-0.87,0.31,-4.7,0.34,113.0,3.0,51.5855796210772,25.042557775417123,-14.6326048574368,0,1
G030.41-00.23,,30.419304146675408,-0.23203670427991155,0.253,0.021,-1.98,0.28,-4.07,0.29,103.0,3.0,34.67764468927544,16.32340914379199,5.889547300816336,0,1
G030.78+00.20,,30.788120700992007,0.2035512648483566,0.14,0.032,-1.85,0.16,-3.91,0.19,82.0,5.0,-48.964114073998665,-17.885424436794693,3.9415146901241798,0,1
G030.81-00.05,,30.817836048306496,-0.056811463681020746,0.321,0.037,-2.34,0.35,-5.66,0.35,105.0,5.0,68.0151122877913,7.477741601914772,0.7064766322475275,0,1
G032.74-00.07,,32.74399860101673,-0.07561954326359703,0.126,0.016,-3.15,0.27,-6.1,0.29,37.0,10.0,17.641287465955443,-60.642617894348945,8.715150196370818,0,1
G032.79+00.19,,32.79690274874211,0.19085880269231165,0.103,0.031,-2.94,0.24,-6.07,0.25,16.0,10.0,16.371993421105195,-75.48766762704918,1.918140039373072,0,1
G033.39+00.00,,33.39324682286976,0.009930293754734967,0.113,0.029,-2.48,0.13,-5.36,0.13,102.0,5.0,-33.9534205280473,-2.2816312994874295,-0.9569465557207142,0,1
G036.11+00.55,,36.11515249562877,0.552417516017583,0.246,0.056,-1.41,0.26,-3.76,0.27,75.0,5.0,3.159740397633455,8.756518631605474,0.46477568216567455,0,0
G037.47-00.10,,37.478995245362846,-0.10479699963239832,0.088,0.03,-2.63,0.07,-6.19,0.15,58.0,3.0,-7.343033326730922,-8.516797354860813,-14.33261547661644,0,1
G038.03-00.30,,38.03751439318483,-0.30030798376774476,0.095,0.022,-3.01,0.06,-6.2,0.11,60.0,3.0,-1.7964252385550736,0.815019094645578,0.3039338975024446,0,1
G040.62-00.13,,40.62252629485976,-0.1383352018401078,0.08,0.021,-2.69,0.09,-5.6,0.25,31.0,3.0,-16.049189554713745,-5.102837409889645,-1.851545692065903,0,1
G049.41+00.32,,49.41561779563076,0.32574685738368936,0.132,0.031,-3.15,0.17,-4.49,0.66,-12.0,5.0,-16.251204551985662,-73.03950917644053,29.65555323376708,0,1
G049.48-00.36,W51IRS2,49.48941604341323,-0.368967603608512,0.195,0.071,-2.49,0.14,-5.51,0.16,56.0,3.0,8.669647932381254,-3.521588910767804,-0.44556209452220585,0,0
G073.65+00.19,,73.65270776749108,0.19422771072774792,0.075,0.02,-2.31,0.17,-4.2,0.23,-76.0,10.0,18.91883643328325,23.719868294093203,-16.4946976053768,0,1
G074.56+00.84,IRAS20143+3634,74.5695888585289,0.8457682350457756,0.367,0.083,-3.0,0.81,-4.37,0.98,-1.0,5.0,-2.110029476678479,-15.027910522187995,8.365075092163993,0,0
G078.12+03.63,IRAS20126+4104,78.12233662267857,3.6327523931431576,0.645,0.03,-2.06,0.84,0.98,0.84,-6.0,5.0,-34.47913192129833,-17.265244662901523,23.079040668126275,0,1
G098.03+01.44,,98.03586484832445,1.4459922020451168,0.366,0.161,-3.28,1.0,-0.63,1.0,-61.0,5.0,5.883226158879131,-52.901828454022365,22.72232645935466,0,1
G108.59+00.49,,108.5946502956341,0.49176673738739946,0.405,0.033,-5.56,0.4,-3.4,0.4,-52.0,5.0,45.60481349772182,-5.508270851050526,0.5354712348780106,0,1
G110.19+02.47,IRAS22555+6213,110.19609843675002,2.4761750374699742,0.314,0.07,-2.14,0.68,-0.32,0.77,-63.0,5.0,6.870018898223983,-37.316229546435096,13.391693988386578,0,1
G111.23-01.23,,111.23496496800085,-1.2381963239292646,0.3,0.081,-4.37,0.6,-2.38,0.6,-53.0,10.0,32.891858332351426,-2.6669293428469416,-0.02227689365049379,0,0
G111.54+00.77,NGC7538,111.5421294899417,0.7769384028762917,0.378,0.017,-2.45,0.4,-2.44,0.4,-57.0,5.0,17.9561256446427,-23.972472557817696,-9.965315367058345,0,1
G136.84+01.16,,136.84514450512646,1.1674146306121307,0.47,0.115,0.42,0.5,-0.43,0.5,-42.0,5.0,10.497605712603198,-18.547350146336782,5.292510894107725,0,0
G182.67-03.26,,182.67801276550367,-3.265397302996912,0.157,0.042,0.44,0.35,-0.45,0.36,-7.0,10.0,10.985797469413383,2.1290431318538765,11.42329709546437,0,0
G188.79+01.03,IRAS06061-2151,188.79369548865986,1.0306622558850218,0.496,0.103,-0.1,0.5,-3.91,0.5,-5.0,5.0,13.547310866288175,-17.678115529749874,-9.31798101657115,0,0
G000.31-00.20,G000.31-0.20,0.3152592880390072,-0.20083724333908243,0.342,0.042,0.21,0.39,-1.76,0.64,18.0,3.0,17.44755136804815,-6.583728438357184,-6.659755059122009,0,0
G005.88-00.39,G005.88-0.39,5.884193454612775,-0.3923617226509042,0.334,0.02,0.18,0.34,-2.26,0.34,9.0,5.0,-2.633060315309012,-13.644719190759929,-9.91808239374425,0,0
G006.79-00.25,G006.79-0.25,6.795315908924413,-0.2572553029452956,0.288,0.021,-0.3,0.3,-1.3,0.31,22.0,5.0,3.337819296279849,-2.7539600242799054,1.8039584837809368,0,0
G007.47+00.05,G007.47+0.05,7.4706955199311,0.05836478557150925,0.049,0.007,-2.43,0.1,-4.43,0.16,-14.0,10.0,4.5417884191842,-4.82024328009976,0.9906986989416646,0,0
G008.34-01.00,VXSgr,8.344133233567698,-1.001949271180782,0.64,0.04,0.36,0.76,-2.92,0.78,5.0,5.0,-2.2134924441865422,-9.31966423036397,-4.526406049938684,0,0
G011.10-00.11,G011.10-0.10,11.109056798808037,-0.1141616285891001,0.364,0.027,-0.2,0.38,-2.0,0.41,29.0,5.0,9.031556549227414,-7.157365451124207,-2.1511034506666995,0,0
G011.49-01.48,G011.50-1.49,11.497391078678321,-1.4853403015859088,0.8,0.033,1.42,0.52,-0.6,0.65,11.0,3.0,-0.7218466640261626,9.501324095099278,-0.9304962585019503,0,0
G011.91-00.61,G011.91-0.61,11.917706166890026,-0.6131241747829906,0.297,0.05,0.66,0.69,-1.36,0.75,37.0,5.0,5.010687700858406,8.003491185021232,-10.828414592252106,0,0
G012.68-00.18,W33B,12.68060538759639,-0.1822956124191795,0.416,0.028,-1.0,0.95,-2.85,0.95,58.0,10.0,41.11767231036968,-8.35288375408868,2.4118756499651175,0,1
G012.81-00.19,W33M,12.813647319205213,-0.197000256792044,0.343,0.037,-0.4,0.7,-0.25,0.7,34.0,5.0,2.8567377698500063,12.848508359292282,11.123877567312913,0,0
G012.88+00.48,W33A,12.888828423096749,0.4891010634666449,0.404,0.044,0.15,0.43,-2.3,0.52,35.0,7.0,15.014285055701565,-4.312708431601948,-5.9514334635400346,0,0
G012.90-00.24,W33A,12.900918412281614,-0.2414988120833986,0.408,0.025,0.19,0.4,-2.52,0.4,36.0,5.0,16.372093914096933,-6.050620419195894,-7.84870284422688,0,0
G012.90-00.26,W33A,12.908573475865381,-0.260515343411919,0.396,0.032,-0.36,0.4,-2.22,0.4,37.0,5.0,16.775565026546307,-6.071165082378286,-0.846113947278937,0,0
G013.71-00.08,G013.71-0.08,13.712772905190688,-0.08357249590896319,0.264,0.014,-0.29,0.28,-2.16,0.29,44.0,5.0,5.110200417811844,-5.747289335522794,-5.826223562371403,0,0
G013.87+00.28,G013.87+0.28,13.873851346076345,0.28123456627745236,0.254,0.024,-0.25,2.0,-2.49,2.0,48.0,10.0,8.735140295238443,-8.354767950776306,-9.577325342999757,0,0
G014.33-00.64,G014.33-0.64,14.331809220605823,-0.6449915014717299,0.893,0.101,0.95,1.5,-2.4,1.3,22.0,5.0,11.33807635869582,3.2745250817062583,-2.2375845293821737,0,0
G014.63-00.57,G014.63-0.57,14.636659788569817,-0.5759736776586776,0.546,0.022,0.22,1.2,-2.07,1.2,19.0,5.0,2.294977536663371,-3.166922131612523,-2.127215279672763,0,0
G015.03-00.67,G015.03-0.68,15.034454144972516,-0.6771653895354851,0.499,0.026,0.68,0.53,-1.42,0.54,22.0,3.0,0.5328063053402241,3.7977901379321963,-4.018258480407299,0,0
G016.58-00.05,G016.58-0.05,16.585151904401133,-0.05056506486036847,0.279,0.023,-1.13,0.34,-2.59,0.35,60.0,5.0,21.915488871462717,-8.05930360024297,4.261596866855706,0,0
G017.55-00.12,IRC-10414,17.55098166476619,-0.12621787857867428,0.497,0.038,-0.04,1.04,-2.01,1.04,44.0,10.0,20.677499844606405,5.153155921371422,-0.5642696453319545,0,0
G017.63+00.15,G017.63+0.15,17.638322059105924,0.15648197284194454,0.669,0.019,-0.26,1.41,-1.53,1.41,25.0,10.0,7.493739468947026,3.2649895170752927,4.637102523130979,0,0
G018.34+01.76,G018.34+1.76,18.34134321996305,1.7681359375571692,0.5,0.019,-0.32,0.53,-1.99,0.76,28.0,3.0,5.340616695306817,-1.8948190037838515,2.235008052723413,0,0
G018.87+00.05,G018.87+0.05,18.873712001325543,0.05329127411267487,0.297,0.049,-0.17,0.32,-1.9,0.37,39.0,3.0,-4.121285665819165,-1.0607162438684554,-3.1143627493860855,0,0
G023.00-00.41,G023.00-0.41,23.009732531257157,-0.4106074690445545,0.205,0.015,-1.72,0.22,-4.12,0.37,79.0,5.0,16.535206010063543,-17.39997695607525,-0.941187243158101,0,0
G023.20-00.37,G023.20-0.37,23.206426993566257,-0.37766312675142266,0.239,0.034,-1.45,0.5,-3.4,0.51,82.0,10.0,23.777315503500603,-1.4005273190691696,2.258058079280959,0,0
G023.38+00.18,G023.38+0.18,23.38904771260075,0.18538132690356354,0.208,0.025,-1.57,0.23,-3.92,0.26,75.0,3.0,12.070585408683929,-15.848662686593599,-1.021509946646523,0,0
G023.65-00.12,G023.65-0.12,23.656704649214,-0.1273173102429206,0.313,0.039,-1.32,0.2,-2.96,0.2,81.0,3.0,34.86224365924805,8.463386905198178,5.061208488933309,0,1
G024.63-00.32,G024.63-0.32,24.634014733998125,-0.3236682101479086,0.242,0.045,-0.31,0.27,-2.73,0.3,43.0,5.0,-19.101815006486706,-10.97776691644043,-10.106684586007319,0,1
G028.14-00.00,G028.14-0.00,28.146736114864105,-0.004448489059502129,0.158,0.023,-2.11,0.17,-4.85,0.17,100.0,5.0,0.30987607341493767,-5.301375469550862,-1.8788728523750144,1,0
G028.30-00.38,G028.30-0.38,28.30461376453355,-0.3875637898243574,0.221,0.022,-1.62,0.23,-3.97,0.23,87.0,5.0,14.190957445570572,0.3444943481171663,-0.3134282023347108,0,0
G028.39+00.08,G028.39-0.08,28.39696032379618,0.0803015348553419,0.231,0.015,-1.4,0.24,-3.26,0.24,75.0,5.0,-1.8378857881490431,0.46329893998108673,3.1014673291271535,0,0
G028.83-00.25,G028.83-0.25,28.832263978205695,-0.2527226235153818,0.2,0.04,-1.89,0.22,-4.53,0.22,87.0,5.0,19.358433847265523,-7.271190128747463,-0.8682154698321067,0,0
G028.86+00.06,G028.86+0.07,28.86189583762602,0.06568572107888841,0.201,0.019,-3.19,0.42,-5.72,0.48,100.0,10.0,53.92192981841671,-16.08033112000203,13.241780555511742,0,1
G029.95-00.01,W43S,29.95535735860859,-0.01609362155956864,0.207,0.019,-2.36,0.2,-5.38,0.2,99.0,5.0,39.776646829554544,-6.243906133571073,-0.0717319234787599,0,1
G030.70-00.06,G030.70-0.06,30.702612637379612,-0.06826033982916073,0.153,0.02,-2.33,0.18,-4.95,0.18,89.0,3.0,-8.22371854563257,-14.441734494978874,2.327288852284699,0,0
G030.74-00.04,G030.74-0.04,30.74870960107436,-0.048962552178467726,0.326,0.055,-2.38,0.38,-4.46,0.38,88.0,3.0,47.08806260547811,6.597752574466085,9.092280182163101,0,1
G030.97-00.14,G030.97-0.14,30.972373449134494,-0.14170442807291,0.294,0.022,-2.14,0.31,-3.82,0.34,77.0,3.0,25.23781966895603,1.9750633942637137,10.445973199837402,0,1
G031.24-00.11,G031.24-0.11,31.242956031992385,-0.11083787919714606,0.076,0.014,-2.8,0.19,-5.54,0.19,24.0,10.0,-15.714322804725878,-25.220949887733383,5.827537487814133,0,0
G031.28+00.06,W43M,31.280793161088436,0.06163046197692942,0.184,0.017,-1.99,0.19,-4.58,0.22,110.0,5.0,8.91491299285174,14.062241609570293,0.0026264232891097805,0,0
G031.41+00.30,G031.41+0.30,31.411680178447348,0.3069107392290935,0.267,0.029,-1.58,0.7,-5.82,0.7,97.0,15.0,52.475108645195036,0.002425259634321719,-13.262039950950026,0,0
G031.58+00.07,W43M,31.580940884016176,0.07833223058323738,0.183,0.032,-1.97,0.4,-4.43,0.4,96.0,5.0,4.408278773055069,3.6254498036681753,1.5381685248154238,0,0
G032.04+00.05,G032.04+0.05,32.044751441002475,0.05901306308858758,0.198,0.015,-2.05,0.21,-4.77,0.21,98.0,5.0,15.780598964981804,3.728317359184757,-0.24802884100628475,0,0
G033.09-00.07,G033.09-0.07,33.09233817699092,-0.07292822935478745,0.134,0.016,-2.46,0.15,-5.32,0.15,100.0,5.0,-20.696884318374796,-3.259279490789055,-0.312820345161386,0,1
G033.64-00.22,G033.64-0.22,33.641353299674236,-0.22774335942656015,0.131,0.02,-3.1,0.15,-6.27,0.14,60.0,3.0,21.163625894054288,-37.71429015298625,4.278182769332215,0,1
G034.41+00.23,G034.41+0.23,34.411347255476784,0.23484880798495683,0.34,0.011,0.12,0.72,-4.18,0.72,60.0,10.0,8.152469275754317,3.7433180847934864,-19.80176259155078,0,0
G034.79-01.38,G034.79-1.38,34.79129841043613,-1.386534296931711,0.381,0.02,-0.31,0.62,-2.8,0.72,45.0,5.0,-6.412969929286893,3.993551369576892,-5.0355123035551355,0,0
G035.02+00.34,G035.02+0.34,35.02473625223476,0.3496880117017388,0.43,0.04,-0.92,0.9,-3.61,0.9,52.0,5.0,12.293117178525831,4.474443242536523,-0.7190126991403574,0,0
G035.19-00.74,G035.20-0.74,35.19702269335042,-0.7432143222481172,0.456,0.045,-0.18,0.5,-3.63,0.5,30.0,7.0,-3.5844827861149096,-7.724639306751442,-7.38586899836721,0,0
G035.20-01.73,G035.20-1.73,35.20026749469471,-1.7365020254432326,0.412,0.014,-0.68,0.44,-3.6,0.44,43.0,5.0,2.935003865106596,-2.5388083760795723,-4.679459008391483,0,0
G035.79-00.17,G035.79-0.17,35.79270976116863,-0.17467486124400444,0.113,0.013,-2.96,0.12,-6.23,0.14,61.0,5.0,4.914008912522041,-19.264493503848087,-0.8448022887463384,0,0
G037.42+01.51,G037.43+1.52,37.42959860980132,1.5171744279328931,0.532,0.021,-0.45,0.35,-3.69,0.39,41.0,3.0,7.53512062212096,3.385174471061873,-2.7005119501306076,0,0
G038.11-00.22,G038.11-0.22,38.11898310051321,-0.2288543184845349,0.242,0.035,-2.79,0.27,-5.25,0.31,76.0,5.0,27.60856075441277,-5.840478621749526,9.21612828023644,0,0
G040.28-00.21,G040.28-0.21,40.2818472660697,-0.2194082499129248,0.297,0.019,-1.8,0.31,-3.82,0.33,74.0,5.0,6.761890862056986,14.306714989530121,5.335073330971498,0,0
G040.42+00.70,G040.42+0.70,40.42504894497153,0.7001418836757184,0.078,0.013,-2.95,0.09,-5.48,0.1,10.0,5.0,-1.6313818973783412,1.5503993043555226,14.305729124113178,0,1
G041.15-00.20,G041.15-0.20,41.15598508592042,-0.20088804170370891,0.125,0.018,-2.79,0.14,-5.85,0.16,60.0,3.0,-3.7707004982294836,-16.202894078146215,-0.03851234487078514,0,0
G041.22-00.19,G041.22-0.19,41.226062958855465,-0.1972047771246814,0.113,0.022,-2.82,0.13,-5.89,0.16,59.0,5.0,-6.205422979325006,-11.769602192963475,-0.31849594782836377,0,0
G042.03+00.19,G042.03+0.19,42.034420659047015,0.19012662417462636,0.071,0.012,-2.4,0.09,-5.64,0.11,12.0,5.0,-7.644187519111698,32.811715181831715,-21.600409318369092,0,1
G043.03-00.45,G043.03-0.45,43.03800702376548,-0.45294778054078455,0.13,0.019,-3.03,0.15,-6.56,0.2,56.0,5.0,24.092900349044285,-9.712395682689703,-4.595292559331163,0,0
G043.16+00.01,W49N,43.16640518860843,0.011163502230476451,0.09,0.007,-2.88,0.2,-5.41,0.2,10.0,5.0,-4.281577220724958,-15.320382258301919,10.825636628540963,0,0
G043.79-00.12,OH43.8-0.1,43.79539199884004,-0.1272371060397677,0.166,0.01,-3.02,0.36,-6.2,0.36,44.0,10.0,21.246607941977445,-31.629804747532944,2.435402857233309,0,0
G043.89-00.78,G043.89-0.78,43.890437146644295,-0.7844063956407018,0.134,0.013,-3.11,0.15,-5.35,0.21,52.0,3.0,-9.914589113688155,-19.819370821954095,16.823208250806776,0,0
G045.07+00.13,G045.07+0.13,45.07115896295704,0.13234463759873824,0.129,0.007,-3.21,0.26,-6.11,0.26,59.0,5.0,9.75889129445504,0.884798166525286,8.360156228015901,0,0
G045.45+00.06,G045.45+0.05,45.45486514647116,0.05996026424078869,0.119,0.017,-2.34,0.38,-6.0,0.54,55.0,7.0,-8.996154130572192,-4.025071961959611,-19.45939790839937,0,0
G045.49+00.12,G045.49+0.12,45.49274981854154,0.12557457025306218,0.144,0.024,-2.62,0.17,-5.61,0.16,58.0,3.0,-5.65561055644003,-12.16025366265174,-0.8846193951953047,0,0
G045.80-00.35,G045.80-0.35,45.804085794663436,-0.3558613706076123,0.137,0.023,-2.52,0.17,-6.08,0.27,64.0,5.0,1.9614331438332195,-1.7954207511879474,-12.228603503154531,0,0
G046.25-01.47,G046.26-1.48,46.256067740991504,-1.4765490403291515,0.121,0.015,-3.04,0.22,-5.84,0.28,28.0,10.0,7.7833672486658285,-24.087522931177432,5.329070236618659,0,0
G048.60+00.02,G048.61+0.01,48.60614182320978,0.023040405947408762,0.093,0.005,-2.89,0.13,-5.5,0.13,18.0,5.0,-4.892733727901468,11.86020294198434,6.263807867966883,0,0
G048.99-00.29,G048.99-0.30,48.990016161571475,-0.29892431112746737,0.178,0.017,-2.2,0.48,-5.84,0.63,67.0,10.0,1.3870098277218215,4.307564785807671,-13.574880357148466,0,0
G049.04-01.07,G049.04-1.07,49.042950897434245,-1.0787598378571701,0.164,0.022,-3.23,0.23,-6.42,0.43,38.0,5.0,27.90211070590487,-21.416594517151083,1.963759652790487,0,0
G049.19-00.33,G049.19-0.34,49.190121363031665,-0.3367997694748615,0.197,0.008,-3.08,0.4,-5.5,0.4,67.0,5.0,8.534628559406944,4.700274916730223,10.540902182178591,0,0
G049.26+00.31,G049.26+0.31,49.26516263412598,0.31116841234938347,0.113,0.016,-2.73,0.15,-5.85,0.19,0.0,5.0,14.568898092078857,-33.204977166820385,-5.868855311841719,0,1
G049.34+00.41,G049.34+0.41,49.349203730217596,0.41254508958508773,0.241,0.031,-2.36,0.26,-5.59,0.33,68.0,5.0,13.057530822887518,8.624336294806199,-1.9822040736493545,0,0
G049.48-00.38,W51M,49.48845380190986,-0.3880043314490998,0.185,0.01,-2.64,0.2,-5.11,0.2,58.0,4.0,-8.617300247656157,-3.5102926830686556,5.422750988703093,0,0
G049.59-00.24,G049.59-0.24,49.599361013324554,-0.24953430172254354,0.218,0.009,-2.25,0.24,-6.12,0.25,63.0,5.0,15.445932317149254,1.513394562620391,-11.912855654802325,0,0
G052.10+01.04,G052.10+1.04,52.10051753542083,1.0427643128815773,0.165,0.013,-2.77,1.4,-5.85,1.4,42.0,40.0,6.034439912316107,-9.738370580382366,-0.765921122178792,0,0
G054.10-00.08,G054.10-0.08,54.10986843471903,-0.08126041992041073,0.231,0.031,-3.13,0.58,-5.57,0.61,40.0,5.0,11.070628831628555,-10.370404066668186,9.112787992070428,0,0
G055.37+00.18,IRAS19312,55.370723747861334,0.18554369847933413,0.263,0.05,-2.61,1.0,-6.73,1.0,36.0,7.0,25.023483550217104,-12.507696020319798,-8.371229977541944,0,0
G056.09+02.09,K3-35,56.09606157555446,2.093703472898855,0.26,0.04,-3.34,0.1,-5.93,0.07,26.0,5.0,17.629052439059343,-20.579961866585563,10.259774228760143,0,1
G058.77+00.64,G058.77+0.64,58.77478284080131,0.6441243423890506,0.299,0.04,-2.7,0.34,-6.1,0.38,33.0,3.0,15.559859003018873,-6.748444187637517,-1.6981636672961997,0,0
G059.47-00.18,G059.47-0.18,59.47786832029194,-0.18574369789614978,0.535,0.024,-1.83,1.22,-6.6,1.21,26.0,3.0,14.60314160894084,-5.384604085146833,-6.993206066556528,0,0
G059.78+00.06,G059.78+0.06,59.78279539322432,0.06462548893528905,0.463,0.02,-1.5,0.53,-5.12,0.51,23.0,5.0,-0.45707758122845193,-6.086899219370935,-4.671457825240513,0,0
G059.83+00.67,G059.83+0.67,59.83284558256524,0.6720377042899001,0.242,0.014,-2.91,0.26,-6.12,0.26,34.0,3.0,16.334768808971052,-3.729594458078026,-1.4646952665219857,0,0
G060.57-00.18,G060.57-0.18,60.575485462035,-0.1866045916230899,0.121,0.015,-3.26,0.15,-5.66,0.15,4.0,5.0,17.386089110105225,8.9876035682762,7.193987208750954,0,0
G069.54-00.97,ON1,69.54015475880628,-0.9755753368750333,0.406,0.013,-3.19,0.4,-5.22,0.4,12.0,5.0,6.51672986907875,-8.447512117044539,6.103082874457961,0,0
G070.18+01.74,G070.18+1.74,70.18112987671326,1.7402339351279177,0.156,0.016,-2.82,0.16,-5.17,0.19,-23.0,5.0,10.807802906491247,-17.232509154075302,-3.0719804491129494,0,0
G071.31+00.82,IRAS20056+3350,71.31267658176284,0.8288975030782504,0.213,0.028,-2.62,0.7,-5.65,0.6,9.0,5.0,6.403754767518873,-0.07072974301709678,-10.403342701232212,0,0
G071.52-00.38,G071.52-0.38,71.52200000846027,-0.3852512949367999,0.277,0.026,-2.48,0.29,-4.97,0.3,11.0,3.0,-4.287172375291264,-5.4932847050109785,-3.231226714141034,0,0
G074.03-01.71,G074.04-1.71,74.03418534001557,-1.7140695758068842,0.629,0.017,-3.79,1.3,-4.88,1.5,5.0,5.0,7.625657683632644,-9.10883884064495,10.54048043297683,0,0
G075.29+01.32,G075.30+1.32,75.29661759400169,1.3238331091670008,0.108,0.01,-2.37,0.11,-4.48,0.17,-58.0,5.0,12.319275409208762,1.0531427746544466,-16.790527551961585,0,0
G075.76+00.33,G075.76+0.34,75.76094109745675,0.3398843021248017,0.285,0.022,-3.08,0.6,-4.56,0.6,-9.0,9.0,-0.005212861968192293,-17.973404476204053,6.768955915924961,0,0
G075.78+00.34,ON2N,75.78202617063077,0.34272075498874843,0.261,0.03,-2.79,0.55,-4.66,0.55,1.0,5.0,-3.873067643299855,-7.0053877454132305,1.4984349658333684,0,0
G076.38-00.61,G076.38-0.62,76.38087891296179,-0.6177468789150884,0.77,0.053,-3.73,3.0,-3.84,3.0,-2.0,5.0,2.1229657747423905,-13.364539354121803,13.126606311824393,0,0
G078.88+00.70,AFGL2591,78.88664662758207,0.7089349067223036,0.3,0.024,-1.2,0.72,-4.8,0.66,-6.0,7.0,-13.026127845634978,-13.068659136408428,-21.019708247883592,0,0
G079.73+00.99,IRAS20290+4052,79.73570334687959,0.9904481658389029,0.737,0.062,-2.84,0.79,-4.14,1.06,-3.0,5.0,1.3177703009562038,-12.256294101689605,6.774991312463095,0,0
G079.87+01.17,G079.88+1.18,79.8768617101513,1.1769480518565139,0.62,0.027,-3.23,1.3,-5.19,1.3,-5.0,10.0,8.492625717349032,-13.89703423838597,4.205112880773759,0,0
G080.79-01.92,NMLCyg,80.798358751203,-1.920998401854138,0.62,0.047,-1.55,0.57,-4.59,0.57,-3.0,3.0,-2.902470196239095,-11.483475331057178,-3.8213624485309836,0,0
G080.86+00.38,DR20,80.86148060638196,0.38329864890127646,0.687,0.038,-3.29,0.73,-4.83,0.77,-3.0,5.0,6.857489252317733,-11.21963678073078,5.906999479577573,0,0
G081.75+00.59,DR21A,81.75231069833808,0.5907472014271133,0.666,0.035,-2.84,0.45,-3.8,0.47,-3.0,3.0,-0.5838979508722365,-10.687465111417481,7.444753228527578,0,0
G081.87+00.78,W75N,81.87126092276698,0.7806425959270948,0.772,0.042,-1.97,0.5,-4.16,0.51,7.0,3.0,-1.0526094330976254,-0.7117620333991965,2.059595434971519,0,0
G090.21+02.32,G090.21+2.32,90.21041884652509,2.3243263294043786,1.483,0.038,-0.67,1.56,-0.9,1.67,-3.0,5.0,-4.7717569488405776,-8.069709688570782,7.018472638120887,0,0
G090.92+01.48,G090.92+1.48,90.92149156847277,1.4866391508876282,0.171,0.031,-2.96,0.2,-2.61,0.28,-70.0,5.0,4.4690049325700905,-34.919798509745505,16.248070474849165,0,1
G092.67+03.07,G092.69+3.08,92.67110261250686,3.0711369069780137,0.613,0.02,-0.69,1.42,-2.25,1.42,-5.0,10.0,-16.9510666511768,-7.531876529901382,-0.8765429565448652,0,0
G094.60-01.79,AFGL2789,94.60251907932413,-1.7961221860465217,0.221,0.013,-3.49,0.23,-2.65,0.23,-43.0,3.0,3.4450183057526,-9.341655776452427,16.490432052217955,0,0
G095.29-00.93,G095.29-0.93,95.29640928036791,-0.9369260916592836,0.206,0.015,-2.74,0.3,-2.85,0.37,-38.0,5.0,-7.364336232212119,-5.660527772255676,1.385594456373644,0,0
G097.53+03.18,G097.53+3.18,97.53059757689884,3.1837137655061762,0.133,0.017,-2.94,0.29,-2.48,0.29,-73.0,5.0,9.979020035514479,3.4901079849135215,9.521596951873217,0,0
G100.37-03.57,G100.37-3.57,100.37795140467924,-3.5784380506319797,0.289,0.016,-3.66,0.6,-3.02,0.6,-37.0,10.0,12.851421374776798,-3.2050199699860116,3.6568307394224053,0,0
G105.41+09.87,G105.42+9.88,105.4153407995665,9.87819014043937,1.129,0.063,-0.21,1.2,-5.49,1.2,-10.0,5.0,7.806836421779617,-2.682412340504783,-12.27075626339861,0,0
G107.29+05.63,IRAS22198+6336,107.29814849705511,5.639738909923124,1.288,0.107,-2.47,1.4,0.26,1.4,-11.0,5.0,4.488773530067189,-8.884280534877092,11.424202601892372,0,0
G108.18+05.51,G108.18+5.51,108.18440412713686,5.5187141741030175,1.092,0.018,0.26,1.15,-2.26,1.2,-11.0,3.0,-2.0616494103073113,-8.139533716687907,-3.0644220811017195,0,0
G108.20+00.58,G108.20+0.58,108.20757925425059,0.5885686601049679,0.227,0.037,-2.25,0.5,-1.0,0.5,-49.0,10.0,-9.649249361073934,-15.074061570873852,9.858202188314424,0,0
G108.42+00.89,IRAS22480+6002,108.4254619510017,0.8938797786704659,0.4,0.05,-2.58,0.6,-1.91,0.5,-51.0,5.0,12.76914729274961,-25.98081364219516,0.7919056377947626,0,1
G108.47-02.81,G108.48-2.80,108.47140082934065,-2.81828263849846,0.309,0.01,-3.13,0.49,-2.79,0.46,-54.0,5.0,20.16441029959761,-12.604860756872455,-8.238588239005669,0,0
G109.87+02.11,G109.87+2.11,109.87114054361915,2.1142331144652298,1.228,0.024,-1.03,1.3,-2.62,1.33,-7.0,5.0,2.822039818937666,-2.41063190508973,-0.026343348381985265,0,0
G111.25-00.76,G111.25-0.77,111.2556473204034,-0.7697600325004578,0.28,0.015,-2.69,0.28,-1.75,0.33,-40.0,3.0,1.1902531476979508,-1.2667506507601445,-2.5105280810339554,0,0
G115.05-00.04,PZCas,115.05817049311926,-0.04780508349368345,0.356,0.04,-3.7,0.78,-2.0,0.81,-36.0,5.0,16.444712726307436,6.206789635820144,-4.6446548700292585,0,0
G121.29+00.65,L1287,121.29772769898064,0.6586746380665055,1.077,0.039,-0.86,1.19,-2.29,1.23,-23.0,5.0,9.609701837936562,-11.31833057517639,-2.116159064767068,0,0
G122.01-07.08,IRAS00420+5530,122.01613080261146,-7.080364464508809,0.46,0.02,-3.7,0.5,-1.25,0.5,-50.0,5.0,30.000994968483006,-6.185314055280855,3.2197432970132978,0,0
G123.06-06.30,NGC281,123.06687111330832,-6.307458387127732,0.355,0.03,-2.79,0.62,-2.14,0.7,-30.0,5.0,6.272353378923079,8.370811993788664,-16.11571632936608,0,0
G123.06-06.30,NGC281W,123.06571286094899,-6.309503596002619,0.421,0.022,-2.69,0.31,-1.77,0.29,-29.0,3.0,7.394039093842631,4.255574020239322,-7.887761824142396,0,0
G133.94+01.06,W3OH,133.94727176505737,1.0643603638741193,0.512,0.01,-1.2,0.32,-0.15,0.32,-47.0,3.0,20.548610808016775,-11.890949736765094,1.7969860236492554,0,1
G134.62-02.19,SPer,134.62067979354035,-2.1949947866937314,0.413,0.017,-0.49,0.5,-1.19,0.48,-39.0,5.0,3.1085481383017135,-13.088257013325403,-5.025608693521471,0,0
G135.27+02.79,G135.27+2.79,135.27736804841592,2.7977111744013468,0.167,0.011,-1.22,0.3,0.46,0.36,-72.0,3.0,14.905515466529414,8.04526527169594,1.7089247232608686,0,0
G160.14+03.15,G160.14+3.16,160.14595613846592,3.156587279744636,0.244,0.006,0.87,0.35,-1.32,0.29,-18.0,5.0,-11.614789012778836,-16.615322002706705,4.9892560925029406,0,0
G168.06+00.82,G168.06+0.82,168.06255332305665,0.821792774472923,0.187,0.022,0.44,0.29,-0.78,0.35,-25.0,5.0,5.608460027874247,-5.701702727487287,5.5335013419965655,0,0
G170.65-00.24,IRAS05168+3634,170.65992509395934,-0.24715863540958827,0.532,0.075,0.23,1.2,-3.14,0.6,-19.0,5.0,11.277748557295254,-11.167546138546186,-5.661481306082759,0,0
G173.48+02.44,G173.48+2.44,173.48170012167827,2.4461502394068226,0.594,0.014,0.62,0.63,-2.34,0.63,-13.0,5.0,8.471916179900674,-5.662712438872035,2.137900655487682,0,0
G174.20-00.07,AFGL5142,174.20078576569145,-0.0705774365495289,0.467,0.02,0.32,0.56,-0.22,0.68,-2.0,10.0,-1.7273210520295355,10.865636317916596,9.554966889593585,0,0
G176.51+00.20,G176.52+0.20,176.51553308044686,0.20080473039159558,1.038,0.021,1.84,1.0,-5.86,1.0,-17.0,5.0,15.011082193485548,-15.737750552331079,0.8134262725190791,0,0
G183.72-03.66,G183.72-3.66,183.72001748339744,-3.664334779789013,0.629,0.012,0.38,1.3,-1.32,1.3,3.0,5.0,-0.9345022775632381,1.9485525110648325,4.333766953098454,0,0
G188.94+00.88,S252,188.94613651904677,0.8859910867416382,0.476,0.006,-0.32,0.49,-1.94,0.49,8.0,5.0,-0.2621678256845684,-4.531335358939145,-3.74030426366774,0,0
G192.16-03.81,G192.16-3.84,192.16092268505201,-3.8166167234548865,0.66,0.04,0.7,0.78,-1.8,0.86,5.0,5.0,2.655867893378516,-4.5947023653059205,4.801804446409678,0,0
G192.60-00.04,S255,192.60026439965375,-0.0480346259467824,0.601,0.039,-0.18,0.6,-0.43,0.6,7.0,5.0,-0.1260908204908991,6.365390811673308,5.224014026747803,0,0
G196.45-01.67,S269,196.45392144831814,-1.6772835839025606,0.242,0.011,0.2,0.27,-0.73,0.27,19.0,5.0,4.072410602012157,-5.693602870556759,3.7530497557458995,0,0
G209.00-19.38,Orion,209.00710381792572,-19.385407367876443,2.421,0.019,3.13,3.06,-1.1,3.71,3.0,5.0,-0.8262394646821923,-3.7969004808030604,5.336383956336771,0,0
G211.59+01.05,G211.60+1.06,211.59287992686757,1.0558432850287698,0.239,0.01,-0.79,0.62,0.05,0.66,45.0,5.0,-5.090365744024245,-4.3216318067359225,-4.197754809457885,0,0
G213.70-12.59,G213.70-12.6,213.7048951069795,-12.596933374924088,1.148,0.03,-1.3,1.2,2.2,1.2,11.0,3.0,-6.347592922020085,4.854654647555293,0.9583999236861835,0,0
G217.79+01.05,V838Mon,217.79735918637314,1.0521676307724253,0.163,0.016,-0.54,0.23,0.08,0.17,49.0,5.0,12.705418319140987,-10.16212314474862,-3.3189427825034485,0,0
G229.57+00.15,G229.57+0.15,229.5710310736511,0.1511496337363216,0.218,0.012,-1.33,0.7,0.77,0.7,47.0,10.0,13.228292013875247,-9.192007597628503,-9.196092776997897,0,0
G232.62+00.99,G232.62+1.00,232.62047648552957,0.9956623329523018,0.596,0.035,-2.17,0.38,2.09,0.6,21.0,3.0,1.539175931800917,-3.4261230545714056,1.7289491237166432,0,0
G236.81+01.98,G236.81+1.98,236.8158559066961,1.9834377864193748,0.326,0.026,-2.49,0.43,2.67,0.41,43.0,5.0,-8.075338062823475,-0.6349987413509268,-1.6228298046847627,0,0
G239.35-05.06,VYCMa,239.3525543239775,-5.065400957531599,0.855,0.057,-2.8,0.58,2.6,0.58,20.0,3.0,-0.6894159693726644,-10.205314537326075,-2.2865166269112276,0,0
G240.31+00.07,G240.31+0.07,240.31556192003987,0.07129338852107177,0.187,0.014,-1.55,0.5,2.57,0.3,68.0,5.0,-7.831702994093283,-0.05470277111868427,6.833493297355912,0,0
G305.20+00.01,G305.20+0.20,305.20013220042534,0.11794341636129109,0.25,0.05,-6.9,0.33,-0.52,0.33,-43.0,5.0,-5.4398222390935675,-4.136852293237865,8.2715978302759,0,0
G339.88-01.25,G339.88-1.25,339.8839744426684,-1.2588444151556561,0.48,0.08,-1.6,0.52,-1.9,0.52,-34.0,3.0,-7.731358503492083,2.701781507290548,9.210650767581406,0,0
G348.70-01.04,G348.70-1.04,348.7036894831859,-1.043576662219392,0.296,0.026,-0.73,0.31,-2.83,0.59,-9.0,5.0,13.511314450836373,-24.82742886429719,-7.703815111025692,0,0
G351.44+00.65,G351.45+0.66,351.4449426111547,0.6596624023223397,0.752,0.069,0.31,0.58,-2.17,0.9,-8.0,3.0,0.014684149961283696,1.5500588823915677,-1.3468272114986366,0,0
G359.61-00.24,G359.61-0.24,359.6146910246702,-0.24315899246129866,0.375,0.021,1.0,0.4,-1.5,0.5,21.0,5.0,21.86923726124526,1.6022587535088348,-12.517990270077675,0,0
