glong,glat,plx_mean,plx_med,plx_sd,plx_hdi_minus1sigma,plx_hdi_plus1sigma,Upec_mean,Upec_med,Upec_sd,Upec_hdi_minus1sigma,Upec_hdi_plus1sigma,Vpec_mean,Vpec_med,Vpec_sd,Vpec_hdi_minus1sigma,Vpec_hdi_plus1sigma
9.214501562373684,-0.20178401986576255,0.28125638,0.2703901,0.06410187,0.19862999,0.31640133,12.083555,13.011503,10.715084,3.4353237,24.222235,-1.1246215,-1.1892736,8.448453,-9.519341,7.113203
10.322582065798148,-0.15976309095023986,0.34535033,0.3452475,0.033818647,0.31098887,0.37888232,-4.98713,-4.9537563,6.838013,-11.690108,1.9393817,-18.912302,-18.859158,7.382208,-25.925837,-11.177251
10.628762401846714,-0.33293427419314275,0.38889846,0.3865471,0.062608846,0.32121235,0.44717714,-18.63312,-18.51582,7.1836433,-25.358356,-11.069871,-12.459281,-12.346113,6.762923,-19.026714,-5.6196213
16.863852816256305,-2.158718684011113,0.45984662,0.45691174,0.07627223,0.37719756,0.53043234,-4.481791,-4.2348604,6.951989,-10.752029,2.8336987,-7.34756,-7.2243176,7.104912,-14.060432,0.04569176
17.02111143842585,-2.4026814379453247,0.53292847,0.53027165,0.096568555,0.42939135,0.62408054,3.1895313,3.4261642,6.793949,-2.7915068,10.514395,-6.211463,-6.0209584,7.571066,-13.249916,1.7404866
19.00861898230549,-0.02927879524970525,0.24468003,0.23859283,0.045664065,0.18800727,0.27557653,13.089024,14.223831,12.149389,3.3853612,27.164127,-25.77558,-25.668198,8.178699,-33.635918,-17.291124
19.364794581204375,-0.030218659385238107,0.36357954,0.36064088,0.056178547,0.3007098,0.41338295,-2.2853913,-1.8681457,7.8880386,-9.225359,6.128971,-13.804065,-13.657585,7.3699784,-20.724998,-6.0792055
19.495878629696847,0.11540813737933626,0.11618036,0.11557844,0.0085325055,0.106707424,0.12314552,9.896557,9.849831,15.742909,-5.4175553,26.100012,10.309365,9.851816,10.3090925,-0.64931196,19.688103
22.35649810059656,0.06636008021647362,0.2081749,0.20127809,0.03386841,0.17001884,0.22377782,9.928407,10.111035,14.70165,-4.6891704,25.187542,-11.683059,-11.644575,7.5440326,-19.15679,-4.1019135
25.70947641263878,0.04382484083429205,0.11977221,0.11948715,0.011568782,0.108174294,0.13090311,-1.0473162,-0.90909946,14.085437,-15.407358,12.933789,-14.146914,-14.376684,8.290587,-23.040165,-6.859385
29.86235404758307,-0.04430388038070352,0.18333356,0.18121159,0.022657963,0.15652703,0.20019472,20.790516,21.384987,13.619115,8.58852,35.98758,-3.9774375,-3.961953,6.3741837,-10.186346,2.568814
30.198084886374037,-0.16914209901434926,0.20856743,0.20849913,0.009482191,0.19876552,0.21777348,11.584967,11.754942,8.2718115,3.35095,19.868607,16.30008,16.296047,6.15807,10.223964,22.591133
30.419304146675408,-0.23203670427991155,0.23345788,0.23299895,0.019429088,0.21331298,0.25228116,21.918118,22.412666,9.7603035,13.460876,32.61465,13.27655,13.297988,6.37116,7.054479,19.793259
30.788120700992007,0.2035512648483566,0.19081602,0.18970911,0.016389985,0.17178707,0.20392483,-10.95138,-10.589779,11.381492,-21.416348,1.3521272,-5.2982907,-5.2609863,7.2702084,-12.580855,1.8845758
32.74399860101673,-0.07561954326359703,0.10120542,0.09935926,0.01151945,0.08741873,0.10790173,7.302614,7.325386,10.458208,-2.821807,18.029747,-19.159952,-19.588219,14.814054,-34.877567,-5.00803
32.79690274874211,0.19085880269231165,0.08422875,0.08362885,0.006171782,0.07747456,0.08895022,8.643142,8.65704,9.926938,-1.1431468,18.66125,-7.5131173,-7.47954,15.23569,-22.45433,7.9344525
33.39324682286976,0.009930293754734967,0.14943144,0.14872041,0.013747114,0.13458641,0.16142362,-5.872476,-5.6005316,12.892687,-18.187284,7.6692715,0.40536103,0.41904056,6.7833047,-6.4861665,7.0235987
36.11515249562877,0.552417516017583,0.2573144,0.25431877,0.03417835,0.21770516,0.284177,-1.246706,-0.70476943,11.143866,-11.144502,10.848083,5.759047,5.8647623,7.3959265,-1.2850251,13.478371
37.478995245362846,-0.10479699963239832,0.117437415,0.11533132,0.015569721,0.098592676,0.12758781,-2.4571366,-2.5831966,9.834225,-12.67256,7.1625066,-15.28716,-16.47679,11.3401985,-28.299042,-6.4205093
38.03751439318483,-0.30030798376774476,0.1093102,0.10812284,0.010362348,0.09727871,0.11681059,1.4849759,1.4202883,8.041658,-6.4083567,9.705991,-2.3576884,-3.0445795,11.908238,-15.478965,8.31565
40.62252629485976,-0.1383352018401078,0.092904665,0.091992825,0.007988649,0.08399628,0.09877845,-10.780823,-10.781069,8.450422,-19.319397,-2.357235,-6.1195006,-6.354949,14.154341,-20.747444,7.7191863
49.41561779563076,0.32574685738368936,0.09901335,0.09793089,0.009642148,0.08817081,0.10552275,16.58814,16.583694,10.303777,6.320375,26.8967,-10.673488,-10.626986,15.455141,-25.681074,5.1680574
49.48941604341323,-0.368967603608512,0.20684601,0.20228761,0.04473501,0.15504138,0.24180062,1.7231528,2.3381538,9.73163,-6.2507005,12.948733,-2.4946287,-2.6340408,6.022861,-8.52245,3.2878547
73.65270776749108,0.19422771072774792,0.09453157,0.093896136,0.008516925,0.08519505,0.101780534,10.825812,10.82697,9.2073555,1.4511127,19.855612,-2.053073,-2.185854,13.794129,-16.595829,11.058052
74.5695888585289,0.8457682350457756,0.3471895,0.34526497,0.07949995,0.26311427,0.42592153,1.0161873,1.0929565,10.148544,-9.331447,10.831617,-9.953032,-10.201357,7.393099,-17.441906,-3.2563572
98.03586484832445,1.4459922020451168,0.21186472,0.19268516,0.076827124,0.12987553,0.23855953,1.4946582,1.8579204,12.017702,-9.541789,14.379506,-14.722204,-15.044533,15.733141,-31.188602,0.9375142
108.5946502956341,0.49176673738739946,0.40619472,0.4058931,0.03155985,0.3737893,0.43721458,38.36273,38.35949,6.3147545,32.146034,44.704525,-3.3591793,-3.4615939,7.3010826,-10.852236,3.7248168
110.19609843675002,2.4761750374699742,0.26478568,0.26020545,0.061294988,0.19414793,0.31634533,3.9104743,4.2185726,9.792732,-5.4687133,13.908729,-19.32779,-20.141434,11.356797,-31.94671,-9.886575
111.23496496800085,-1.2381963239292646,0.3159553,0.31216884,0.060166027,0.24850695,0.36835453,22.868168,22.951778,8.937787,13.955243,31.68855,1.5270128,1.1886756,10.958853,-10.212726,11.540024
111.5421294899417,0.7769384028762917,0.37674028,0.37673214,0.016943067,0.36017695,0.3942349,15.26085,15.29014,6.4525833,8.723623,21.584978,-19.15984,-19.192383,6.6865606,-25.624743,-12.260896
136.84514450512646,1.1674146306121307,0.43329516,0.4286042,0.100553274,0.32552573,0.52716297,3.913928,4.348789,8.904183,-3.7858713,13.687071,-14.762333,-14.79796,6.914666,-21.57215,-7.876619
182.67801276550367,-3.265397302996912,0.14319892,0.14229855,0.04022137,0.100628965,0.18147807,9.182619,9.177946,9.022721,0.020105716,18.062754,-2.3250296,-1.932792,10.456653,-12.27977,8.227805
188.79369548865986,1.0306622558850218,0.5530314,0.5511494,0.08683849,0.46348828,0.6375282,11.673299,11.668764,6.543716,5.032353,18.140436,-14.2252035,-14.003418,7.106452,-20.89298,-6.8303337
0.3152592880390072,-0.20083724333908243,0.34196484,0.34187448,0.041196965,0.29950872,0.38206944,15.511543,15.504884,5.52921,10.148351,21.185123,-3.1352885,-3.1571658,7.9973626,-10.951371,4.9014425
5.884193454612775,-0.3923617226509042,0.33659288,0.33663622,0.019879978,0.3176248,0.35742703,-1.548987,-1.5615125,6.5595355,-8.034168,5.084,-10.966281,-10.933716,6.5007243,-17.393213,-4.4273586
6.795315908924413,-0.2572553029452956,0.28634557,0.28625962,0.020585243,0.26645175,0.30778068,2.7577884,2.7399178,6.6695642,-3.7185595,9.647934,-1.8983505,-1.9156196,6.78314,-8.675394,4.8792844
7.4706955199311,0.05836478557150925,0.050967928,0.050919674,0.0020634858,0.048826024,0.052932024,4.821635,4.807252,8.97112,-4.140697,13.755846,-3.8514943,-3.863123,14.601127,-18.92563,10.258926
8.344133233567698,-1.001949271180782,0.6397187,0.639656,0.039895143,0.5995837,0.67927843,-1.2375584,-1.2407317,6.4649105,-7.6016045,5.338811,-7.280351,-7.2620163,6.9280148,-14.058288,-0.20625184
11.109056798808037,-0.1141616285891001,0.36160216,0.3615874,0.026707953,0.33430642,0.3876223,7.499582,7.5039215,6.64714,0.8674844,14.1105385,-5.657931,-5.653133,6.765538,-12.495815,1.0279169
11.497391078678321,-1.4853403015859088,0.79863304,0.79869473,0.033040486,0.76461905,0.8304101,-0.27513292,-0.25069773,5.5273166,-5.829004,5.2189674,8.781134,8.772608,5.9020243,2.929725,14.7337055
11.917706166890026,-0.6131241747829906,0.30578706,0.30367726,0.04200397,0.2600583,0.34453925,3.7694137,4.165236,8.758221,-3.7668197,13.345597,4.3130927,4.36658,9.45749,-4.9928265,13.7821455
12.68060538759639,-0.1822956124191795,0.4104313,0.4104016,0.028301548,0.38230547,0.43871465,27.46507,27.4467,9.043367,18.569208,36.692455,-5.9189825,-5.8883553,9.449419,-15.492347,3.3991344
12.813647319205213,-0.197000256792044,0.34089503,0.34036267,0.034881607,0.30533674,0.37554038,2.563979,2.6899922,7.6180863,-4.8816733,10.289415,7.896643,7.922059,8.715097,-0.74448293,16.651743
12.888828423096749,0.4891010634666449,0.4008428,0.40062046,0.0430477,0.3580874,0.44410455,11.296065,11.34256,7.7782,3.82726,19.355598,-3.2121134,-3.1588178,7.141056,-10.365053,3.916341
12.900918412281614,-0.2414988120833986,0.40766641,0.40768814,0.024697356,0.383211,0.43243286,13.811816,13.814863,6.5563645,7.1075845,20.24524,-4.7865868,-4.777197,6.4302,-10.998889,1.86947
12.908573475865381,-0.260515343411919,0.3903773,0.3904721,0.031680256,0.35928127,0.42262065,13.659883,13.655382,6.6751785,7.09673,20.426094,-5.0217996,-4.9885187,6.5658317,-11.549764,1.5475383
13.712772905190688,-0.08357249590896319,0.26418236,0.26415914,0.013643188,0.25020304,0.27763894,4.3317633,4.3708534,7.0409927,-2.6774237,11.415845,-4.510786,-4.500205,6.831204,-11.393028,2.2615936
13.873851346076345,0.28123456627745236,0.2541699,0.25403488,0.022597246,0.23130102,0.2765493,5.2744293,5.3768435,10.7409935,-5.2238393,16.214134,-5.018571,-5.0250845,13.149218,-18.109716,8.2061205
14.331809220605823,-0.6449915014717299,0.8779101,0.87799954,0.1006318,0.77518207,0.97681123,9.757513,9.759537,6.6387105,2.9290745,16.196253,2.0378535,2.1197743,7.726243,-5.6721807,9.684539
14.636659788569817,-0.5759736776586776,0.5454814,0.5454731,0.021786904,0.5239319,0.56752867,2.6909678,2.69976,6.7878227,-3.8422194,9.736523,-2.9188607,-2.875757,9.029435,-11.609778,6.4390774
15.034454144972516,-0.6771653895354851,0.4984786,0.49849564,0.02580438,0.47310045,0.52452266,0.8650656,0.8578025,5.702575,-4.9084873,6.4966063,3.3784478,3.359827,6.479285,-3.0763583,9.850443
16.585151904401133,-0.05056506486036847,0.27040225,0.2701572,0.022392966,0.24675146,0.29157558,15.775934,15.982958,7.9778996,8.821562,24.559998,-6.561187,-6.555039,7.104469,-13.501179,0.6473836
17.55098166476619,-0.12621787857867428,0.4903989,0.49035072,0.038156126,0.453285,0.5298288,14.321904,14.32634,9.052474,5.5699353,23.626774,2.4057329,2.432533,9.096439,-6.5975795,11.534112
17.638322059105924,0.15648197284194454,0.6682323,0.66818213,0.019032603,0.64954627,0.6875308,6.35846,6.377305,8.968959,-2.6256695,15.352158,1.4110332,1.4088728,8.993518,-7.4845443,10.491725
18.34134321996305,1.7681359375571692,0.49871308,0.49872923,0.01903662,0.48027286,0.5184602,5.1835947,5.1663933,5.934028,-0.7819462,11.058772,-1.6756806,-1.6813291,7.115153,-8.954066,5.262655
18.873712001325543,0.05329127411267487,0.31421098,0.31231123,0.038117133,0.27328205,0.34953576,-3.7648568,-3.3176208,8.617615,-11.125631,5.675792,-0.83930725,-0.7875429,6.6927896,-7.4619427,5.8919144
23.009732531257157,-0.4106074690445545,0.20208824,0.20180297,0.013393586,0.18787904,0.21475136,10.086265,10.383984,9.615481,1.1448301,20.187662,-13.732983,-13.704763,7.4901853,-21.53281,-6.5436716
23.206426993566257,-0.37766312675142266,0.22750878,0.22556876,0.026309252,0.19753996,0.24950406,10.221593,10.64377,12.139671,-1.2166619,22.88995,-2.819913,-2.823855,9.302088,-12.05414,6.467221
23.38904771260075,0.18538132690356354,0.20839642,0.20728499,0.018765962,0.18754244,0.22488545,6.7663474,7.315141,10.591997,-2.7544236,18.178259,-13.628135,-13.572982,6.7567554,-20.405535,-6.9372807
23.656704649214,-0.1273173102429206,0.27374402,0.2716163,0.034507416,0.23323298,0.30241123,19.794065,20.63334,10.5296335,10.886831,31.256372,5.628001,5.69145,6.083691,-0.25452256,11.880325
24.634014733998125,-0.3236682101479086,0.28809658,0.28640595,0.031526446,0.25346473,0.31647268,-8.9702,-8.607198,9.162747,-16.94924,1.1219611,-6.687754,-6.610568,6.931735,-13.584259,0.30102643
28.30461376453355,-0.3875637898243574,0.21630818,0.21554701,0.017965434,0.19670762,0.2325739,7.798229,8.223932,10.113515,-1.6187136,18.488958,-0.572688,-0.555769,6.920915,-7.443469,6.3650093
28.39696032379618,0.0803015348553419,0.2321079,0.23198459,0.013526893,0.21840885,0.24544337,-1.6025285,-1.3917533,8.279433,-9.647237,6.782082,0.28386372,0.31547803,6.7790313,-6.50025,7.037405
28.832263978205695,-0.2527226235153818,0.19804004,0.19578928,0.022883909,0.17158087,0.21557084,7.710288,8.256631,12.575673,-4.152614,21.025806,-7.687249,-7.6278057,7.112517,-14.6861925,-0.5199353
28.86189583762602,0.06568572107888841,0.17801271,0.17731145,0.018510858,0.15801586,0.19502947,25.8649,26.27681,12.364253,14.237928,38.912285,-9.901438,-9.903591,9.279304,-18.9881,-0.4386194
29.95535735860859,-0.01609362155956864,0.1889751,0.18825042,0.017303163,0.17067423,0.20519558,23.889027,24.456024,10.631814,14.690237,35.678574,-5.820453,-5.825595,6.75582,-12.566697,0.9752313
30.702612637379612,-0.06826033982916073,0.16438305,0.1637756,0.013361024,0.15016419,0.17644787,-2.1291237,-1.7780113,11.200964,-13.003231,9.454937,-11.872731,-11.85112,6.2750077,-18.333075,-5.7753577
30.74870960107436,-0.048962552178467726,0.24519405,0.23966187,0.04429427,0.19311614,0.27807766,21.867857,22.876492,13.3941145,10.824728,37.524086,-0.5106732,-0.4312259,7.5583878,-7.9416084,7.2519956
30.972373449134494,-0.14170442807291,0.28311446,0.282996,0.021720348,0.2616278,0.30521402,19.18077,19.370132,7.5945807,11.77502,26.863352,1.1870992,1.2297308,6.3762484,-5.175075,7.573401
31.242956031992385,-0.11083787919714606,0.07684735,0.07650207,0.0047769016,0.07148129,0.08066684,-8.326148,-8.318407,9.36122,-18.057074,0.6756366,-5.950315,-5.990832,14.604726,-20.735352,8.443849
31.280793161088436,0.06163046197692942,0.18232699,0.18182373,0.012904069,0.16782416,0.19345848,4.0578527,4.3907003,11.125354,-6.4253216,15.711238,10.791934,10.805639,6.8882318,4.0815287,17.76889
31.411680178447348,0.3069107392290935,0.24668695,0.24628331,0.030099642,0.21490978,0.27533096,25.412374,25.672739,11.731976,14.316077,37.587227,-3.8003147,-3.8227026,10.705784,-14.747941,6.65638
31.580940884016176,0.07833223058323738,0.18970022,0.18842217,0.01957303,0.16818655,0.20669371,2.3822641,2.7945788,12.580103,-9.720004,15.424407,1.6808589,1.6644092,7.649574,-6.0384054,9.232042
32.044751441002475,0.05901306308858758,0.1935502,0.193253,0.013147335,0.17985483,0.20618941,9.723864,10.021502,9.451211,0.8039226,19.58307,2.419347,2.4506123,6.8002205,-4.502539,9.124446
33.09233817699092,-0.07292822935478745,0.14749084,0.14723855,0.010940327,0.13620318,0.15785325,-7.766642,-7.467803,11.1854925,-18.201223,4.0975122,-1.817401,-1.8230748,6.7923265,-8.720521,4.9331346
33.641353299674236,-0.22774335942656015,0.111928426,0.11017307,0.0127440225,0.096678056,0.120287366,6.309127,6.162404,9.501041,-3.1083553,16.046274,-15.710301,-16.62248,12.598348,-29.89849,-4.774687
34.411347255476784,0.23484880798495683,0.33996457,0.33995694,0.010930663,0.32873163,0.35065514,6.705895,6.7203674,9.055338,-2.3540525,15.762303,1.562514,1.5943468,9.002326,-7.555984,10.409813
34.79129841043613,-1.386534296931711,0.38175434,0.3816946,0.019498667,0.36263174,0.40152782,-3.6285908,-3.6194832,7.772768,-11.454827,4.1008444,2.4555306,2.4831953,7.4697285,-5.3642673,9.53055
35.02473625223476,0.3496880117017388,0.4213825,0.4212401,0.03934377,0.38245505,0.46135497,9.668331,9.775902,8.434885,1.7291002,18.451868,2.8447838,2.8956232,8.050307,-4.87278,11.171927
35.19702269335042,-0.7432143222481172,0.4630058,0.46270794,0.04282882,0.4199264,0.50569725,-2.2704618,-2.2220926,7.362243,-9.404342,5.3297734,-5.870864,-5.8413725,7.3117747,-13.428399,1.1949855
35.20026749469471,-1.7365020254432326,0.4118642,0.4118625,0.013952844,0.39800152,0.42591345,2.9500482,2.9483585,6.5626163,-3.6189034,9.57372,-1.8449557,-1.8304999,6.5999026,-8.254679,4.9448867
35.79270976116863,-0.17467486124400444,0.11070838,0.11003673,0.009476735,0.1003006,0.11901578,2.1919925,2.236206,8.500932,-5.9085975,11.098413,-9.976235,-10.620199,10.778099,-21.930439,-0.7208838
37.42959860980132,1.5171744279328931,0.53065866,0.53065014,0.02090216,0.50912154,0.55094147,6.739886,6.750203,5.677932,1.121855,12.49534,3.5084743,3.5230193,5.6948776,-2.301485,9.086994
38.11898310051321,-0.2288543184845349,0.21923509,0.21794015,0.031842317,0.18476938,0.24879758,15.988586,16.657307,10.333505,7.160429,27.386671,-7.1407714,-7.1188393,7.062188,-14.183308,-0.06994762
40.2818472660697,-0.2194082499129248,0.29260558,0.2926075,0.01848309,0.27383456,0.3107888,4.8895693,4.9659595,7.411752,-2.435074,12.373906,11.3046875,11.30019,6.705164,4.6935306,18.08044
40.42504894497153,0.7001418836757184,0.084384665,0.083999015,0.005071143,0.07857117,0.088377066,0.032522418,0.02016743,6.902767,-6.5957775,7.169982,-2.8420396,-2.9620798,14.032508,-17.459232,10.499192
41.15598508592042,-0.20088804170370891,0.1268399,0.12587553,0.014136102,0.110450305,0.13867281,-3.5484931,-3.406024,8.856719,-12.194953,5.5451775,-10.23214,-11.083075,8.947227,-19.855364,-2.899684
41.226062958855465,-0.1972047771246814,0.12118192,0.11966717,0.014456479,0.104588926,0.13259272,-4.147152,-4.0673275,9.015989,-13.070177,4.9700766,-7.09959,-7.9754767,10.490195,-19.204445,1.0892074
42.034420659047015,0.19012662417462636,0.08535107,0.084963694,0.0052805673,0.07926386,0.0895715,-5.667219,-5.65147,6.965762,-12.538732,1.387906,-3.1114783,-3.2485158,13.493598,-17.086643,9.99519
43.03800702376548,-0.45294778054078455,0.12932634,0.12807083,0.013319038,0.11372029,0.13976842,17.02612,17.13071,8.427659,8.833719,25.66014,-3.0123622,-3.6622682,10.613626,-14.911177,6.0122867
43.16640518860843,0.011163502230476451,0.08917421,0.08899378,0.004950838,0.0840318,0.09384825,-1.4927715,-1.4669943,8.332317,-9.382992,7.35427,-6.467979,-6.731916,12.181149,-19.46965,4.964716
43.79539199884004,-0.1272371060397677,0.16342337,0.16339594,0.010267953,0.15301955,0.17362477,14.723,14.757545,9.314524,5.8441277,24.490639,-20.488256,-20.475239,9.1062355,-29.544666,-11.295806
43.890437146644295,-0.7844063956407018,0.13316864,0.13284324,0.012291465,0.120172046,0.14495791,-5.0549183,-4.9765005,8.207438,-12.947752,3.4288254,-13.5076475,-13.982414,7.5974846,-21.717093,-7.1365733
45.07115896295704,0.13234463759873824,0.12928072,0.12921804,0.006550281,0.1225587,0.13567601,7.476057,7.4827423,8.878844,-1.4538981,16.28214,1.2921517,1.1606495,7.7776585,-6.741865,8.67914
45.45486514647116,0.05996026424078869,0.1276405,0.12678742,0.013243037,0.11261229,0.13896716,-3.2032194,-3.1398551,11.734985,-14.4326315,9.034591,-2.8354826,-3.3412352,10.266602,-13.739351,6.3865786
45.49274981854154,0.12557457025306218,0.14995007,0.14910015,0.019733531,0.1287735,0.16847076,-4.745718,-4.50426,8.8589945,-13.107105,4.6270423,-8.122018,-8.54261,7.0317335,-15.567911,-2.2548542
45.804085794663436,-0.3558613706076123,0.14922279,0.14828815,0.017672086,0.12984069,0.16523214,1.0752447,1.2841667,9.511246,-8.010193,11.022816,-1.3763192,-1.6590993,7.731209,-9.501084,5.611738
46.256067740991504,-1.4765490403291515,0.1163519,0.11536284,0.011646327,0.10296354,0.1258586,6.2185907,6.2597647,9.447355,-2.5013223,16.411491,-9.498402,-9.939009,12.230688,-22.300266,1.949154
48.60614182320978,0.023040405947408762,0.095529154,0.09544145,0.004112097,0.09141192,0.09962817,-3.0224607,-2.999028,7.183245,-10.422118,3.941701,6.866039,6.695515,9.720929,-3.4483004,15.976874
48.990016161571475,-0.29892431112746737,0.1799351,0.17979771,0.016001558,0.16360317,0.19580406,1.3852413,1.4861109,11.393973,-10.051363,12.698854,2.3389077,2.3404398,9.052772,-6.5492063,11.587572
49.042950897434245,-1.0787598378571701,0.1548535,0.15342201,0.020203335,0.13137121,0.1719467,18.793505,18.910278,9.611494,9.494233,28.60631,-11.898957,-12.693242,9.613839,-22.260015,-3.9021738
49.190121363031665,-0.3367997694748615,0.19640908,0.19642621,0.00793297,0.18829025,0.20416982,6.9736333,7.008324,9.005169,-1.8425553,16.075495,4.173408,4.1898184,6.4763618,-2.281426,10.659859
49.26516263412598,0.31116841234938347,0.10515273,0.10423875,0.009148436,0.094300844,0.11168434,12.1521015,12.195662,7.8262196,4.290466,19.895664,-11.712378,-12.035107,13.722334,-26.175365,1.4001527
49.349203730217596,0.41254508958508773,0.23360656,0.23319991,0.02840785,0.20377558,0.26080865,8.301623,8.614243,8.519968,0.5080703,17.413025,6.860488,6.891969,6.5592055,0.286621,13.366173
49.48845380190986,-0.3880043314490998,0.18548408,0.18546677,0.009833136,0.17566966,0.19530426,-6.515695,-6.479903,7.044055,-13.01599,1.0331215,-2.4950826,-2.5046964,6.038264,-8.468162,3.5728612
49.599361013324554,-0.24953430172254354,0.21811901,0.2180835,0.008943047,0.20939709,0.22727522,12.942578,12.977587,6.8315687,6.230811,19.887161,1.5852093,1.5711757,6.5056443,-4.9884925,8.025623
52.10051753542083,1.0427643128815773,0.16485685,0.16483454,0.012931985,0.15236522,0.17836307,4.9334517,4.943425,14.161284,-8.679612,19.635715,-4.828625,-4.852468,14.085014,-18.581884,9.576832
54.10986843471903,-0.08126041992041073,0.22554016,0.22550015,0.030781401,0.19358768,0.25555855,7.670431,7.7568445,10.256667,-1.8627478,18.579678,-7.55082,-7.610334,6.6801476,-14.378243,-1.1071889
55.370723747861334,0.18554369847933413,0.2584634,0.25817078,0.049113523,0.20835312,0.30785483,12.277147,12.415792,11.844834,0.6403226,24.058218,-7.875771,-7.935728,7.890176,-15.761794,-0.13324279
56.09606157555446,2.093703472898855,0.24858813,0.24889904,0.042482957,0.2068657,0.29264462,15.883325,15.868561,5.1032414,10.984966,21.181831,-15.85563,-15.984917,6.944006,-23.104034,-9.539368
58.77478284080131,0.6441243423890506,0.2929645,0.29273126,0.039512083,0.25293666,0.33213928,12.66508,12.736855,7.1387463,5.660133,19.83757,-5.083099,-5.1054726,5.690772,-10.83169,0.5003085
59.47786832029194,-0.18574369789614978,0.53441334,0.53443366,0.023964258,0.5107207,0.5586178,10.982423,10.981509,9.0224905,2.1785448,20.193796,-3.412097,-3.4228325,6.072831,-9.555423,2.5461886
59.78279539322432,0.06462548893528905,0.46289188,0.46294266,0.019909145,0.4429815,0.4826303,0.3278405,0.33414882,6.6061273,-6.2746043,6.8878856,-4.722615,-4.739363,6.521458,-11.352412,1.7166153
59.83284558256524,0.6720377042899001,0.2410109,0.24100123,0.013964838,0.2271297,0.25501275,13.969819,13.98497,6.5292053,7.584351,20.603954,-2.4125304,-2.416638,5.6507635,-7.9096527,3.4028676
60.575485462035,-0.1866045916230899,0.12950934,0.1289297,0.010512911,0.11799384,0.13881192,14.512608,14.507832,6.823146,7.5222645,21.210678,4.300996,3.8900461,10.723376,-6.984391,14.4301605
69.54015475880628,-0.9755753368750333,0.40510288,0.4050903,0.013066552,0.39223167,0.4185109,6.0213714,6.0128217,6.3118157,-0.069426455,12.560887,-6.575232,-6.5653625,6.477527,-12.868396,0.08953571
70.18112987671326,1.7402339351279177,0.15267764,0.15215713,0.0139099825,0.13816881,0.16598892,9.653473,9.63683,6.839044,2.9846933,16.62785,-9.912953,-10.356815,9.606013,-20.396662,-1.4448324
71.31267658176284,0.8288975030782504,0.21721752,0.21653837,0.025437705,0.19063255,0.2419769,5.451395,5.459424,10.259086,-4.963812,15.487076,1.284084,1.053767,7.9449987,-6.932823,8.780357
71.52200000846027,-0.3852512949367999,0.27661705,0.2765578,0.025620699,0.250151,0.3014901,-3.0957286,-3.0691056,6.6038265,-9.569079,3.5985117,-3.6729429,-3.6956468,5.777329,-9.218621,2.3641548
74.03418534001557,-1.7140695758068842,0.6283488,0.6283102,0.017075384,0.6111289,0.6452065,7.0465393,7.0535245,9.322294,-1.9178624,16.643187,-7.2930074,-7.2806797,6.611698,-14.12196,-0.91497976
75.29661759400169,1.3238331091670008,0.11200372,0.11178434,0.007691131,0.10397334,0.11928099,8.002671,8.020332,6.9908667,1.1787755,15.126163,-3.32794,-3.6265981,10.6581135,-14.713497,6.459674
75.76094109745675,0.3398843021248017,0.28187,0.2818302,0.022115424,0.2597084,0.30387303,1.6126652,1.5945312,9.027721,-7.4994597,10.547501,-12.234597,-12.236235,8.676527,-20.92675,-3.5876365
75.78202617063077,0.34272075498874843,0.25916,0.25893414,0.029064959,0.22983988,0.2882095,-1.2426995,-1.2184052,8.906683,-10.252838,7.5070605,-4.02419,-4.1181474,7.230926,-11.116751,3.262954
76.38087891296179,-0.6177468789150884,0.7678243,0.7677835,0.052906334,0.71491426,0.82048917,3.4761438,3.442112,11.821193,-8.758142,14.7340765,-10.792879,-10.82321,6.6327567,-17.618917,-4.3692336
78.88664662758207,0.7089349067223036,0.30189243,0.30193788,0.023881922,0.27810076,0.32593343,-5.4540706,-5.44968,9.179542,-15.019802,3.248376,-9.069108,-9.100395,7.7368965,-16.923735,-1.4537263
79.73570334687959,0.9904481658389029,0.7276358,0.72774005,0.062007587,0.6655417,0.78893524,2.5864804,2.588523,7.114636,-4.6863713,9.450389,-9.676262,-9.689352,6.5238633,-16.19751,-3.154389
79.8768617101513,1.1769480518565139,0.61857957,0.6185596,0.02702157,0.591991,0.6458367,7.051236,7.0605545,8.982155,-1.8441414,15.939401,-9.64372,-9.664796,9.071492,-18.622063,-0.52665925
80.798358751203,-1.920998401854138,0.61959124,0.61931086,0.046535626,0.57286525,0.6655349,-1.95782,-1.9282311,6.1309586,-8.031791,4.226433,-9.293093,-9.277269,5.650192,-14.94666,-3.6239355
80.86148060638196,0.38329864890127646,0.68289655,0.68295467,0.03785447,0.64546,0.72104883,6.365679,6.3808722,6.5531836,-0.24019772,12.856848,-8.7967615,-8.780308,6.576935,-15.339971,-2.2189999
81.75231069833808,0.5907472014271133,0.6622386,0.6621288,0.03478076,0.62773067,0.697144,-0.09304801,-0.07117828,5.5928993,-5.49744,5.695875,-8.617486,-8.609339,5.620878,-14.363463,-3.1149547
81.87126092276698,0.7806425959270948,0.76812446,0.7683139,0.04187685,0.7266409,0.81059706,-0.5880591,-0.58670515,5.554108,-6.0377264,5.10435,0.035268895,0.039541505,5.6515956,-5.4807186,5.8473825
90.21041884652509,2.3243263294043786,1.4814955,1.481664,0.037996083,1.4429435,1.5189471,-3.029503,-3.0175643,6.530453,-9.8350725,3.2259574,-6.222801,-6.2090073,6.5810547,-12.749232,0.3617267
90.92149156847277,1.4866391508876282,0.15052567,0.14852336,0.021795932,0.1248838,0.16727054,6.022689,6.049356,7.3621407,-1.2030263,13.516603,-12.510338,-13.0197,12.76372,-26.094221,-0.6661245
92.67110261250686,3.0711369069780137,0.61323994,0.6132461,0.019975856,0.59231067,0.63233143,-8.622216,-8.610283,9.399819,-17.740757,1.0839455,-5.3808217,-5.3594627,9.043005,-14.6352,3.4816296
94.60251907932413,-1.7961221860465217,0.21932773,0.21926856,0.012772036,0.20672826,0.23226249,3.5174565,3.5525393,6.1879773,-2.829474,9.473098,-6.7744045,-6.846428,6.570485,-13.49011,-0.36824962
95.29640928036791,-0.9369260916592836,0.20600076,0.20592152,0.014487123,0.19127232,0.22026238,-4.7559133,-4.739078,7.520492,-11.863533,3.1817122,-3.2579515,-3.357347,7.67847,-11.409488,3.9232972
97.53059757689884,3.1837137655061762,0.13828777,0.13788058,0.013237896,0.12428867,0.15076776,7.35739,7.371484,8.093264,-0.9322061,15.214718,1.6779244,1.3799428,10.68361,-9.455456,11.776079
100.37795140467924,-3.5784380506319797,0.28817025,0.28811517,0.015885742,0.27333647,0.30508435,9.821737,9.844291,8.962692,0.75621325,18.687216,-2.5057795,-2.5299616,9.229097,-11.790463,6.6412106
105.4153407995665,9.87819014043937,1.1329043,1.133119,0.062771074,1.071334,1.1972426,7.0107713,7.00739,6.4629297,0.36804542,13.294768,-1.8436625,-1.8390379,6.5681,-8.618428,4.536791
107.29814849705511,5.639738909923124,1.2756068,1.2751062,0.10706288,1.1666704,1.3808688,4.046604,4.078377,6.5911965,-2.6327531,10.538036,-6.814308,-6.7979054,6.6090884,-13.17634,0.04347717
108.18440412713686,5.5187141741030175,1.091884,1.0918336,0.01803582,1.0734038,1.1092999,-1.0644022,-1.06833,6.277587,-7.2565937,5.259741,-6.3979654,-6.386946,5.8288107,-12.227308,-0.6199081
108.20757925425059,0.5885686601049679,0.22512512,0.22418788,0.03326425,0.19094862,0.2577353,-5.776961,-5.675028,9.487928,-15.147236,3.8327227,-8.425463,-8.65694,10.146819,-18.673306,1.473911
108.4254619510017,0.8938797786704659,0.3785573,0.37832862,0.050014574,0.32815912,0.42802298,10.122361,10.197519,7.491638,3.1000519,17.982273,-18.546978,-18.726683,7.738779,-26.597347,-11.211077
108.47140082934065,-2.81828263849846,0.3086094,0.30860394,0.010006837,0.29833037,0.31836522,16.726843,16.753351,7.2786016,9.289099,23.763824,-10.158702,-10.190857,7.1280274,-17.617289,-3.3551
109.87114054361915,2.1142331144652298,1.2274067,1.2273397,0.02406057,1.2036728,1.2519797,2.9414878,2.9263587,6.4080143,-3.1795685,9.60998,-1.6403105,-1.6269021,6.5594664,-8.065947,5.0904684
111.2556473204034,-0.7697600325004578,0.2801904,0.28015882,0.014720427,0.26539126,0.29486057,1.2284029,1.2503326,6.1266937,-4.8177686,7.433738,-0.4486425,-0.46312815,6.255143,-6.755821,5.6947064
115.05817049311926,-0.04780508349368345,0.358621,0.35807174,0.037687093,0.3193935,0.39467612,11.311369,11.36799,8.339544,3.221805,19.820269,4.0388246,3.9298544,8.365673,-4.124919,12.504154
121.29772769898064,0.6586746380665055,1.074997,1.075052,0.038859498,1.0350834,1.1124791,8.450085,8.46002,6.5531783,1.7899926,14.868401,-8.928479,-8.928938,6.633172,-15.330681,-2.1204205
122.01613080261146,-7.080364464508809,0.45737684,0.45740056,0.019937562,0.43686706,0.47676098,25.052813,25.06835,6.4781013,18.577948,31.536243,-4.5951457,-4.6087227,6.728777,-11.387983,2.0610268
123.06687111330832,-6.307458387127732,0.36223218,0.36218476,0.028841209,0.3324912,0.3903198,4.4101377,4.4792767,7.4241595,-2.9607887,11.841629,6.685078,6.6181297,7.631409,-1.1000133,14.134375
123.06571286094899,-6.309503596002619,0.4245609,0.4245729,0.02133953,0.4023267,0.4449734,6.7584405,6.744317,5.667906,1.1285858,12.429166,4.151842,4.1457725,5.869186,-1.5891942,10.168549
133.94727176505737,1.0643603638741193,0.5113097,0.511297,0.010063933,0.50144035,0.5215418,18.23223,18.228958,5.5024137,12.478338,23.47304,-9.785329,-9.776431,5.652089,-15.494191,-4.2015867
134.62067979354035,-2.1949947866937314,0.41299295,0.41298962,0.01694381,0.396008,0.4299548,3.1573663,3.162338,6.662324,-3.5946589,9.737746,-10.426165,-10.43281,6.8269453,-17.279272,-3.6346784
135.27736804841592,2.7977111744013468,0.16679852,0.16680604,0.010803176,0.156325,0.17795306,11.61551,11.609018,6.5026917,5.2104287,18.199419,4.7781124,4.7356358,8.200394,-3.3383062,13.125751
160.14595613846592,3.156587279744636,0.24408185,0.2440846,0.005998621,0.2379184,0.24989979,-8.723998,-8.73517,6.486706,-15.1538,-2.1631289,-12.776809,-12.750994,7.0628743,-19.49913,-5.4031506
168.06255332305665,0.821792774472923,0.18371986,0.18373273,0.02164728,0.16212043,0.20543458,4.5978966,4.6149993,6.5785065,-1.9157232,11.200001,-5.8146157,-5.747654,8.453923,-14.109357,2.7527037
170.65992509395934,-0.24715863540958827,0.5337095,0.5333134,0.07165323,0.46177194,0.6048681,9.319795,9.330187,6.5602036,2.7045445,15.760589,-11.285811,-11.164255,7.837687,-18.847433,-3.3396049
173.48170012167827,2.4461502394068226,0.5934216,0.5934299,0.0140261,0.57870114,0.6067417,7.5835776,7.5734396,6.4277287,1.3207822,14.210742,-4.440703,-4.4114447,6.64787,-10.740449,2.569257
174.20078576569145,-0.0705774365495289,0.46533415,0.4653621,0.020031372,0.44519708,0.48525947,0.5059582,0.5252415,9.046672,-8.8469,9.179996,7.352725,7.3654003,7.370011,0.1755959,14.777279
176.51553308044686,0.20080473039159558,1.0376806,1.0377383,0.020981068,1.0163252,1.0581275,12.917451,12.919658,6.497453,6.2951536,19.31749,-12.743121,-12.736499,6.3702374,-19.166403,-6.4284453
183.72001748339744,-3.664334779789013,0.6286448,0.6286962,0.011988492,0.61660725,0.6405603,0.08360158,0.08208101,6.4621253,-6.44962,6.3979077,0.44141054,0.47162062,8.918128,-8.644934,9.153325
188.94613651904677,0.8859910867416382,0.47592622,0.4759369,0.0059710504,0.470092,0.48206764,0.44705465,0.44449317,6.4029417,-6.1482224,6.6903753,-3.520716,-3.5118852,6.534811,-9.974277,3.1244223
192.16092268505201,-3.8166167234548865,0.6557909,0.6557449,0.039956644,0.6153683,0.6949369,3.019185,3.0346727,6.510816,-3.4003065,9.621062,-3.8585794,-3.8387368,7.134408,-10.756601,3.3861184
192.60026439965375,-0.0480346259467824,0.5955493,0.59551895,0.038903926,0.55755055,0.6354996,0.6840164,0.68427765,6.4762673,-5.5476327,7.3586655,5.5328064,5.532686,6.485545,-0.9892277,11.976635
196.45392144831814,-1.6772835839025606,0.24112226,0.24111114,0.010957499,0.23016395,0.25202087,4.1039605,4.100065,6.5009317,-2.4400227,10.5867605,-4.6562085,-4.64818,6.737328,-11.109497,2.3770192
209.00710381792572,-19.385407367876443,2.420795,2.420844,0.019010246,2.4010031,2.4391017,0.60936034,0.6147121,6.7577477,-6.4832444,7.020474,-3.2418516,-3.2399068,7.3539767,-10.693079,3.99665
211.59287992686757,1.0558432850287698,0.23842242,0.23842701,0.009959646,0.22860005,0.24840786,-2.8526535,-2.8569732,7.1337233,-10.352898,3.8912628,-4.5647254,-4.5720587,9.831501,-14.686189,4.902352
213.7048951069795,-12.596933374924088,1.1469406,1.1469322,0.029963503,1.1170154,1.1769537,-4.6695194,-4.6585,5.824164,-10.656338,1.0165855,4.238941,4.232979,6.3416643,-2.1341124,10.536224
217.79735918637314,1.0521676307724253,0.16339041,0.16330816,0.015407584,0.14840959,0.17923659,11.745369,11.72031,6.9822326,4.3674183,18.327984,-8.453375,-8.485657,6.773126,-15.17157,-1.5752854
229.5710310736511,0.1511496337363216,0.21815786,0.21816042,0.011907486,0.20585637,0.22965181,9.536254,9.544394,9.594986,-0.112922,18.97396,-5.607205,-5.6059484,10.465579,-15.9755125,5.0017242
232.62047648552957,0.9956623329523018,0.5921003,0.5921024,0.034943543,0.55609363,0.6260235,2.1199532,2.0906782,5.861543,-3.6345475,8.097458,-2.3235874,-2.3537211,6.107081,-8.21945,3.964616
236.8158559066961,1.9834377864193748,0.3248989,0.32487014,0.025142627,0.2999011,0.35018086,-5.38875,-5.3764033,6.831717,-12.195806,1.4684775,0.14733894,0.09765805,7.3331385,-7.141991,7.5023475
239.3525543239775,-5.065400957531599,0.8489325,0.8489895,0.056759454,0.79227734,0.90581036,-0.081142366,-0.09873275,5.5631914,-5.661051,5.410278,-7.969736,-7.948359,5.7708354,-13.622714,-2.0762289
240.31556192003987,0.07129338852107177,0.18664075,0.18656409,0.01337518,0.17252912,0.19934335,-5.347902,-5.3743625,7.387416,-12.42133,2.3433864,0.81802845,0.68934715,8.476122,-8.14172,8.771748
305.20013220042534,0.11794341636129109,0.23161088,0.23001759,0.04678155,0.17960133,0.2756816,-1.9594607,-2.1493192,7.8561544,-10.12708,5.360089,-2.5647364,-2.6989584,7.0107555,-9.762745,3.9923766
339.8839744426684,-1.2588444151556561,0.43544137,0.43303457,0.07571916,0.35344353,0.5068332,-1.9619917,-2.4380875,7.8132257,-10.593126,4.444109,0.18996528,0.38628042,7.339914,-6.8951983,7.682784
348.7036894831859,-1.043576662219392,0.30099675,0.3008129,0.02503716,0.27469075,0.32494023,13.256912,13.214122,7.1157165,6.2815337,20.466919,-16.602911,-16.590183,7.7459397,-24.40509,-8.972363
351.4449426111547,0.6596624023223397,0.74273455,0.74271095,0.068743624,0.6715313,0.8093213,0.6278616,0.6241736,5.5958033,-4.8554463,6.3008785,1.789292,1.7925247,6.5474224,-4.556493,8.439906
359.6146910246702,-0.24315899246129866,0.3774365,0.37738726,0.020796273,0.35677725,0.3982997,18.5542,18.537224,6.4659457,12.137445,25.055067,2.6282153,2.617961,7.0016217,-4.4514666,9.504764
