gname,alias,glong,glat,plx,e_plx,x,y,z,mux,e_mux,weight_mux,mux_pred,lnlike_mux,muy,e_muy,weight_muy,muy_pred,lnlike_muy,vlsr,e_vlsr,weight_vlsr,vlsr_pred,lnlike_vlsr,Upec,Vpec,Wpec,is_tooclose,is_outlier
G359.13+00.03,,359.13734970150324,0.03164965568619413,0.165,0.031,-0.08557966007720934,2.497769315305291,0.004829959383307295,-3.98,0.36,0.40500771209915665,-0.9764822919855591,-27.498171217546048,-6.5,0.79,0.8114993819220033,-2.1532831855296792,-14.345520546894937,-1.0,10.0,11.180339887498949,-1.3038975878146981,-0.00036941497551836854,-2.2783497246557154,-146.87827562033095,7.366435703234838,1,0
G359.93-00.14,,359.9358046522043,-0.14465979579567287,0.18100000000000002,0.028999999999999998,-0.005899040647482067,2.9143313394909414,-0.011310344997299545,-1.33,0.44,0.48342680900564505,-0.7792218286232615,-0.649025830943513,-1.8,0.78,0.8052958957211818,-1.9017155023979115,-0.007976884982126781,-10.0,10.0,11.180339887498949,3.940533620409198,-0.7773539104870366,-9.488378355658773,-9.815442121432485,13.110167705305855,1,0
G000.37+00.03,,0.3758705159499473,0.03998288982206162,0.125,0.047,0.04267025301709714,1.676900904421418,0.005690772543084576,-0.77,0.28,0.32356443952694525,-1.4055450891413395,-1.929039709234158,-2.67,0.4,0.43161782461616,-2.8135812873484727,-0.055330799687913525,37.0,10.0,11.180339887498949,7.606263967389616,-3.455966871819112,33.358785472021744,10.059281327927069,-14.438141506111071,1,0
G000.67-00.03,SgrB2,0.6723936512495867,-0.031085589754245226,0.129,0.012,0.08944918607666365,0.5596627176714156,-0.0037382643248282947,-0.78,0.4,0.4232592864377201,-2.2594241212741175,-6.108610076399486,-4.26,0.4,0.4232592864377201,-4.1610136902895425,-0.02734684826027625,62.0,5.0,7.0710678118654755,14.794308653199076,-22.283772955294353,46.72763768275771,27.413924165357326,-47.63111127340231,1,0
G001.00-00.23,,1.0080088997502157,-0.2369146459410753,0.09,0.057,0.12811467209734423,0.9003181707804301,-0.029475417113803117,-3.87,0.28,0.3152428578398226,-1.9469613543831032,-18.606107093234026,-6.23,0.56,0.5784272291472962,-3.690181464050537,-9.640019741213484,2.0,5.0,7.0710678118654755,16.868084313065513,-2.2105993114042475,7.1138514965914705,-115.1607550278105,11.784249515296885,1,0
G001.14-00.12,,1.1468590971627388,-0.12451539666452208,0.19399999999999998,0.161,0.05810179639851618,5.279108437873875,-0.0026958985160111344,0.82,0.33,0.49083883968083397,-0.14709506153465557,-1.9410221613332599,-3.59,0.69,0.7798222659934938,-1.3846457285573197,-3.9988532991855563,-16.0,3.0,5.830951894845301,6.788587468846586,-7.637054688606937,-17.835023145995095,-24.793569647314342,-26.982559452734247,1,0
G002.70+00.04,,2.703329806207946,0.04008424737831133,0.10099999999999999,0.105,0.22746845337115257,3.3638418312105975,0.005708409813380146,-3.13,0.87,0.8970663692441881,-0.6111189343305727,-3.9421775211918555,-9.36,1.24,1.259137828368662,-1.72153517348373,-18.400754338675107,93.0,5.0,7.0710678118654755,17.086689994932296,-57.62830635925511,100.3946424416513,-174.58501645801806,-39.6255583617516,1,0
G009.21-00.20,,9.214501562373684,-0.20178401986576253,0.303,0.096,0.4511596433785319,5.4002962072874805,-0.006160352017356747,-0.41,0.45,0.5853610271918405,-0.19636462134343657,-0.06659915909313474,-1.69,0.5,0.6246179089292001,-1.5855646408357627,-0.013977717843704997,43.0,5.0,7.0710678118654755,22.790913283932944,-4.084071858975179,24.676949064912282,-2.5979516119529933,1.72660138339121,0,0
G009.62+00.19,,9.621176471063592,0.195793505394722,0.19399999999999998,0.023,0.8385579086043133,3.2346016574421412,0.019495470249623108,-0.58,0.13,0.24716888164687587,-0.8338226085856244,-0.527282096595252,-2.49,0.29,0.3581793629657735,-2.193894921100062,-0.3417122894312901,2.0,3.0,5.830951894845301,49.830304461943705,-33.64320624885635,-37.874800352209576,-27.364460183167296,-8.839739982968943,1,0
G010.32-00.15,,10.322582065798148,-0.15976309095023986,0.34299999999999997,0.035,0.5119707316053668,5.37048051174542,-0.004214730881936438,-1.03,0.36,0.5156358595970983,-0.2268071019382758,-1.2131751302461469,-2.42,0.5,0.62151455308982,-1.6330866050618906,-0.8015327567667968,10.0,5.0,7.0710678118654755,25.223345993960248,-2.317502632518255,-6.23981554289042,-23.132197130584984,4.401025997140398,0,0
G010.47+00.02,,10.472275231547773,0.02718692730081781,0.11699999999999999,0.008,1.5392403217479993,-0.1461267512055136,0.004180304347984198,-3.86,0.19,0.22718362990206972,-3.273876379517241,-3.3280847936000906,-6.4,0.14,0.18738303470560133,-6.313071060730742,-0.10760643131186076,69.0,5.0,7.0710678118654755,95.35257995768286,-6.944584704260684,25.611294865912672,-26.17773805070475,18.88676020505776,1,0
G010.62-00.33,,10.628762401846712,-0.33293427419314275,0.36200000000000004,0.076,0.4711099709743582,5.671002660823827,-0.010891833898081106,-0.36,0.39,0.5679964164336755,-0.17733308696178662,-0.05171286413382306,-1.86,0.38,0.5611772706386969,-1.6913661562412905,-0.04515016458910361,-6.0,5.0,7.0710678118654755,22.80485546419686,-8.297196983132714,-22.580314657551288,-15.350984017146828,1.136327872510841,0,1
G010.62-00.38,,10.623443843526003,-0.3831828909830312,0.20199999999999999,0.019,0.897025471714495,3.399024741630803,-0.030069586189621158,-0.37,0.5,0.544965003801683,-0.8160337138640209,-0.33494087416164264,-0.6,0.25,0.330887980090798,-2.1797576297135803,-11.396957928132805,-3.0,5.0,7.0710678118654755,51.39598747799431,-29.589234537061134,-60.461195331456786,5.10923509811758,8.984937726058806,1,0
G012.02-00.03,,12.0253782206583,-0.031360968405016364,0.106,0.008,1.9436236892447505,-0.9427849437594286,-0.005419139479404139,-4.11,0.11,0.15774402790423042,-3.6408736976658638,-4.422254354717586,-7.76,0.28,0.30196552508432256,-7.011849028614684,-3.06926061461176,108.0,5.0,7.0710678118654755,84.70731360302833,-5.425492395876692,20.929542712143988,37.538400473848206,2.2486527140982915,1,0
G015.66-00.49,,15.665337907741975,-0.4989202772567488,0.22,0.028999999999999998,1.1873926207026642,3.9472972753247917,-0.03539727245784787,-1.16,0.24,0.33930251772010467,-0.8527107536839512,-0.4101007507682683,-5.3,0.3,0.3840913934615067,-2.3757939890249213,-28.98122801155972,-4.0,5.0,7.0710678118654755,58.89759614862283,-39.56107601275253,-18.4090880222038,-86.67845665443251,-22.486905771973714,1,0
G016.86-02.15,,16.863852816256305,-2.158718684011113,0.426,0.092,0.6266817606963714,6.1141229708598495,-0.07714840534313497,0.32,0.49,0.6914951299716985,-0.275326674869124,-0.3705974593105178,-2.48,0.56,0.7427418897400202,-2.1289140450633868,-0.1117174668821932,17.0,3.0,5.830951894845301,26.57444036658663,-1.3480868872547571,-4.504208805171992,-9.10469394774742,-6.701489283270496,0,0
G017.02-02.40,,17.021111438425848,-2.4026814379453247,0.531,0.10800000000000001,0.5114988309510977,6.510618006915861,-0.06878679062540047,0.1,0.61,0.8578066707020232,-0.17576497328197094,-0.051673677624417755,-2.81,0.76,0.97022280137136,-2.363454831950622,-0.105915089938905,22.0,3.0,5.830951894845301,21.64124143380793,-0.001892760423767489,5.431554228849981,-6.9748557045802215,-3.74963479544388,0,0
G019.00-00.02,,19.00861898230549,-0.02927879524970525,0.247,0.063,1.181036864599521,4.7530601948906686,0.0015915440508634114,-1.77,0.29,0.4107460351157166,-0.7257437638947459,-3.2317473354911614,-4.0,0.42,0.5108936340993901,-2.3749706027660524,-5.058613114426014,56.0,5.0,7.0710678118654755,51.91608271622786,-0.16678380380692795,25.865639312608128,-30.47233761904363,2.8205357851747115,0,1
G019.36-00.03,,19.36479458120437,-0.030218659385238107,0.35200000000000004,0.069,0.8789644113738138,5.680505794060262,0.0026279779736188944,-1.12,0.38,0.5501997831576102,-0.4570671667516265,-0.7258856860132237,-2.5,0.46,0.6082103266031261,-2.2404160868453427,-0.0910789415923259,27.0,3.0,5.830951894845301,36.308815906285744,-1.274324317310566,-0.5728591356196344,-15.321598890360859,5.857070930377812,0,0
G019.49+00.11,,19.495878629696847,0.11540813737933625,0.326,0.1,0.8810436508505848,5.692796963922468,0.009352278156490958,-3.6,0.42,0.5796806758398507,-0.4563580263428507,-14.704779476299715,-8.2,1.03,1.1047758532580925,-2.252928627831082,-14.488651244221984,121.0,5.0,7.0710678118654755,36.29431729849527,-71.75052681927997,118.91977598506763,-38.938479203334964,0.17661107562778788,0,1
G022.35+00.06,,22.356498100596557,0.06636008021647362,0.231,0.10800000000000001,1.23902536409051,5.16876744281772,0.007510817536937622,-1.7,0.28,0.42807029582480494,-0.7588003995219502,-2.41714824666932,-3.9,0.31,0.44826797584428896,-2.5871770927693998,-4.28851435624187,80.0,5.0,7.0710678118654755,50.00583762254932,-8.996497767248776,43.20969122810694,-7.412504470136043,3.5211285274174173,0,1
G023.25-00.24,,23.25666790847797,-0.2405330629180043,0.16899999999999998,0.051,2.018694939859326,3.4842535584633945,-0.01874205399619102,-1.72,0.23,0.30896824010925794,-1.5469373311660044,-0.15687333147636065,-4.09,0.28,0.34779501634757803,-3.6700804574151156,-0.7288790516089673,63.0,3.0,5.830951894845301,86.4259015019308,-8.070189134972992,-0.7430718711112444,-30.249359284128786,-0.8589372127253547,1,0
G023.43-00.18,,23.4398747758758,-0.18234046517464125,0.17,0.032,2.194114085980716,3.120748996271404,-0.015051015310037419,-1.93,0.15,0.24303464915880557,-1.749249348667558,-0.27656254083985937,-4.11,0.13,0.2312268165497759,-4.013209273642201,-0.0876114972444177,97.0,3.0,5.830951894845301,93.87172602008248,-0.14391320725630913,9.865593211175373,-4.527811241756865,3.01494164467511,1,0
G023.70-00.19,,23.70648140903539,-0.198089487895776,0.161,0.024,2.3951087177562544,2.7268516514488423,-0.018327918969438303,-3.17,0.18,0.2524830832543145,-1.9860097885379329,-10.995162646319708,-6.38,0.21,0.2746774605416416,-4.42078448800662,-25.43831720204753,73.0,5.0,7.0710678118654755,101.104590761525,-7.898680218727964,51.0533594416155,-57.60835993499471,4.300575191808454,1,0
G024.78+00.08,,24.789784460044235,0.08328615497898524,0.15,0.016,2.734395742549597,2.2608064660494596,0.011487516002190291,-2.62,0.16,0.22750356491759946,-2.307441980941264,-0.9437454768536293,-5.08,0.2,0.2572117261133644,-5.025313488201823,-0.022602106748401796,111.0,3.0,5.830951894845301,107.80131177460966,-0.15046479945957078,11.028351855669019,-3.314226453252388,7.8029560222521,1,0
G024.85+00.08,,24.85019363114266,0.08744403115578879,0.17600000000000002,0.016,2.3495497421760234,3.1081392348804715,0.011053313974373761,-2.42,0.19,0.26775109025846666,-1.8464577743787736,-2.2942371242913437,-5.23,0.26,0.3212330094099882,-4.231567773006038,-4.830219343077686,111.0,5.0,7.0710678118654755,95.86538889432126,-2.2905645332013433,38.47757144318352,-5.889418981158941,1.3338513646795436,1,0
G025.70+00.04,,25.709476412638782,0.04382484083429205,0.098,0.028999999999999998,3.8424637972550095,0.2006845303775562,0.007565231728809296,-2.89,0.11,0.16211068327785674,-3.178034841201626,-1.5784716263333773,-6.2,0.36,0.3791831663362887,-6.565495923202903,-0.46455483129404673,93.0,5.0,7.0710678118654755,96.91383261619818,-0.15318085747616672,-11.711973756287597,-15.888795772992921,-3.6943916955781457,0,1
G027.36-00.16,,27.365018755523895,-0.16583551744408356,0.125,0.042,3.0907055753406807,2.2098867145148384,-0.017428037256545945,-1.81,0.11,0.1915891495996384,-2.494651911635613,-6.385101936528362,-4.11,0.27,0.31226015154725173,-5.375346905416987,-8.210244425984524,92.0,3.0,5.830951894845301,107.07505347390317,-3.342018194721176,-43.065796331763536,-13.27173924123997,-0.8812999451675694,1,0
G029.86-00.04,W43S,29.86235404758307,-0.04430388038070352,0.221,0.03,2.1755979733063757,4.392125943886748,-1.1367259600992587e-05,-2.33,0.26,0.3547836068818327,-1.5640356189443858,-2.3305587969109163,-5.47,0.31,0.3929012696748164,-3.8903598221556512,-8.082011845464365,101.0,3.0,5.830951894845301,76.09700365362727,-9.119988632756671,48.50750327426718,-4.457065161825256,-0.8699758187099196,0,1
G029.98+00.10,,29.981786908873673,0.10870528029669776,0.156,0.01,3.1774534344027106,2.6737979531908076,0.014428532087477417,-0.94,0.32,0.3604397551377409,-2.4101668180457803,-8.318362939454758,-3.49,0.32,0.3604397551377409,-5.286448952621033,-12.420366015019743,109.0,10.0,11.180339887498949,101.74564845775454,-0.21050246519391624,-61.61608430962939,14.255698822533445,-14.663492338154823,0,1
G030.19-00.16,,30.19808488637404,-0.16914209901434926,0.212,0.01,2.362126268646647,4.122524882463949,-0.01064851745539155,-2.08,0.22,0.31439446822335015,-1.7224105621316188,-0.6468291407682961,-3.8,0.25,0.33607124490120116,-4.1271727508277145,-0.4738725432529955,108.0,3.0,5.830951894845301,81.64861660115282,-10.211697162250566,15.175645268281448,19.344279266165763,10.316054614986738,0,1
G030.22-00.18,,30.22456064109808,-0.18002336531163532,0.284,0.032,1.7296377604307434,5.212485915937526,-0.006944578484984559,-0.87,0.31,0.4362692766118657,-1.2235288862537448,-0.3283299911431924,-4.7,0.34,0.4580730091540437,-3.4481541995666647,-3.734240392193092,113.0,3.0,5.830951894845301,59.262384284324305,-42.46663739420052,51.5855796210772,25.042557775417123,-14.6326048574368,0,1
G030.41-00.23,,30.41930414667541,-0.23203670427991155,0.253,0.021,1.9744268849299489,4.8186451357649185,-0.012168270589838054,-1.98,0.28,0.38930555284013946,-1.4130599000871888,-1.0603839840306497,-4.07,0.29,0.39655871377661916,-3.6823074678961047,-0.47789213249956525,103.0,3.0,5.830951894845301,67.78560576325276,-18.236081786192017,34.67764468927544,16.32340914379199,5.889547300816336,0,1
G030.78+00.20,,30.78812070099201,0.2035512648483566,0.14,0.032,3.3377590777414294,2.5795572177357067,0.025493985136573284,-1.85,0.16,0.22751530530592887,-2.4955035278859077,-4.024815801798789,-3.91,0.19,0.24952597890490286,-5.450536914577734,-19.058235409420828,82.0,5.0,7.0710678118654755,101.30381826107865,-3.726373994567534,-48.96411407399865,-17.88542443679469,3.94151469012418,0,1
G030.81-00.05,,30.817836048306493,-0.05681146368102075,0.321,0.037000000000000005,1.5556877550986783,5.573521025506629,0.0010571572076328774,-2.34,0.35,0.4930998409713559,-1.1026064765547061,-3.1485888746265736,-5.66,0.35,0.4930998409713559,-3.3689256236932867,-10.793906597463158,105.0,5.0,7.0710678118654755,52.156995887114924,-27.92383083674389,68.0151122877913,7.477741601914773,0.7064766322475275,0,1
G032.74-00.07,,32.743998601016735,-0.07561954326359703,0.126,0.016,4.162574943867751,1.7084350051932964,-0.00828345423691423,-3.15,0.27,0.30279341495961204,-2.904119987457134,-0.32970353641908573,-6.1,0.29,0.32075512800718214,-6.1378608737982,-0.006966330162153219,37.0,10.0,11.180339887498949,94.21626296273345,-13.094802989682654,17.641287465955447,-60.64261789434895,8.715150196370818,0,1
G032.79+00.19,,32.796902748742106,0.19085880269231165,0.10300000000000001,0.031,4.546668625867776,1.1254503195643706,0.029502258174158344,-2.94,0.24,0.27090458709155696,-3.0256316960853242,-0.04995815359549618,-6.07,0.25,0.2798022432133934,-6.353570498455189,-0.5135582539001377,16.0,10.0,11.180339887498949,86.62639548332331,-19.952350955867164,16.371993421105195,-75.48766762704919,1.9181400393730719,0,1
G033.39+00.00,,33.39324682286976,0.009930293754734969,0.113,0.028999999999999998,4.357191769121003,1.571638509439239,0.003185415149120886,-2.48,0.13,0.18614667632105858,-2.949417224405482,-3.1796365039497316,-5.36,0.13,0.18614667632105858,-6.2194080505723175,-10.65757180062596,102.0,5.0,7.0710678118654755,90.43875653612741,-1.3366235043093657,-33.953420528047296,-2.281631299487429,-0.9569465557207142,0,1
G036.11+00.55,,36.11515249562877,0.552417516017583,0.24600000000000002,0.055999999999999994,2.188641282837539,5.181620068406567,0.03971103377537156,-1.41,0.26,0.3850652185395294,-1.6033007504144487,-0.1259994066220585,-3.76,0.27,0.3918867470697313,-4.181861914801312,-0.5794146745460332,75.0,5.0,7.0710678118654755,63.90048097410412,-1.2319932260622461,3.159740397633455,8.756518631605474,0.4647756821656746,0,0
G037.47-00.10,,37.478995245362846,-0.10479699963239833,0.08800000000000001,0.03,5.788179826327226,0.6323473680119989,-0.015983592842730727,-2.63,0.07,0.13112567506164974,-3.033855003322644,-4.742916355206434,-6.19,0.15,0.1865313449808727,-6.280436622961733,-0.11753170447736176,58.0,3.0,5.830951894845301,54.903351001446154,-0.14101816206241966,-7.3430333267309225,-8.516797354860813,-14.33261547661644,0,1
G038.03-00.30,,38.03751439318483,-0.3003079837677448,0.095,0.022000000000000002,5.908659952783891,0.6288664545830684,-0.04882728190905576,-3.01,0.06,0.1252923531647697,-3.026078427611527,-0.008233946138756021,-6.2,0.11,0.1555576219976552,-6.248027563759351,-0.04766159015524955,60.0,3.0,5.830951894845301,51.8051622646786,-0.9875789045330525,-1.7964252385550736,0.815019094645578,0.3039338975024446,0,1
G040.62-00.13,,40.62252629485976,-0.1383352018401078,0.08,0.021,7.248647751256683,-0.2690295573916042,-0.025831803804878484,-2.69,0.09,0.13067178773390442,-2.85276095099522,-0.7757231927112327,-5.6,0.25,0.26734830485637007,-5.8395225566140345,-0.40133586519097864,31.0,3.0,5.830951894845301,17.179256526987153,-2.8090139727474592,-16.049189554713745,-5.102837409889644,-1.851545692065903,0,1
G049.41+00.32,,49.41561779563076,0.32574685738368936,0.132,0.031,5.2290531134304095,3.7019613479026567,0.04256139740169062,-3.15,0.17,0.2288354351154566,-2.868625113604047,-0.7559518221568383,-4.49,0.66,0.6775438409169405,-5.914219493648608,-2.2092713078913326,-12.0,5.0,7.0710678118654755,48.810658794022096,-36.979362229629764,-16.251204551985662,-73.03950917644053,29.65555323376708,0,1
G049.48-00.36,W51IRS2,49.48941604341323,-0.36896760360851205,0.195,0.071,3.201708127993441,5.445844673545959,-0.02285832347089461,-2.49,0.14,0.28693092766593753,-2.4164330114353594,-0.03286860232586584,-5.51,0.16,0.2972025525651411,-5.327552261709383,-0.18842646569182325,56.0,3.0,5.830951894845301,53.834562763781406,-0.06895762388238269,8.669647932381254,-3.521588910767804,-0.44556209452220585,0,0
G073.65+00.19,,73.65270776749108,0.19422771072774792,0.075,0.02,11.359758988249233,4.849325483686154,0.045371827989414214,-2.31,0.17,0.19193221193087234,-2.242125449126375,-0.06252996784259993,-4.2,0.23,0.24665355050490817,-3.5727665985480184,-3.23335668646563,-76.0,10.0,11.180339887498949,-83.00717016232738,-0.1964017347352447,18.91883643328325,23.719868294093203,-16.4946976053768,0,1
G074.56+00.84,IRAS20143+3634,74.5695888585289,0.8457682350457756,0.36700000000000005,0.083,2.401626823896077,7.518445258019793,0.04231912903553675,-3.0,0.81,0.9139393689729356,-2.7308439731844665,-0.04336540941901588,-4.37,0.98,1.0675135456558138,-5.259969708909949,-0.34751508861202324,-1.0,5.0,7.0710678118654755,8.648275452399343,-0.9308921920537173,-2.110029476678479,-15.027910522187993,8.365075092163991,0,0
G078.12+03.63,IRAS20126+4104,78.12233662267856,3.6327523931431576,0.645,0.03,1.5076324147376745,7.864197556372394,0.10343596553337471,-2.06,0.84,1.0827839601478204,-2.263330380561414,-0.01763156749129426,0.98,0.84,1.0827839601478204,-5.227347835251026,-16.43230704595938,-6.0,5.0,7.0710678118654755,5.4853406568448,-1.3191305000377211,-34.479131921298325,-17.265244662901527,23.07904066812627,0,1
G098.03+01.44,,98.03586484832444,1.4459922020451168,0.366,0.161,2.083415075818936,8.475461720921906,0.059250992948501696,-3.28,1.0,1.1185380534285192,-2.974597242859625,-0.03727471949938539,-0.63,1.0,1.1185380534285192,-3.520784232448437,-3.3396413636261197,-61.0,5.0,7.0710678118654755,-16.58149365952606,-19.730037055187232,5.883226158879131,-52.90182845402237,22.722326459354658,0,1
G108.59+00.49,,108.5946502956341,0.4917667373873994,0.405,0.033,2.309877776064236,8.958468242049149,0.027424406370884086,-5.56,0.4,0.5893142324045709,-2.872486358368548,-10.398662897626298,-3.4,0.4,0.5893142324045709,-2.15304121309693,-2.238619820179006,-52.0,5.0,7.0710678118654755,-29.114428712994325,-5.237493731326184,45.60481349772182,-5.508270851050526,0.5354712348780106,0,1
G110.19+02.47,IRAS22555+6213,110.19609843675,2.4761750374699742,0.314,0.07,2.73677981822637,9.188010711509841,0.1328401105607545,-2.14,0.68,0.7700531904363637,-2.8325699350813345,-0.40444160433442833,-0.32,0.77,0.8505774015933074,-1.8075612327062385,-1.5292976726877197,-63.0,5.0,7.0710678118654755,-36.25810620307204,-7.151288838461741,6.870018898223982,-37.316229546435096,13.391693988386578,0,1
G111.23-01.23,,111.23496496800085,-1.2381963239292646,0.3,0.081,2.7510618738726453,9.250399320043881,-0.057011868896955704,-4.37,0.6,0.6983202352641182,-2.7819346942143217,-2.5858150958686448,-2.38,0.6,0.6983202352641182,-1.7505036492381305,-0.40630033870186044,-53.0,10.0,11.180339887498949,-37.39616095199483,-0.9739191721442034,32.891858332351426,-2.6669293428469416,-0.02227689365049379,0,0
G111.54+00.77,NGC7538,111.54212948994171,0.7769384028762917,0.37799999999999995,0.017,2.4506026823916858,9.148739806497737,0.042388464150364694,-2.45,0.4,0.5658982676243368,-2.766397685526198,-0.15630032150034068,-2.44,0.4,0.5658982676243368,-1.7352990685816498,-0.7753592395021488,-57.0,5.0,7.0710678118654755,-33.55868458882105,-5.494952682063755,17.9561256446427,-23.972472557817696,-9.965315367058343,0,1
G136.84+01.16,,136.84514450512646,1.167414630612131,0.47,0.115,1.3130613162958455,9.581819972897614,0.04588341324264482,0.42,0.5,0.7427858611008162,-0.5936015421131533,-0.9310591507304677,-0.43,0.5,0.7427858611008162,-0.6145131593145929,-0.03085300274399708,-42.0,5.0,7.0710678118654755,-29.31887117404412,-1.6081102830048914,10.497605712603198,-18.547350146336786,5.292510894107725,0,0
G182.67-03.26,,182.6780127655037,-3.265397302996912,0.157,0.042,-0.2635798859951028,13.817905291547243,-0.31253981333901043,0.44,0.35,0.3966475604646439,0.22773033235925466,-0.14319778788730608,-0.45,0.36,0.40549881284974604,-0.8865567079466313,-0.5795249814446068,-7.0,10.0,11.180339887498949,0.38628308206926587,-0.21822871107385058,10.985797469413383,2.1290431318538765,11.42329709546437,0,0
G188.79+01.03,IRAS06061-2151,188.79369548865986,1.0306622558850218,0.496,0.10300000000000001,-0.28538336488702415,10.026108937975819,0.040376646543076544,-0.1,0.5,0.7544235400370517,0.05555962713101237,-0.021258534837029976,-3.91,0.5,0.7544235400370517,-2.050132817321075,-3.038809006440854,-5.0,5.0,7.0710678118654755,2.6408999381433214,-0.583833518647186,13.547310866288175,-17.678115529749874,-9.31798101657115,0,0
G000.31-00.20,G000.31-0.20,0.3152592880390072,-0.20083724333908246,0.342,0.042,0.015632106311442902,5.340699250140226,-0.006310125942078394,0.21,0.39,0.5384789568105244,-0.14238261952164155,-0.21412209862865192,-1.76,0.64,0.7399051202199851,-1.3951038655237662,-0.12160640907113175,18.0,3.0,5.830951894845301,4.964653718713294,-2.4988272451919875,17.44755136804815,-6.583728438357184,-6.659755059122009,0,0
G005.88-00.39,G005.88-0.39,5.884193454612775,-0.3923617226509042,0.33399999999999996,0.02,0.3047666410037054,5.224265889321188,-0.016740805955354123,0.18,0.34,0.49140504338765556,-0.1721873670355339,-0.2568256127936798,-2.26,0.34,0.49140504338765556,-1.4493604124332886,-1.3606499275400519,9.0,5.0,7.0710678118654755,17.288951418549566,-0.6870671561907484,-2.6330603153090117,-13.644719190759929,-9.91808239374425,0,0
G006.79-00.25,G006.79-0.25,6.795315908924412,-0.2572553029452956,0.28800000000000003,0.021,0.40656328050624635,4.769480790607931,-0.01210369209213837,-0.3,0.3,0.4292164986871763,-0.27547344828605314,-0.001632639035180578,-1.3,0.31,0.43626460175595133,-1.4804700499779644,-0.08556188216600738,22.0,5.0,7.0710678118654755,22.637202418843017,-0.004060269225793922,3.3378192962798487,-2.7539600242799054,1.8039584837809368,0,0
G007.47+00.05,G007.47+0.05,7.470695519931099,0.05836478557150925,0.049,0.006999999999999999,2.5531728639953393,-11.288892948436605,0.012733352292787728,-2.43,0.1,0.11351221609587255,-2.4203457915004045,-0.0036167471445450196,-4.43,0.16,0.16877506688784355,-4.434439991526094,-0.00034603315242725125,-14.0,10.0,11.180339887498949,-13.90901020366912,-3.311657214534066e-05,4.5417884191842,-4.82024328009976,0.9906986989416646,0,0
G008.34-01.00,VXSgr,8.344133233567696,-1.001949271180782,0.64,0.04,0.22497332714780605,6.647548341505455,-0.022537526124636713,0.36,0.76,1.0199850600135028,0.010014125502006643,-0.0588685604880243,-2.92,0.78,1.0349731990011861,-2.2449902076339345,-0.2126825913897095,5.0,5.0,7.0710678118654755,12.225787971007996,-0.5221201180196384,-2.2134924441865422,-9.319664230363971,-4.526406049938683,0,0
G011.10-00.11,G011.10-0.10,11.109056798808039,-0.1141616285891001,0.364,0.027000000000000003,0.5236324458643159,5.514625472362557,-0.0015624952248214003,-0.2,0.38,0.5431642267989957,-0.21736459421566046,-0.00051101890112787,-2.0,0.41,0.5645594541535469,-1.6873451740759284,-0.15334898591019056,29.0,5.0,7.0710678118654755,25.20914182050794,-0.14370605737021844,9.031556549227414,-7.157365451124207,-2.1511034506666995,0,0
G011.49-01.48,G011.50-1.49,11.49739107867832,-1.4853403015859088,0.8,0.033,0.24823401335948253,6.96101776731153,-0.02749924493146673,1.42,0.52,0.9935960304059009,0.044436031214774685,-0.9583229566448763,-0.6,0.65,1.0673954616909163,-2.79869012156049,-2.121521077105237,11.0,3.0,5.830951894845301,12.59000846608634,-0.037178337091562305,-0.7218466640261626,9.501324095099278,-0.9304962585019504,0,0
G011.91-00.61,G011.91-0.61,11.917706166890024,-0.6131241747829906,0.297,0.05,0.6597846718332638,5.055299135673379,-0.030628493158907977,0.66,0.69,0.7649005488722214,-0.3444609731940885,-0.8622360850000729,-1.36,0.75,0.8194344694147456,-1.716676484222145,-0.09473064656339761,37.0,5.0,7.0710678118654755,32.03984388458352,-0.24603148689303514,5.010687700858407,8.003491185021232,-10.828414592252104,0,0
G012.68-00.18,W33B,12.68060538759639,-0.1822956124191795,0.41600000000000004,0.027999999999999997,0.5229848410851313,5.857038403883622,-0.003494121035197732,-1.0,0.95,1.0480919642418578,-0.19064965990036542,-0.2981565324483477,-2.85,0.95,1.0480919642418578,-1.8358900218960228,-0.46810290206640875,58.0,10.0,11.180339887498949,24.10928148402776,-4.594323206115454,41.11767231036968,-8.35288375408868,2.411875649965117,0,1
G012.81-00.19,W33M,12.813647319205213,-0.19700025679204397,0.34299999999999997,0.037000000000000005,0.6322033363919551,5.401787971602978,-0.006007264698720688,-0.4,0.7,0.7917751437795887,-0.28867619920487364,-0.009884218281749162,-0.25,0.7,0.7917751437795887,-1.7692059651261065,-1.8407702665237673,34.0,5.0,7.0710678118654755,29.58995873207607,-0.194484639847921,2.8567377698500063,12.848508359292284,11.123877567312913,0,0
G012.88+00.48,W33A,12.888828423096747,0.4891010634666449,0.40399999999999997,0.044000000000000004,0.5395943107337622,5.823227892029428,0.024716477972573737,0.15,0.43,0.6123676339912355,-0.19848260322085343,-0.16192270564083142,-2.3,0.52,0.6785971700206418,-1.841710284283252,-0.22804793241968777,35.0,7.0,8.602325267042627,24.788140381197472,-0.7046086275279034,15.014285055701563,-4.312708431601948,-5.9514334635400346,0,0
G012.90-00.24,W33A,12.900918412281616,-0.2414988120833986,0.408,0.025,0.5431682945385592,5.80995452225605,-0.006196983700175607,0.19,0.4,0.589882111997524,-0.2059524673599542,-0.22528156709623012,-2.52,0.4,0.589882111997524,-1.8335643410578755,-0.6770788121141562,36.0,5.0,7.0710678118654755,24.960212446088356,-1.2187690923550243,16.372093914096933,-6.050620419195894,-7.84870284422688,0,0
G012.90-00.26,W33A,12.908573475865381,-0.260515343411919,0.396,0.032,0.5569462875155315,5.751294531532992,-0.007316124158822289,-0.36,0.4,0.582223669673086,-0.2180556032509685,-0.029718493944929068,-2.22,0.4,0.582223669673086,-1.8197431139637277,-0.2363022813107408,37.0,5.0,7.0710678118654755,25.634781977290796,-1.291681807037141,16.775565026546307,-6.071165082378286,-0.846113947278937,0,0
G013.71-00.08,G013.71-0.08,13.712772905190688,-0.08357249590896319,0.264,0.013999999999999999,0.8929402006337431,4.521928051446824,-0.0022565522820274853,-0.29,0.28,0.3959874375235174,-0.5493691326628292,-0.21450813501157587,-2.16,0.29,0.4031203922855325,-1.9539495162968292,-0.13063144928321627,44.0,5.0,7.0710678118654755,43.71864850644907,-0.0007915866292333839,5.110200417811844,-5.747289335522794,-5.826223562371402,0,0
G013.87+00.28,G013.87+0.28,13.873851346076345,0.2812345662774524,0.254,0.024,0.9277406825390692,4.425160267439889,0.022168998892589435,-0.25,2.0,2.018493163676296,-0.5800331772427564,-0.013366898164408522,-2.49,2.0,2.018493163676296,-2.002915358937455,-0.029115503812862136,48.0,10.0,11.180339887498949,45.65381211184073,-0.022018390426181037,8.735140295238443,-8.354767950776306,-9.577325342999757,0,0
G014.33-00.64,G014.33-0.64,14.331809220605823,-0.6449915014717299,0.893,0.10099999999999999,0.27043136138187673,7.122889943667167,-0.0073918686234330155,0.95,1.5,1.783815429981137,0.04361113364772096,-0.12909199018602713,-2.4,1.3,1.6192583142410568,-3.217917697582542,-0.12757246393628136,22.0,5.0,7.0710678118654755,13.002095204963894,-0.8096229070053375,11.338076358695819,3.2745250817062583,-2.2375845293821737,0,0
G014.63-00.57,G014.63-0.57,14.636659788569816,-0.5759736776586776,0.546,0.022000000000000002,0.4612861622041717,6.4151157923008055,-0.01389533737993711,0.22,1.2,1.3318416370219683,-0.12913116896324384,-0.03435912325658027,-2.07,1.2,1.3318416370219683,-2.1970096906421137,-0.0045471422933004305,19.0,5.0,7.0710678118654755,20.416872096514197,-0.02007526537880536,2.294977536663371,-3.166922131612523,-2.1272152796727632,0,0
G015.03-00.67,G015.03-0.68,15.034454144972516,-0.6771653895354851,0.499,0.026000000000000002,0.5170149293924895,6.256498257126729,-0.019199524160877546,0.68,0.53,0.7489404935155762,-0.1735454312940149,-0.6494244921212569,-1.42,0.54,0.7560501721627706,-2.112079568754275,-0.4189679751553446,22.0,3.0,5.830951894845301,22.652393604212154,-0.0062590796296606585,0.5328063053402241,3.797790137932196,-4.018258480407299,0,0
G016.58-00.05,G016.58-0.05,16.585151904401133,-0.05056506486036847,0.27899999999999997,0.023,1.0095426838203696,4.791714799256502,0.00032039616066179347,-1.13,0.34,0.45225655461112785,-0.5933683938740988,-0.7039677443065444,-2.59,0.35,0.4598216949957103,-2.127491522391261,-0.505860167555422,60.0,5.0,7.0710678118654755,46.12968651604969,-1.9238559614305382,21.915488871462717,-8.05930360024297,4.261596866855706,0,0
G017.55-00.12,IRC-10414,17.55098166476619,-0.12621787857867428,0.49700000000000005,0.038,0.5998155181781585,6.28488175378844,9.276199294972788e-06,-0.04,1.04,1.1673837085539311,-0.2356848791164481,-0.014049384054806267,-2.01,1.04,1.1673837085539311,-2.2628699845914397,-0.023460502612124512,44.0,10.0,11.180339887498949,25.085942166378057,-1.4309663349343822,20.677499844606405,5.153155921371422,-0.5642696453319545,0,0
G017.63+00.15,G017.63+0.15,17.638322059105924,0.15648197284194454,0.669,0.019,0.4521951086189434,6.759158907022575,0.008765459634451708,-0.26,1.41,1.5772169902594828,-0.11807565215753923,-0.004048563219723928,-1.53,1.41,1.5772169902594828,-2.6545067675256773,-0.2541623736114687,25.0,10.0,11.180339887498949,19.120866146267577,-0.13825685948041058,7.493739468947027,3.2649895170752927,4.637102523130978,0,0
G018.34+01.76,G018.34+1.76,18.34134321996305,1.7681359375571692,0.5,0.019,0.6272384965648096,6.289275558693696,0.0659313293384328,-0.32,0.53,0.7487504758755273,-0.23996064516514992,-0.005713509319506482,-1.99,0.76,0.9259196915088418,-2.3260704512714527,-0.06586944769807121,28.0,3.0,5.830951894845301,25.84812604153969,-0.06809649313381831,5.340616695306816,-1.8948190037838517,2.2350080527234133,0,0
G018.87+00.05,G018.87+0.05,18.873712001325547,0.05329127411267487,0.297,0.049,1.035567587226988,5.152179236569783,0.006669693664567725,-0.17,0.32,0.45929656295799076,-0.5875276664008506,-0.41319411725258093,-1.9,0.37,0.4954324704185461,-2.250791592782567,-0.2506683046238354,39.0,3.0,5.830951894845301,44.43439818750208,-0.43430417147538125,-4.1212856658191654,-1.0607162438684554,-3.114362749386085,0,0
G023.00-00.41,G023.00-0.41,23.00973253125716,-0.4106074690445545,0.205,0.015,1.886734004951032,3.73863191158748,-0.031719319628411465,-1.72,0.22,0.3100782074407655,-1.40864640460199,-0.5041215759009937,-4.12,0.37,0.42970745249492515,-3.4300952601914694,-1.2888503388751824,79.0,5.0,7.0710678118654755,80.7233933580075,-0.02970084666424363,16.535206010063547,-17.39997695607525,-0.941187243158101,0,0
G023.20-00.37,G023.20-0.37,23.206426993566257,-0.37766312675142266,0.239,0.034,1.5868717434676014,4.480088883533645,-0.023217826137212613,-1.45,0.5,0.5644416784287999,-1.0855567901047931,-0.20844504761967422,-3.4,0.51,0.5733187667846926,-2.9683499305376215,-0.2834270643720268,82.0,10.0,11.180339887498949,65.41185527735381,-1.1006661813578185,23.777315503500606,-1.4005273190691696,2.2580580792809593,0,0
G023.38+00.18,G023.38+0.18,23.38904771260075,0.18538132690356354,0.20800000000000002,0.025,1.8563406941828293,3.8893455547107916,0.01809999924895407,-1.57,0.23,0.3221398736668878,-1.3411289929875105,-0.2523844521725877,-3.92,0.26,0.34420066560963886,-3.3814943354595433,-1.2238470481439916,75.0,3.0,5.830951894845301,78.227878958738,-0.15322356723916966,12.070585408683927,-15.848662686593599,-1.021509946646523,0,0
G023.65-00.12,G023.65-0.12,23.656704649214,-0.1273173102429206,0.313,0.039,1.2444547876323466,5.340592299304998,-0.003035419764540917,-1.32,0.2,0.3945366485844679,-0.7749456112476264,-0.9542781587436789,-2.96,0.2,0.3945366485844679,-2.6708067173928227,-0.2686406341366953,81.0,3.0,5.830951894845301,48.609422350853094,-15.428669418314925,34.86224365924805,8.463386905198178,5.061208488933309,0,1
G024.63-00.32,G024.63-0.32,24.63401473399813,-0.3236682101479086,0.242,0.045,1.6173476745494837,4.6543257162149665,-0.018468457407989042,-0.31,0.27,0.38312982260587597,-1.1024969739333446,-2.139307986279057,-2.73,0.3,0.4048313982017822,-3.0504510270819107,-0.3132888677764891,43.0,5.0,7.0710678118654755,64.10923214224748,-4.45599681635294,-19.101815006486703,-10.97776691644043,-10.10668458600732,0,1
G028.14-00.00,G028.14-0.00,28.146736114864105,-0.004448489059502129,0.158,0.023,2.868815136699241,2.8190819744076125,0.0019394281412707139,-2.11,0.17,0.24285848344017152,-2.229370620598676,-0.12079761240743238,-4.85,0.17,0.24285848344017152,-4.939496475092491,-0.06790086518337783,100.0,5.0,7.0710678118654755,101.55152704938418,-0.024072361849707697,0.3098760734149377,-5.301375469550862,-1.8788728523750144,1,0
G028.30-00.38,G028.30-0.38,28.304613764533553,-0.3875637898243574,0.221,0.022000000000000002,2.1045567919426236,4.273560443440993,-0.026749336597516812,-1.62,0.23,0.33070908378078095,-1.5242631969409635,-0.04190208158474031,-3.97,0.23,0.33070908378078095,-3.758812657067729,-0.20389826408698447,87.0,5.0,7.0710678118654755,77.04465899178905,-0.9910881458976661,14.190957445570572,0.3444943481171663,-0.3134282023347108,0,0
G028.39+00.08,G028.39-0.08,28.396960323796183,0.0803015348553419,0.231,0.015,2.041699048643026,4.404834424131849,0.00937005836146034,-1.4,0.24,0.34345422871278747,-1.4503176755409317,-0.01073182072714013,-3.26,0.24,0.34345422871278747,-3.6908170272076726,-0.7867160089232306,75.0,5.0,7.0710678118654755,74.4282238414841,-0.003269279754472024,-1.8378857881490431,0.4632989399810867,3.101467329127153,0,0
G028.83-00.25,G028.83-0.25,28.83226397820569,-0.2527226235153818,0.2,0.04,2.2441262835853855,4.104771877476578,-0.01734305889195444,-1.89,0.22,0.31586858125886963,-1.6371238307478786,-0.3204593537873268,-4.53,0.22,0.31586858125886963,-3.954902906449885,-1.6574463909512107,87.0,5.0,7.0710678118654755,80.95874195778899,-0.36496798732579233,19.358433847265523,-7.271190128747463,-0.8682154698321067,0,0
G028.86+00.06,G028.86+0.07,28.86189583762602,0.06568572107888841,0.201,0.019,2.3600422064049065,3.8994200393057494,0.008667572705251007,-3.19,0.42,0.472163518865665,-1.726483308717837,-4.803751205916929,-5.72,0.48,0.5262493596647955,-4.1228272645647595,-4.605646693107632,100.0,10.0,11.180339887498949,84.95440020500158,-0.9054802927650263,53.92192981841671,-16.08033112000203,13.241780555511742,0,1
G029.95-00.01,W43S,29.955357358608588,-0.01609362155956864,0.207,0.019,2.3728679289023966,4.064030830265867,0.0018420732177378508,-2.36,0.2,0.2987683667339515,-1.7270804638217616,-2.243870457388346,-5.38,0.2,0.2987683667339515,-4.1421619773821075,-8.582788605427002,99.0,5.0,7.0710678118654755,82.6018490350168,-2.6889935507037945,39.77664682955455,-6.243906133571072,-0.0717319234787599,0,1
G030.70-00.06,G030.70-0.06,30.70261263737961,-0.06826033982916073,0.153,0.02,3.230277574078713,2.74152779412533,-0.005117252375979773,-2.33,0.18,0.24534430481623254,-2.427699843896763,-0.07928769302058641,-4.95,0.18,0.24534430481623254,-5.3088858266073755,-1.069869129616637,89.0,3.0,5.830951894845301,100.52495474925368,-1.9533026760638965,-8.22371854563257,-14.441734494978876,2.327288852284699,0,0
G030.74-00.04,G030.74-0.04,30.748709601074356,-0.048962552178467726,0.326,0.055,1.4879592742362875,5.680202001295781,0.0016423728603792566,-2.38,0.38,0.5251166807279289,-1.0531658178145773,-3.192211653476302,-4.46,0.38,0.5251166807279289,-3.326694736294205,-2.328907222296595,88.0,3.0,5.830951894845301,49.84347131417224,-21.410598255182304,47.08806260547811,6.597752574466085,9.0922801821631,0,1
G030.97-00.14,G030.97-0.14,30.972373449134487,-0.14170442807291,0.294,0.022000000000000002,1.7312443668381086,5.296946646712598,-0.004410909494477223,-2.14,0.31,0.4409097367214901,-1.2341908257797578,-2.1102993014835705,-3.82,0.34,0.46249475233327103,-3.4973978267884287,-0.24327134871073475,77.0,3.0,5.830951894845301,58.168881293762865,-5.214868113652855,25.237819668956032,1.9750633942637137,10.445973199837402,0,1
G031.24-00.11,G031.24-0.11,31.24295603199239,-0.11083787919714606,0.076,0.013999999999999999,6.415295882642233,-2.3936249151511815,-0.024470108312179214,-2.8,0.19,0.20825896876036146,-2.9328656002934568,-0.20351090486499512,-5.54,0.19,0.20825896876036146,-6.016876872012441,-2.6216523315208686,24.0,10.0,11.180339887498949,20.746397241492136,-0.04234372364067991,-15.714322804725876,-25.220949887733386,5.8275374878141335,0,0
G031.28+00.06,W43M,31.280793161088443,0.061630461976929424,0.184,0.017,2.7753152790616755,3.613316586987523,0.008687136187484248,-1.99,0.19,0.27393424675109895,-2.0389851851587455,-0.015988467983750712,-4.58,0.22,0.2955333679013115,-4.674811950197271,-0.051461580198561487,110.0,5.0,7.0710678118654755,90.68644947735291,-3.730132337908417,8.91491299285174,14.062241609570293,0.0026264232891097805,0,0
G031.41+00.30,G031.41+0.30,31.41168017844735,0.3069107392290935,0.267,0.028999999999999998,1.9079652034989067,5.05702732321313,0.02338536073939552,-1.58,0.7,0.7569733986142938,-1.3511463119773857,-0.04570088388356192,-5.82,0.7,0.7569733986142938,-3.68033024855715,-3.9948664268371585,97.0,15.0,15.811388300841896,63.63784085016379,-2.2260673262779997,52.475108645195036,0.002425259634321719,-13.262039950950026,0,0
G031.58+00.07,W43M,31.580940884016176,0.07833223058323738,0.183,0.032,2.705356120534792,3.7805829128910413,0.010102474161248907,-1.97,0.4,0.44909744332570645,-1.9769584323295766,-0.00012003603879227578,-4.43,0.4,0.44909744332570645,-4.580616434316566,-0.05623847853586153,96.0,5.0,7.0710678118654755,88.13420476237448,-0.618707347202523,4.408278773055068,3.6254498036681753,1.5381685248154238,0,0
G032.04+00.05,G032.04+0.05,32.044751441002475,0.05901306308858757,0.198,0.015,2.649629837409463,3.948424194331308,0.008288550530014812,-2.05,0.21,0.2978418773297153,-1.92826057401479,-0.08353355847067773,-4.77,0.21,0.2978418773297153,-4.509241405333275,-0.3832443373770975,98.0,5.0,7.0710678118654755,85.47111396616666,-1.5697298524878422,15.780598964981804,3.7283173591847567,-0.24802884100628475,0,0
G033.09-00.07,G033.09-0.07,33.09233817699092,-0.07292822935478745,0.134,0.016,3.9645557951090846,2.0979773158745267,-0.007136592827989088,-2.46,0.15,0.20880548955808365,-2.7982199850226634,-1.3118516076734525,-5.32,0.15,0.20880548955808365,-5.959879723894079,-4.695511163243192,100.0,5.0,7.0710678118654755,96.0746786962335,-0.15408147337803094,-20.6968843183748,-3.2592794907890554,-0.31282034516138596,0,1
G033.64-00.22,G033.64-0.22,33.641353299674236,-0.2277433594265601,0.131,0.02,4.048265254459168,2.0977917532209287,-0.026926367210799006,-3.1,0.15,0.2081668874084764,-2.8223778704736784,-0.8893134684999001,-6.27,0.14,0.20108071268357214,-5.98977641436256,-0.9710431844840075,60.0,3.0,5.830951894845301,94.44444565032842,-17.44735053174159,21.163625894054288,-37.71429015298625,4.278182769332215,0,1
G034.41+00.23,G034.41+0.23,34.411347255476784,0.23484880798495686,0.34,0.011000000000000001,1.6586671518981406,5.759957814644115,0.016243223853248497,0.12,0.72,0.8046999603134167,-1.236171183643954,-1.4201397014666584,-4.18,0.72,0.8046999603134167,-3.7004839183217793,-0.17754498033339622,60.0,10.0,11.180339887498949,50.98964707434391,-0.32474583937951723,8.152469275754317,3.7433180847934864,-19.80176259155078,0,0
G034.79-01.38,G034.79-1.38,34.79129841043613,-1.386534296931711,0.381,0.02,1.4890193836275496,6.03830839043022,-0.05878963296564463,-0.31,0.62,0.740044370549548,-1.1921671822432613,-0.710487236569068,-2.8,0.72,0.8256304684191812,-3.6247140340429036,-0.49889063473454004,45.0,5.0,7.0710678118654755,45.31546601633367,-0.0009951880746143715,-6.412969929286892,3.9935513695768923,-5.035512303555136,0,0
G035.02+00.34,G035.02+0.34,35.02473625223477,0.3496880117017388,0.43,0.04,1.3123611758879166,6.308824577324513,0.018484469309000096,-0.92,0.9,1.011316103763188,-1.0160129712988888,-0.004506672288010751,-3.61,0.9,1.011316103763188,-3.637956788102442,-0.0003820944312415025,52.0,5.0,7.0710678118654755,39.73721874286197,-1.5037580416041576,12.293117178525831,4.474443242536523,-0.7190126991403574,0,0
G035.19-00.74,G035.20-0.74,35.19702269335042,-0.7432143222481172,0.456,0.045,1.2402085926701472,6.4230863893524885,-0.023317860803960897,-0.18,0.5,0.7001813687206704,-1.0063732294029908,-0.6964683461730644,-3.63,0.5,0.7001813687206704,-3.6324365573129453,-6.054832959656583e-06,30.0,7.0,8.602325267042627,37.43899345030849,-0.3739096186063012,-3.5844827861149096,-7.724639306751442,-7.38586899836721,0,0
G035.20-01.73,G035.20-1.73,35.20026749469471,-1.7365020254432326,0.41200000000000003,0.013999999999999999,1.3952719952347463,6.2035255946685055,-0.06891123268552395,-0.68,0.44,0.6191204489645248,-1.1497778103742275,-0.28787550035827236,-3.6,0.44,0.6191204489645248,-3.6272981917540235,-0.0009720474546362591,43.0,5.0,7.0710678118654755,42.057329547397146,-0.008886275822104703,2.935003865106596,-2.5388083760795723,-4.6794590083914835,0,0
G035.79-00.17,G035.79-0.17,35.79270976116863,-0.17467486124400444,0.113,0.013000000000000001,5.045487533661486,1.1837696858462734,-0.024634863217187924,-2.96,0.12,0.17131259033479418,-3.036399132852016,-0.09944164479904584,-6.23,0.14,0.18587093265816745,-6.330987981907915,-0.14760002641227707,61.0,5.0,7.0710678118654755,74.40999423008823,-1.7982794525099959,4.914008912522041,-19.264493503848087,-0.8448022887463384,0,0
G037.42+01.51,G037.43+1.52,37.429598609801324,1.5171744279328931,0.532,0.021,1.1385091836841867,6.693802436251169,0.054375619502076256,-0.45,0.35,0.6628133182410574,-0.9176774614794151,-0.24893183072754327,-3.69,0.39,0.6847784275499055,-3.8834738072510406,-0.0399129859734484,41.0,3.0,5.830951894845301,32.8353149493667,-0.9803247349416901,7.53512062212096,3.3851744710618727,-2.700511950130608,0,0
G038.11-00.22,G038.11-0.22,38.11898310051321,-0.2288543184845349,0.242,0.035,2.4521751722718745,5.05613483967993,-0.011999616843236229,-2.79,0.27,0.3786790861113288,-1.8370292215028923,-3.166551322194646,-5.25,0.31,0.40816399921858754,-4.474393912370455,-1.8054398728314967,76.0,5.0,7.0710678118654755,66.67846426259655,-0.8689102850368968,27.60856075441277,-5.840478621749527,9.21612828023644,0,0
G040.28-00.21,G040.28-0.21,40.281847266069704,-0.2194082499129248,0.297,0.019,2.1593834451490306,5.633480128433951,-0.008578063708983591,-1.8,0.31,0.4425288999858608,-1.7065395272519435,-0.02230194163458612,-3.82,0.33,0.45676233133074357,-4.382956573364529,-0.7595200300003716,74.0,5.0,7.0710678118654755,56.009325434159486,-3.2366437133398076,6.761890862056986,14.30671498953012,5.335073330971498,0,0
G040.42+00.70,G040.42+0.70,40.425048944971536,0.7001418836757184,0.078,0.013000000000000001,7.896162833551644,-1.0885140964749882,0.14940690575074825,-2.95,0.09,0.1249063705449655,-2.725152993050538,-1.620223951027546,-5.48,0.1,0.13229361814810353,-5.580649883306952,-0.2894134878460547,10.0,5.0,7.0710678118654755,0.9516330649079612,-0.8187294419206689,-1.6313818973783412,1.5503993043555226,14.305729124113178,0,1
G041.15-00.20,G041.15-0.20,41.15598508592042,-0.2008880417037089,0.125,0.018000000000000002,5.062944715883589,2.389059039489317,-0.024482312212456305,-2.79,0.14,0.19595111388659672,-2.9307650544073502,-0.25802645531666196,-5.85,0.16,0.21070557428174036,-6.1170254479569826,-0.8030142619274003,60.0,3.0,5.830951894845301,68.57668254922307,-1.0817571110315802,-3.770700498229484,-16.202894078146215,-0.038512344870785135,0,0
G041.22-00.19,G041.22-0.19,41.226062958855465,-0.1972047771246814,0.113,0.022000000000000002,5.446515089483869,1.9655910125696003,-0.0261778038344696,-2.82,0.13,0.18217574949131318,-2.973570064110855,-0.35530556164603033,-5.89,0.16,0.20466558993324133,-6.1677631148627166,-0.9209360814350033,59.0,5.0,7.0710678118654755,61.466171858234404,-0.060820036343473306,-6.205422979325006,-11.769602192963474,-0.31849594782836377,0,0
G042.03+00.19,G042.03+0.19,42.034420659047015,0.1901266241746264,0.071,0.012,8.94578865623712,-1.741985131629861,0.04466644598322104,-2.4,0.09,0.11971800035962306,-2.5375052897972497,-0.6596140645175906,-5.64,0.11,0.1353971920318391,-5.161386607518245,-6.247703092196583,12.0,5.0,7.0710678118654755,-20.314832074937843,-10.442483720314312,-7.644187519111697,32.811715181831715,-21.60040931836909,0,1
G043.03-00.45,G043.03-0.45,43.03800702376548,-0.4529477805407846,0.13,0.019,5.042773843328561,2.7808871028655,-0.055658103057987525,-3.03,0.15,0.20706496734963073,-2.912028902947517,-0.16229606272305147,-6.56,0.2,0.24571508033391776,-6.046227784822164,-2.1859871737981593,56.0,5.0,7.0710678118654755,65.3860034880675,-0.8809706147801529,24.092900349044285,-9.712395682689703,-4.595292559331163,0,0
G043.16+00.01,W49N,43.16640518860843,0.011163502230476451,0.09,0.006999999999999999,7.511521448948931,0.17299858671293245,0.0035344162324661586,-2.88,0.2,0.22187372597368007,-2.8149379461086137,-0.04299458775663509,-5.41,0.2,0.22187372597368007,-5.735090571465999,-1.0734133663951728,10.0,5.0,7.0710678118654755,11.88619546415465,-0.03557733328997574,-4.281577220724958,-15.32038225830192,10.82563662854096,0,0
G043.79-00.12,OH43.8-0.1,43.79539199884004,-0.1272371060397677,0.166,0.01,4.139351178788862,3.8642035079194352,-0.009941190920095532,-3.02,0.36,0.40087311009970616,-2.6775277340850794,-0.36492781586790196,-6.2,0.36,0.40087311009970616,-5.725133864707542,-0.7016144937978401,44.0,10.0,11.180339887498949,70.90734971544661,-2.8960218748373796,21.246607941977445,-31.629804747532944,2.435402857233309,0,0
G043.89-00.78,G043.89-0.78,43.890437146644295,-0.7844063956407018,0.134,0.013000000000000001,5.079396974607443,2.9014108891565864,-0.09746698544492623,-3.11,0.15,0.20789694066561848,-2.9204937283216776,-0.41545212271864945,-5.35,0.21,0.2545999566734521,-6.021240464002021,-3.47543852858418,52.0,3.0,5.830951894845301,63.13971513081649,-1.8249007822903216,-9.914589113688157,-19.81937082195409,16.823208250806776,0,0
G045.07+00.13,G045.07+0.13,45.071158962957035,0.13234463759873824,0.129,0.006999999999999999,5.456288226627863,2.738595415773177,0.020598145114175882,-3.21,0.26,0.2938203580172879,-2.920242830288203,-0.4862667999365747,-6.11,0.26,0.2938203580172879,-6.049773894608019,-0.02100756890768948,59.0,5.0,7.0710678118654755,55.11907245970082,-0.15061598573052665,9.75889129445504,0.8847981665252859,8.360156228015901,0,0
G045.45+00.06,G045.45+0.05,45.45486514647116,0.05996026424078869,0.11900000000000001,0.017,5.762729870883083,2.5094062214378567,0.011154082742283994,-2.34,0.38,0.40176578885617137,-2.9368543952547204,-1.1034709163500813,-6.0,0.54,0.5555319514620394,-6.04432840253998,-0.0031835822985498835,55.0,7.0,8.602325267042627,49.12603435274471,-0.23313157044010305,-8.996154130572194,-4.025071961959611,-19.45939790839937,0,0
G045.49+00.12,G045.49+0.12,45.49274981854153,0.12557457025306218,0.14400000000000002,0.024,4.7042505466653575,3.557325868224505,0.017684596715625542,-2.62,0.17,0.23338292185335233,-2.8092103921382714,-0.3286410658871431,-5.61,0.16,0.22620253803352416,-5.910202868622197,-0.8806528261032763,58.0,3.0,5.830951894845301,63.655003088305875,-0.47028029306983804,-5.65561055644003,-12.160253662651739,-0.8846193951953047,0,0
G045.80-00.35,G045.80-0.35,45.804085794663436,-0.3558613706076123,0.13699999999999998,0.023,4.967404813503121,3.351498114135005,-0.0399008858641751,-2.52,0.17,0.22819865847734117,-2.8742403604440345,-1.204869227448738,-6.08,0.27,0.30995907428378056,-5.9551607313049795,-0.08110800622598643,64.0,5.0,7.0710678118654755,60.31744705205414,-0.13561196214424728,1.9614331438332195,-1.7954207511879474,-12.228603503154533,0,0
G046.25-01.47,G046.26-1.48,46.2560677409915,-1.4765490403291517,0.121,0.015,5.795638733069287,2.6345964148148693,-0.20400221437388674,-3.04,0.22,0.25627083136274875,-2.977780297224815,-0.02947321505913288,-5.84,0.28,0.30931333467433053,-5.993248317720148,-0.12273379121656294,28.0,10.0,11.180339887498949,47.12855494040765,-1.463606456432776,7.783367248665828,-24.087522931177432,5.329070236618659,0,0
G048.60+00.02,G048.61+0.01,48.60614182320978,0.02304040594740876,0.09300000000000001,0.005,8.020370231996047,1.1119794524945013,0.006421695192289651,-2.89,0.13,0.16319583200695872,-2.7450149863771673,-0.3946372773654442,-5.5,0.13,0.16319583200695872,-5.490685796850423,-0.0016287082295499094,18.0,5.0,7.0710678118654755,-0.8565626546173158,-3.5556995514750844,-4.892733727901468,11.860202941984339,6.263807867966883,0,0
G048.99-00.29,G048.99-0.30,48.990016161571475,-0.29892431112746737,0.17800000000000002,0.017,4.164610453924408,4.559871421993257,-0.024974141497384732,-2.2,0.48,0.51664585063676,-2.7069070337335455,-0.4813275803138088,-5.84,0.63,0.6583486424229804,-5.691816949526987,-0.025331165791320585,67.0,10.0,11.180339887498949,57.58271589511441,-0.35474095964852304,1.3870098277218217,4.3075647858076715,-13.574880357148464,0,0
G049.04-01.07,G049.04-1.07,49.04295089743425,-1.07875983785717,0.16399999999999998,0.022000000000000002,4.4493370697131205,4.319556769329101,-0.10723474025313479,-3.23,0.23,0.2914432869560645,-2.8060454439808398,-1.0580361468161228,-6.42,0.43,0.46576731262697574,-5.755644337437681,-1.0172630573848034,38.0,5.0,7.0710678118654755,56.42819159398252,-3.395982454245279,27.90211070590487,-21.416594517151086,1.9637596527904868,0,0
G049.19-00.33,G049.19-0.34,49.19012136303167,-0.3367997694748615,0.19699999999999998,0.008,3.829392468874338,4.874791779067091,-0.025763159094752172,-3.08,0.4,0.4510643586225952,-2.6189119069502644,-0.5224693216647053,-5.5,0.4,0.4510643586225952,-5.575583674050972,-0.01403941389004686,67.0,5.0,7.0710678118654755,57.22196804308964,-0.9560990895036025,8.534628559406944,4.700274916730223,10.540902182178591,0,0
G049.26+00.31,G049.26+0.31,49.26516263412598,0.3111684123493835,0.113,0.016,6.456280930470099,2.6212130731440615,0.04916092721882969,-2.73,0.15,0.19448248563882012,-2.900421084473056,-0.3839331928487472,-5.85,0.19,0.22676736365767863,-5.86883735212149,-0.0034502345052234876,0.0,5.0,7.0710678118654755,29.76984585847396,-8.862437224372991,14.568898092078856,-33.204977166820385,-5.8688553118417195,0,1
G049.34+00.41,G049.34+0.41,49.3492037302176,0.4125450895850877,0.24100000000000002,0.031,3.050220229149181,5.562289043259545,0.03326272868151817,-2.36,0.26,0.36935710832255403,-2.3179086546389738,-0.00649325854795453,-5.59,0.33,0.421574042688113,-5.2783706501528265,-0.2732115068520285,68.0,5.0,7.0710678118654755,52.93515126165937,-2.2694966750908323,13.057530822887518,8.624336294806199,-1.9822040736493545,0,0
G049.48-00.38,W51M,49.488453801909856,-0.3880043314490998,0.185,0.01,4.0857689105865544,4.690391984997757,-0.03249787949163572,-2.64,0.2,0.28021200896598575,-2.694686160352666,-0.019043702132035406,-5.11,0.2,0.28021200896598575,-5.662488543230979,-1.9437619216587314,58.0,4.0,6.4031242374328485,56.46035911572756,-0.028908464055161114,-8.617300247656157,-3.510292683068656,5.4227509887030925,0,0
G049.59-00.24,G049.59-0.24,49.59936101332457,-0.24953430172254354,0.218,0.009000000000000001,3.4814048021947728,5.218404130379289,-0.015757112222408273,-2.25,0.24,0.3329113008699466,-2.5108972422503277,-0.30708026435429264,-6.12,0.25,0.34019102611168345,-5.447523799905046,-1.9537911372579226,63.0,5.0,7.0710678118654755,55.22635432983835,-0.6042956700522294,15.445932317149255,1.5133945626203908,-11.912855654802325,0,0
G052.10+01.04,G052.10+1.04,52.10051753542083,1.0427643128815771,0.165,0.013000000000000001,4.72361713444287,4.5041064845812135,0.11283550421986967,-2.77,1.4,1.411040431477545,-2.7767088631367587,-1.1302875726397187e-05,-5.85,1.4,1.411040431477545,-5.812135144286406,-0.0003600507340983052,42.0,40.0,40.311288741492746,46.964801726973924,-0.00758438651943485,6.034439912316108,-9.738370580382368,-0.765921122178792,0,0
G054.10-00.08,G054.10-0.08,54.109868434719026,-0.08126041992041072,0.231,0.031,3.389141624073089,5.72892713013394,-0.001447278316445008,-3.13,0.58,0.632430403710504,-2.555300404589571,-0.4128823393142866,-5.57,0.61,0.6600516764143782,-5.478347619871689,-0.009640545813999925,40.0,5.0,7.0710678118654755,44.77926635301317,-0.22841386873043806,11.070628831628555,-10.370404066668184,9.112787992070428,0,0
G055.37+00.18,IRAS19312,55.37072374786133,0.18554369847933413,0.263,0.05,2.93028477002149,6.157674302264836,0.016232772188814415,-2.61,1.0,1.0429392161475015,-2.425584402545513,-0.015633179278808997,-6.73,1.0,1.0429392161475015,-5.375149953321131,-0.8437901858163117,36.0,7.0,8.602325267042627,40.17528604613909,-0.11779063221002578,25.023483550217104,-12.507696020319798,-8.371229977541944,0,0
G056.09+02.09,K3-35,56.09606157555446,2.093703472898855,0.26,0.04,3.051845328705417,6.130195617827092,0.1391296220211739,-3.34,0.1,0.303595481245999,-2.3856320056673477,-4.9409576424565635,-5.93,0.07,0.29507662773081456,-5.463117544458118,-1.2517439184343477,26.0,5.0,7.0710678118654755,39.382825827125174,-1.7910002711916857,17.629052439059343,-20.579961866585567,10.259774228760145,0,1
G058.77+00.64,G058.77+0.64,58.774782840801315,0.6441243423890506,0.299,0.04,2.7641685679199406,6.505630377574929,0.041250572647259044,-2.7,0.34,0.4712312121051032,-2.4351843559427016,-0.15790256428802804,-6.1,0.38,0.5008581188940086,-5.406029723905157,-0.9598918555218676,33.0,3.0,5.830951894845301,33.18185567233846,-0.00048634537590694707,15.559859003018873,-6.748444187637517,-1.6981636672961995,0,0
G059.47-00.18,G059.47-0.18,59.47786832029194,-0.18574369789614975,0.535,0.024,1.6037188925023513,7.235869618229341,-0.0008245805097162311,-1.83,1.22,1.3451324289423687,-1.9625882200395197,-0.004857913742534857,-6.6,1.21,1.336069328812093,-5.243609563521986,-0.515325286939724,26.0,3.0,5.830951894845301,23.209782104412568,-0.11448993977729938,14.60314160894084,-5.384604085146832,-6.993206066556527,0,0
G059.78+00.06,G059.78+0.06,59.78279539322432,0.06462548893528905,0.46299999999999997,0.02,1.8594427753636373,7.098391067191678,0.0075874878421994234,-1.5,0.53,0.7219145453871894,-2.1126969573137195,-0.3601553472117568,-5.12,0.51,0.7073617255984327,-5.267624555940012,-0.021777303253178188,23.0,5.0,7.0710678118654755,25.3779238552823,-0.05654521861520641,-0.4570775812284519,-6.086899219370935,-4.671457825240513,0,0
G059.83+00.67,G059.83+0.67,59.83284558256524,0.6720377042899001,0.242,0.013999999999999999,3.5487238414705082,6.11864048504196,0.05292577247370103,-2.91,0.26,0.3655425124258109,-2.673770214048194,-0.20881588457091213,-6.12,0.26,0.3655425124258109,-5.551632127978416,-1.2087966862673845,34.0,3.0,5.830951894845301,32.756339656401124,-0.02274545662118344,16.334768808971052,-3.7295944580780263,-1.4646952665219857,0,0
G060.57-00.18,G060.57-0.18,60.575485462035,-0.1866045916230899,0.121,0.015,6.989736037696059,4.238927545233354,-0.022054997567310428,-3.26,0.15,0.19943605242622106,-2.8569265663426684,-2.0423539786178178,-5.66,0.15,0.19943605242622106,-5.343769284814959,-1.2571027204974499,4.0,5.0,7.0710678118654755,-1.8128093862474246,-0.3378875296084616,17.386089110105225,8.9876035682762,7.193987208750953,0,0
G069.54-00.97,ON1,69.54015475880628,-0.9755753368750332,0.406,0.013000000000000001,2.302638928338087,7.322310684001162,-0.036462226868013106,-3.19,0.4,0.5866260326506699,-2.649609710951377,-0.42428962570436457,-5.22,0.4,0.5866260326506699,-5.34107472193721,-0.0212987591018087,12.0,5.0,7.0710678118654755,15.45232477438796,-0.11918546347852883,6.516729869078749,-8.447512117044539,6.103082874457962,0,0
G070.18+01.74,G070.18+1.74,70.18112987671326,1.7402339351279177,0.156,0.016,5.906011236297213,6.052727640800332,0.1958705639484716,-2.82,0.16,0.23195108778516324,-2.8831842351933035,-0.03710177122377348,-5.17,0.19,0.2535770240473701,-5.1029064162958795,-0.03500355728018478,-23.0,5.0,7.0710678118654755,-9.130194000072242,-1.92371518475632,10.807802906491249,-17.232509154075302,-3.071980449112949,0,0
G071.31+00.82,IRAS20056+3350,71.31267658176284,0.8288975030782504,0.213,0.027999999999999997,4.30295052625803,6.7259058980046875,0.07104154998643737,-2.62,0.7,0.7374991545254598,-2.9513213361493453,-0.1009126843817332,-5.65,0.6,0.6433544924268175,-5.266954886916165,-0.17724303598683816,9.0,5.0,7.0710678118654755,4.852002970101818,-0.17205879360044138,6.403754767518872,-0.07072974301709678,-10.403342701232212,0,0
G071.52-00.38,G071.52-0.38,71.52200000846027,-0.3852512949367999,0.27699999999999997,0.026000000000000002,3.36562323214727,7.056694609897096,-0.01847257173077048,-2.48,0.29,0.4152625846958693,-2.9263094061555264,-0.5775591632146073,-4.97,0.3,0.4223067774122196,-5.296813292134124,-0.29944242101584384,11.0,3.0,5.830951894845301,10.415598214910117,-0.005022433035532961,-4.287172375291264,-5.4932847050109785,-3.231226714141034,0,0
G074.03-01.71,G074.04-1.71,74.03418534001557,-1.7140695758068842,0.629,0.017,1.5255977759930996,7.744923523372557,-0.04194025753451592,-3.79,1.3,1.4599427308062674,-2.3886858767250425,-0.460648183011925,-4.88,1.5,1.6405586783879633,-5.296549727665681,-0.03223444350645649,5.0,5.0,7.0710678118654755,9.152933265280755,-0.1724685470587547,7.625657683632643,-9.10883884064495,10.54048043297683,0,0
G075.29+01.32,G075.30+1.32,75.29661759400169,1.3238331091670008,0.10800000000000001,0.01,8.805141062560978,5.870667523633194,0.21587449410209777,-2.37,0.11,0.15974173124839613,-2.5645438046042854,-0.7415971298893012,-4.48,0.17,0.20571198482887385,-4.073352871286867,-1.9538275791215987,-58.0,5.0,7.0710678118654755,-56.89626025510078,-0.012182414244702003,12.319275409208762,1.0531427746544466,-16.790527551961585,0,0
G075.76+00.33,G075.76+0.34,75.76094109745675,0.3398843021248017,0.285,0.022000000000000002,3.3613194293188906,7.328363818624887,0.02614461997989552,-3.08,0.6,0.6726837724534896,-2.97129452220021,-0.013057227190221508,-4.56,0.6,0.6726837724534896,-5.133089774774767,-0.3629053925958966,-9.0,9.0,10.295630140987,2.931002398042522,-0.6714566897268699,-0.005212861968192293,-17.973404476204053,6.76895591592496,0,0
G075.78+00.34,ON2N,75.78202617063077,0.34272075498874843,0.261,0.03,3.620714990812129,7.263955274465587,0.027915166855430152,-2.79,0.55,0.6182546327644569,-2.9960323902262074,-0.055527260483584126,-4.66,0.55,0.6182546327644569,-5.1053110522956064,-0.2593953544219041,1.0,5.0,7.0710678118654755,1.1963893292637726,-0.00038568768648674485,-3.873067643299855,-7.005387745413231,1.4984349658333684,0,0
G076.38-00.61,G076.38-0.62,76.38087891296179,-0.6177468789150884,0.77,0.053,1.2503763271967199,7.878432443285169,-0.008282573409257792,-3.73,3.0,3.1099901423642007,-2.1489981823962183,-0.1292161264298518,-3.84,3.0,3.1099901423642007,-5.302400193841929,-0.11055654327212247,-2.0,5.0,7.0710678118654755,6.676556159434811,-0.7528262678782613,2.1229657747423905,-13.364539354121804,13.126606311824393,0,0
G078.88+00.70,AFGL2591,78.88664662758207,0.7089349067223036,0.3,0.024,3.229743773496512,7.54690043331133,0.04642773649411076,-1.2,0.72,0.7880809074554352,-2.993851179616984,-2.5906050817892052,-4.8,0.66,0.7336698962720103,-4.985118815025134,-0.03183242528480099,-6.0,7.0,8.602325267042627,-1.4838681649814311,-0.13780707264370395,-13.026127845634976,-13.068659136408426,-21.019708247883592,0,0
G079.73+00.99,IRAS20290+4052,79.7357033468796,0.9904481658389028,0.737,0.062,1.3165559553021602,7.942934127817653,0.02877571992198319,-2.84,0.79,1.115956726514423,-2.241490282858924,-0.14381947776178794,-4.14,1.06,1.3209312682546306,-5.164600989027189,-0.300828587512041,-3.0,5.0,7.0710678118654755,4.1959097117142505,-0.5178111657914346,1.3177703009562038,-12.256294101689607,6.774991312463095,0,0
G079.87+01.17,G079.88+1.18,79.8768617101513,1.176948051856514,0.62,0.027000000000000003,1.58147752124432,7.8989754205196885,0.038664088706816015,-3.23,1.3,1.456324162372404,-2.464906258700239,-0.13800130483215003,-5.19,1.3,1.456324162372404,-5.118980574287967,-0.0011890721473455084,-5.0,10.0,11.180339887498949,3.903997371461053,-0.3171246767639413,8.492625717349032,-13.89703423838597,4.2051128807737586,0,0
G080.79-01.92,NMLCyg,80.798358751203,-1.9209984018541382,0.62,0.047,1.5733821945373525,7.926521361728632,-0.047782473975063286,-1.55,0.57,0.8731076113715442,-2.591247091363911,-0.711118633078906,-4.59,0.57,0.8731076113715442,-5.037280446476603,-0.13121826206969037,-3.0,3.0,5.830951894845301,3.1010121758088145,-0.5473874936671677,-2.9024701962390953,-11.483475331057177,-3.821362448530984,0,0
G080.86+00.38,DR20,80.86148060638195,0.3832986489012765,0.687,0.038,1.4284069812521982,7.951576332265343,0.015348150811391011,-3.29,0.73,1.0316822861736263,-2.3952917220138747,-0.37604599503325836,-4.83,0.77,1.060362362404683,-5.0857653243146315,-0.029090067203769852,-3.0,5.0,7.0710678118654755,3.235284512305201,-0.38878772949393103,6.857489252317732,-11.219636780730779,5.906999479577572,0,0
G081.75+00.59,DR21A,81.75231069833808,0.5907472014271133,0.6659999999999999,0.035,1.4777721534739785,7.967145168798779,0.021084729747110856,-2.84,0.45,0.8374897471450227,-2.4498361798021104,-0.10851880338313187,-3.8,0.47,0.8484038404987533,-5.032205653578147,-1.054705345028872,-3.0,3.0,5.830951894845301,2.4200946621611314,-0.4320209727468764,-0.5838979508722365,-10.687465111417481,7.444753228527577,0,0
G081.87+00.78,W75N,81.87126092276698,0.7806425959270948,0.772,0.042,1.2746987285975264,7.99928071752667,0.023220667432919066,-1.97,0.5,0.9596116694298891,-2.249027123858813,-0.042273850594902025,-4.16,0.51,0.9648598634548018,-5.06355208520761,-0.4384781004230064,7.0,3.0,5.830951894845301,2.6083477843527163,-0.2836266056352897,-1.0526094330976254,-0.7117620333991965,2.059595434971519,0,0
G090.21+02.32,G090.21+2.32,90.21041884652507,2.3243263294043786,1.483,0.038,0.6728624408865153,8.183814494293236,0.03301086536185611,-0.67,1.56,2.210591373073825,-0.9613657686407255,-0.008686205836489313,-0.9,1.67,2.289544543945022,-4.587389525054657,-1.296910018000002,-3.0,5.0,7.0710678118654755,-1.004496333291293,-0.03982034883847894,-4.7717569488405776,-8.069709688570782,7.018472638120887,0,0
G090.92+01.48,G090.92+1.48,90.92149156847276,1.4866391508876282,0.171,0.031,5.504484967008347,8.269800929925703,0.1494541933768493,-2.96,0.2,0.2769154744083495,-2.9270848510206884,-0.007064268600601375,-2.61,0.28,0.3392376452677404,-3.5265274137374294,-3.649663659371719,-70.0,5.0,7.0710678118654755,-45.76685178540435,-5.872454723905603,4.4690049325700905,-34.919798509745505,16.248070474849165,0,1
G092.67+03.07,G092.69+3.08,92.67110261250687,3.0711369069780137,0.613,0.02,1.623744116664944,8.257056147073579,0.09312510231599243,-0.69,1.42,1.560838980012815,-2.6672119782407413,-0.8023433639657539,-2.25,1.42,1.560838980012815,-4.194289979164292,-0.7758466245973715,-5.0,10.0,11.180339887498949,-7.577364250031298,-0.02657122590935758,-16.951066651176802,-7.531876529901383,-0.8765429565448652,0,0
G094.60-01.79,AFGL2789,94.60251907932413,-1.7961221860465215,0.221,0.013000000000000001,4.477330300571358,8.541891264053275,-0.134265380509655,-3.49,0.23,0.32861029763709493,-3.0944540388345696,-0.7244385882506881,-2.65,0.23,0.32861029763709493,-3.326226601918093,-2.11734764177234,-43.0,3.0,5.830951894845301,-39.336006983068465,-0.1974241886488684,3.4450183057526,-9.341655776452429,16.490432052217955,0,0
G095.29-00.93,G095.29-0.93,95.29640928036793,-0.9369260916592836,0.20600000000000002,0.015,4.782819029632334,8.62480020315923,-0.07185386331177884,-2.74,0.3,0.3717603784241434,-3.0313019055952672,-0.3069943993596362,-2.85,0.37,0.4302392113302346,-3.1929659454201724,-0.3177254658794807,-38.0,5.0,7.0710678118654755,-44.072183061317,-0.3687140713014507,-7.3643362322121195,-5.6605277722556755,1.3855944563736442,0,0
G097.53+03.18,G097.53+3.18,97.53059757689884,3.183713765506176,0.133,0.017,7.213889786987439,9.13474000014876,0.4122174916980612,-2.94,0.29,0.32410674416885593,-2.544534178746879,-0.7444092788163493,-2.48,0.29,0.32410674416885593,-2.4841061426494355,-8.025312155292497e-05,-73.0,5.0,7.0710678118654755,-75.45613564574049,-0.060326023102770444,9.97902003551448,3.490107984913521,9.521596951873217,0,0
G100.37-03.57,G100.37-3.57,100.37795140467924,-3.57843805063198,0.289,0.016,3.3764294156568133,8.799849146166645,-0.2080812903987934,-3.66,0.6,0.6738339815380638,-3.128542976614774,-0.31102871667108967,-3.02,0.6,0.6738339815380638,-2.919023804407081,-0.011227994598141049,-37.0,10.0,11.180339887498949,-33.91936577199043,-0.037961228987136525,12.851421374776796,-3.205019969986012,3.656830739422405,0,0
G105.41+09.87,G105.42+9.88,105.4153407995665,9.87819014043937,1.129,0.063,0.836015298535498,8.411783786148735,0.15690030709572278,-0.21,1.2,1.6957701056261714,-1.4348656485725986,-0.26086328833502603,-5.49,1.2,1.6957701056261714,-2.6570658942547265,-1.395433035789216,-10.0,5.0,7.0710678118654755,-8.81331157325623,-0.014082294221676023,7.806836421779617,-2.6824123405047833,-12.27075626339861,0,0
G107.29+05.63,IRAS22198+6336,107.29814849705512,5.639738909923124,1.288,0.107,0.7277699236537913,8.407963866348682,0.08113570726137725,-2.47,1.4,1.9637129007353964,-1.0416535411251164,-0.2645337830146528,0.26,1.4,1.9637129007353964,-2.662733484994001,-1.10762423143088,-11.0,5.0,7.0710678118654755,-8.51561575264669,-0.0617216508849727,4.4887735300671885,-8.884280534877092,11.424202601892373,0,0
G108.18+05.51,G108.18+5.51,108.18440412713686,5.5187141741030175,1.092,0.018000000000000002,0.8654978845536835,8.465606972944355,0.09394522639750537,0.26,1.15,1.6280505943767096,-1.5225306200373543,-0.5993882259165126,-2.26,1.2,1.6637453945391878,-2.5295704706053863,-0.013126257068515904,-11.0,3.0,5.830951894845301,-10.468954366295065,-0.004147198015839345,-2.0616494103073117,-8.139533716687907,-3.0644220811017195,0,0
G108.20+00.58,G108.20+0.58,108.2075792542506,0.5885686601049679,0.22699999999999998,0.037000000000000005,3.9830378634248325,9.491474446479994,0.05022836480006972,-2.25,0.5,0.5597061707254098,-2.801727408882026,-0.48584633766637525,-1.0,0.5,0.5597061707254098,-1.8333716076618372,-1.1084783492449468,-49.0,10.0,11.180339887498949,-50.72273520657667,-0.011871266367915079,-9.649249361073934,-15.074061570873852,9.858202188314424,0,0
G108.42+00.89,IRAS22480+6002,108.42546195100171,0.8938797786704659,0.4,0.05,2.30173207449476,8.948158559522437,0.044351140611253434,-2.58,0.6,0.7409183444294392,-2.876023199157962,-0.07981431756341698,-1.91,0.5,0.6625405595977208,-2.1704525991010595,-0.07726849535599896,-51.0,5.0,7.0710678118654755,-28.857921311445658,-4.902716486501323,12.76914729274961,-25.98081364219516,0.7919056377947626,0,1
G108.47-02.81,G108.48-2.80,108.47140082934065,-2.81828263849846,0.309,0.01,3.0594400830119275,9.203437393648366,-0.15198844030755457,-3.13,0.49,0.5888687764624104,-2.891070239810926,-0.08231395024882526,-2.79,0.46,0.5641510754153858,-2.040873950714153,-0.8816352816865387,-54.0,5.0,7.0710678118654755,-38.88970159368462,-2.283211179278971,20.16441029959761,-12.604860756872457,-8.238588239005669,0,0
G109.87+02.11,G109.87+2.11,109.87114054361916,2.1142331144652298,1.228,0.024,0.764736238107715,8.457738369126798,0.03592135071830819,-1.03,1.3,1.8358058719513626,-1.1310685809198717,-0.0015154751899984391,-2.62,1.33,1.8571707513018567,-2.6281160167113526,-9.548874794999498e-06,-7.0,5.0,7.0710678118654755,-10.012428949547381,-0.09074728176071137,2.822039818937666,-2.4106319050897302,-0.026343348381985262,0,0
G111.25-00.76,G111.25-0.77,111.2556473204034,-0.7697600325004578,0.28,0.015,3.309292786688422,9.468679934329577,-0.040683421009057114,-2.69,0.28,0.40818846110085644,-2.745260174106824,-0.00916374625002289,-1.75,0.33,0.44397952630260484,-1.615615216943588,-0.04580831387454351,-40.0,3.0,5.830951894845301,-44.967610368983976,-0.3628993055593694,1.1902531476979508,-1.2667506507601445,-2.5105280810339554,0,0
G115.05-00.04,PZCas,115.05817049311926,-0.04780508349368345,0.35600000000000004,0.04,2.4834049777012814,9.34246470741371,0.004510586704057346,-3.7,0.78,0.8697282306041215,-2.573163954360591,-0.8393137382957175,-2.0,0.81,0.8967313951846316,-1.3300764971352983,-0.27905877479323654,-36.0,5.0,7.0710678118654755,-36.87204309665406,-0.007604591624220028,16.444712726307436,6.206789635820143,-4.6446548700292585,0,0
G121.29+00.65,L1287,121.29772769898064,0.6586746380665055,1.077,0.039,0.7912645288820461,8.66240912689945,0.01669218935278663,-0.86,1.19,1.6472012532729305,-0.795781610138671,-0.0007599683415131469,-2.29,1.23,1.6763269277751023,-1.8259750547986733,-0.03831203473807752,-23.0,5.0,7.0710678118654755,-14.805048357627028,-0.6715723242083147,9.609701837936562,-11.318330575176391,-2.116159064767068,0,0
G122.01-07.08,IRAS00420+5530,122.01613080261144,-7.080364464508809,0.46,0.02,1.8223836311042951,9.320980640730243,-0.2602832478483655,-3.7,0.5,0.6979828623245308,-1.9592394510073166,-3.1099868791792695,-1.25,0.5,0.6979828623245308,-1.2988416753848648,-0.0024482828541586344,-50.0,5.0,7.0710678118654755,-31.403527736355645,-3.4582878065249374,30.00099496848301,-6.185314055280856,3.2197432970132978,0,0
G123.06-06.30,NGC281,123.06687111330831,-6.307458387127732,0.355,0.03,2.3138336071065075,9.687999428357882,-0.2981721144139159,-2.79,0.62,0.7270344124883882,-1.9534081865735697,-0.6620446644467247,-2.14,0.7,0.7963535878881539,-0.9923694168208477,-1.038394427067666,-30.0,5.0,7.0710678118654755,-39.57444805487159,-0.9167005555543434,6.2723533789230785,8.370811993788664,-16.11571632936608,0,0
G123.06-06.30,NGC281W,123.065712860949,-6.309503596002619,0.42100000000000004,0.022000000000000002,1.9679036816863409,9.462692866441987,-0.2528405911201258,-2.69,0.31,0.5435322096940636,-1.9181933752687454,-1.0081761919678325,-1.77,0.29,0.5323788716458528,-1.1168773739368276,-0.7525196415445289,-29.0,3.0,5.830951894845301,-34.3045521926958,-0.4137981465446153,7.394039093842631,4.2555740202393215,-7.887761824142396,0,0
G133.94+01.06,W3OH,133.94727176505737,1.0643603638741193,0.512,0.01,1.4048887043135203,9.535531719790342,0.04299900924062214,-1.2,0.32,0.6280748996266425,-0.841015606979138,-0.16334214892561225,-0.15,0.32,0.6280748996266425,-0.5349986736345821,-0.18787353009937705,-47.0,3.0,5.830951894845301,-30.060197445781007,-4.219954567293005,20.54861080801677,-11.890949736765096,1.7969860236492554,0,1
G134.62-02.19,SPer,134.62067979354038,-2.1949947866937314,0.413,0.017,1.7163748481337309,9.875206951034862,-0.08539412389782493,-0.49,0.5,0.664108893238068,-0.9379595275562332,-0.22749348731528413,-1.19,0.48,0.6491845824400727,-0.5439404620661564,-0.49519778669810804,-39.0,5.0,7.0710678118654755,-35.560943878435104,-0.11827107007272983,3.108548138301713,-13.088257013325405,-5.025608693521471,0,0
G135.27+02.79,G135.27+2.79,135.27736804841592,2.7977111744013468,0.16699999999999998,0.011000000000000001,4.172654865856577,12.394463910524006,0.29894961135088066,-1.22,0.3,0.3486580778141382,-0.7226918818858168,-1.0172358064190676,0.46,0.36,0.40145043931355917,0.1567402691925997,-0.28532223650028654,-72.0,3.0,5.830951894845301,-68.41586229187874,-0.18891239868789306,14.905515466529415,8.045265271695941,1.7089247232608686,0,0
G160.14+03.15,G160.14+3.16,160.1459561384659,3.1565872797446364,0.244,0.006,1.3880798797503575,12.025472742590345,0.23384662656918254,0.87,0.35,0.4346187523370405,0.22288365372915714,-1.108454379178324,-1.32,0.29,0.3879348655161144,-0.8419494567838262,-0.7592765893180373,-18.0,5.0,7.0710678118654755,-31.201305055574732,-1.7427445517034295,-11.614789012778836,-16.615322002706705,4.9892560925029406,0,0
G168.06+00.82,G168.06+0.82,168.06255332305662,0.821792774472923,0.187,0.022000000000000002,1.0769594833792537,13.275406424773664,0.08392755692521353,0.44,0.29,0.3537347486893265,0.24272500008565862,-0.15551012107547962,-0.78,0.35,0.40438629110084945,-0.8906062763459288,-0.03740560633735746,-25.0,5.0,7.0710678118654755,-23.819089089974696,-0.013945505774167912,5.608460027874247,-5.701702727487287,5.5335013419965655,0,0
G170.65-00.24,IRAS05168+3634,170.65992509395934,-0.2471586354095883,0.532,0.075,0.2938142178818524,9.967739884507592,-0.0009571391817169966,0.23,1.2,1.3339534122433216,0.4265777374833746,-0.010858187685150024,-3.14,0.6,0.8363203369735792,-2.2622984952230807,-0.5507041822954316,-19.0,5.0,7.0710678118654755,-11.4071541674698,-0.5765130783657122,11.277748557295256,-11.167546138546186,-5.661481306082759,0,0
G173.48+02.44,G173.48+2.44,173.48170012167827,2.446150239406822,0.594,0.013999999999999999,0.19071402140118004,9.850555041424403,0.07852778316638115,0.62,0.63,0.8889877045383243,0.3545895239473028,-0.04456712486342154,-2.34,0.63,0.8889877045383243,-2.4629946591063234,-0.00957086084597148,-13.0,5.0,7.0710678118654755,-9.005184813831072,-0.15958548371645886,8.471916179900674,-5.662712438872036,2.137900655487682,0,0
G174.20-00.07,AFGL5142,174.20078576569145,-0.0705774365495289,0.467,0.02,0.21557779690033715,10.303972405605062,0.0044404379924725,0.32,0.56,0.7469933995855981,0.3619901603014367,-0.001579907063318154,-0.22,0.68,0.840713470228977,-2.0033884187662196,-2.2499137849681654,-2.0,10.0,11.180339887498949,-9.400132053164812,-0.219047817617109,-1.7273210520295357,10.865636317916596,9.554966889593585,0,0
G176.51+00.20,G176.52+0.20,176.5155330804469,0.2008047303915956,1.038,0.021,0.05850414122808124,9.14217789671479,0.009622609077791394,1.84,1.0,1.483445340579708,0.4883560299120633,-0.4150988491179302,-5.86,1.0,1.483445340579708,-4.080841400040735,-0.7192108576509875,-17.0,5.0,7.0710678118654755,-5.84934086187869,-1.2433719921456825,15.011082193485546,-15.73775055233108,0.8134262725190791,0,0
G183.72-03.66,G183.72-3.66,183.72001748339744,-3.664334779789013,0.629,0.012,-0.10284639359242191,9.76351219558742,-0.09488810081149278,0.38,1.3,1.4597219719255359,0.36265348252715346,-7.060806499860231e-05,-1.32,1.3,1.4597219719255359,-2.4587155924310706,-0.30427078086659026,3.0,5.0,7.0710678118654755,-1.691111877728345,-0.2200653064936395,-0.934502277563238,1.9485525110648323,4.333766953098454,0,0
G188.94+00.88,S252,188.94613651904683,0.8859910867416382,0.47600000000000003,0.006,-0.32655573654822767,10.255715944031502,0.03941809823271006,-0.32,0.49,0.7016582428833587,0.06511796787577484,-0.15062820609476854,-1.94,0.49,0.7016582428833587,-1.8445491310343614,-0.009252913755161903,8.0,5.0,7.0710678118654755,3.466296143818687,-0.2055447065555331,-0.2621678256845684,-4.5313353589391445,-3.74030426366774,0,0
G192.16-03.81,G192.16-3.84,192.160922685052,-3.8166167234548873,0.66,0.04,-0.31614827962647984,9.64859639089636,-0.09359239367650082,0.7,0.78,1.0488545850418038,0.1521721671646622,-0.13640416411109252,-1.8,0.86,1.1096377519547604,-2.2265490065086455,-0.07388315390298793,5.0,5.0,7.0710678118654755,3.6496115862347303,-0.01823548868031481,2.6558678933785163,-4.5947023653059205,4.801804446409678,0,0
G192.60-00.04,S255,192.6002643996537,-0.0480346259467824,0.601,0.039,-0.3599677442921222,9.791731989168321,0.005237722047612221,-0.18,0.6,0.8766834103459933,-0.030335150399241617,-0.014572164148993821,-0.43,0.6,0.8766834103459933,-2.0950255215779543,-1.803541820173138,7.0,5.0,7.0710678118654755,4.594074572863143,-0.05788477160943668,-0.1260908204908991,6.365390811673308,5.224014026747803,0,0
G196.45-01.67,S269,196.45392144831814,-1.6772835839025606,0.242,0.011000000000000001,-1.1651135210915238,12.12651797832573,-0.11237689811057937,0.2,0.27,0.3722759162529499,0.014578219710960294,-0.12403995929370619,-0.73,0.27,0.3722759162529499,-0.7929410378659878,-0.014292490815696685,19.0,5.0,7.0710678118654755,18.626333435755182,-0.001396267012345267,4.072410602012157,-5.6936028705567585,3.7530497557459,0,0
G209.00-19.38,Orion,209.0071038179257,-19.385407367876446,2.421,0.019,-0.18889464819735813,8.522172972352786,-0.13130009535458756,3.13,3.06,3.98569860852085,1.0281331801512388,-0.1390501568825347,-1.1,3.71,4.504030794517844,-4.170847835258686,-0.2324255654376692,3.0,5.0,7.0710678118654755,0.9058439758859396,-0.043854894533332085,-0.8262394646821923,-3.796900480803061,5.336383956336771,0,0
G211.59+01.05,G211.60+1.06,211.5928799268676,1.0558432850287698,0.239,0.01,-2.1839873841457016,11.732297417896813,0.08446727212091878,-0.79,0.62,0.6696199753791211,-0.500909059240137,-0.09319275870634841,0.05,0.66,0.7068174526896848,-0.030233487669918374,-0.006442683800326693,45.0,5.0,7.0710678118654755,36.43886577388555,-0.732930192375482,-5.090365744024245,-4.3216318067359225,-4.197754809457885,0,0
G213.70-12.59,G213.70-12.6,213.70489510697948,-12.596933374924088,1.148,0.03,-0.47106544945712586,8.887741949393595,-0.18373072701160686,-1.3,1.2,1.7059192983087799,-0.19511993646058523,-0.20974099038558233,2.2,1.2,1.7059192983087799,-1.031237396426441,-1.7938691981937656,11.0,3.0,5.830951894845301,7.064552714965439,-0.22776096078361616,-6.347592922020085,4.854654647555293,0.9583999236861837,0,0
G217.79+01.05,V838Mon,217.79735918637314,1.0521676307724253,0.163,0.016,-3.689547697841962,12.938250740663431,0.11876627025390045,-0.54,0.23,0.2891131866798314,-0.5673856711650628,-0.004486224276364433,0.08,0.17,0.24410332794160555,0.3782506308680128,-0.7464235714291202,49.0,5.0,7.0710678118654755,54.813991678328534,-0.3380249923567344,12.705418319140987,-10.162123144748618,-3.3189427825034485,0,0
G229.57+00.15,G229.57+0.15,229.57103107365108,0.1511496337363216,0.218,0.012,-3.47087334657332,11.138323932209314,0.019039915887977335,-1.33,0.7,0.7372306112130614,-1.1366484822734515,-0.034392081076863854,0.77,0.7,0.7372306112130614,1.3082428507921964,-0.2665138757860686,47.0,10.0,11.180339887498949,52.22615020205676,-0.10925058373783153,13.228292013875249,-9.192007597628503,-9.196092776997897,0,0
G232.62+00.99,G232.62+1.00,232.6204764855296,0.9956623329523018,0.596,0.035,-1.3240083514519891,9.192869758724589,0.035005723795879996,-2.17,0.38,0.73824645601998,-2.168446938628957,-2.212811899413653e-06,2.09,0.6,0.8721283333466814,1.6384820543107672,-0.1340168003043346,21.0,3.0,5.830951894845301,20.00369614976336,-0.01459737297053459,1.539175931800917,-3.4261230545714056,1.7289491237166432,0,0
G236.81+01.98,G236.81+1.98,236.8158559066961,1.9834377864193748,0.326,0.026000000000000002,-2.533871424172286,9.838396503706413,0.11113358984635652,-2.49,0.43,0.5532818247855353,-1.9745835844072868,-0.43390403538138295,2.67,0.41,0.5378854688853492,2.0324898953695905,-0.7023676917085663,43.0,5.0,7.0710678118654755,36.760958406937554,-0.38925639999963174,-8.075338062823475,-0.6349987413509268,-1.622829804684763,0,0
G239.35-05.06,VYCMa,239.3525543239775,-5.065400957531599,0.855,0.057,-0.9935209891857882,8.770119936062907,-0.09654829477380547,-2.8,0.58,1.0789136636892374,-2.4574222717901013,-0.05040978765907176,2.6,0.58,1.0789136636892374,2.5899841679739883,-4.308942342512409e-05,20.0,3.0,5.830951894845301,12.581575681908777,-0.8093091082830474,-0.6894159693726644,-10.205314537326077,-2.286516626911228,0,0
G240.31+00.07,G240.31+0.07,240.31556192003987,0.07129338852107177,0.187,0.013999999999999999,-4.594861966853325,10.800566153014612,0.013170676541295282,-1.55,0.5,0.5383030418137613,-1.5593916123128932,-0.00015219369096999074,2.57,0.3,0.360236262508299,2.0428937539924004,-1.0705118351081437,68.0,5.0,7.0710678118654755,61.222219562120394,-0.4593830766410346,-7.831702994093282,-0.05470277111868427,6.833493297355912,0,0
G305.20+00.01,G305.20+0.20,305.2001322004253,0.11794341636129108,0.25,0.05,-3.042067702743774,6.035405390862887,0.011265053495711143,-6.9,0.33,0.43493706553809874,-6.320512749310677,-0.8875747427880174,-0.52,0.33,0.43493706553809874,-0.9453324221140531,-0.4781609908674084,-43.0,5.0,7.0710678118654755,-40.73906824980717,-0.0511181237903002,-5.439822239093568,-4.136852293237865,8.271597830275901,0,0
G339.88-01.25,G339.88-1.25,339.8839744426684,-1.258844415155656,0.48,0.08,-0.6804179637262641,6.323652786563207,-0.03927513088827548,-1.6,0.52,0.7446370347193617,-0.9706923525156359,-0.35711390345734334,-1.9,0.52,0.7446370347193617,-2.625619918967381,-0.4747873420456613,-34.0,3.0,5.830951894845301,-19.501278254336235,-3.091366650855637,-7.731358503492082,2.7017815072905482,9.210650767581408,0,0
G348.70-01.04,G348.70-1.04,348.7036894831859,-1.043576662219392,0.29600000000000004,0.026000000000000002,-0.6517402424660321,4.9186179549245095,-0.05736275872970833,-0.73,0.31,0.4433484059559698,-0.5398868062162562,-0.0919399402720812,-2.83,0.59,0.6697445849454099,-1.7350308750201977,-1.336458044462192,-9.0,5.0,7.0710678118654755,-24.170732208826436,-2.301511157519238,13.511314450836373,-24.82742886429719,-7.703815111025692,0,0
G351.44+00.65,G351.45+0.66,351.4449426111547,0.6596624023223397,0.752,0.069,-0.19458521129290277,6.887872936354558,0.019727931175456355,0.31,0.58,0.9932435265977854,-0.37999803475796456,-0.24129827955023467,-2.17,0.9,1.2083595090569716,-2.7998520255640136,-0.13584846543643353,-8.0,3.0,5.830951894845301,-2.491940749448995,-0.44615759864088966,0.014684149961283697,1.5500588823915675,-1.3468272114986366,0,0
G359.61-00.24,G359.61-0.24,359.6146910246702,-0.24315899246129866,0.375,0.021,-0.017819799616338054,5.531306277221921,-0.007475218831095926,1.0,0.4,0.5642699940754267,-0.12384120691079703,-1.9833802988539004,-1.5,0.5,0.6390623022944492,-1.4416725334754688,-0.0041651421824566645,21.0,5.0,7.0710678118654755,3.560789796356758,-3.041260525268545,21.86923726124526,1.6022587535088348,-12.517990270077677,0,0
